seed,budget,rcm_enum,dsmp_cov,dsmp_sys0_platt,dsmp_recal,greedy
42,8.0,1.1825707048178913,0.22290613196952336,1.3083254370905024,1.5538390400935214,1.8306275299778463
42,12.0,2.2666477267472374,0.29316165416065587,1.5724092716207565,2.7999209555016478,2.3000854369802255
42,16.0,2.577423796358147,0.3695253524218174,1.7123122419547485,3.3356478811932107,3.5947858045680334
42,20.0,2.5777379801510563,0.457301773679859,2.427916779675172,4.4576524029899645,4.583306149765292
43,8.0,0.9498746945172911,0.11121528223046084,0.3828012911802148,0.9430745632423623,1.0495667809755957
43,12.0,1.7896238905386213,0.15445114824933626,1.0552012588175046,1.0757968903350559,1.696067944265394
43,16.0,1.997467015298298,0.276817049190754,1.1832656315456234,1.3956045214678738,2.9042648156144537
43,20.0,2.095747425226989,0.3130428399893219,1.2344269797454217,2.0243780362724806,4.23314652205417
44,8.0,0.9968357994748658,0.14768750028031263,1.1308147649664875,2.7104733074955334,2.498918866059398
44,12.0,1.4411516487007248,0.22097333978905453,1.1987614923725118,3.7799100023502774,3.4762500625321024
44,16.0,2.04164555129654,0.3271631933252195,1.9100308028704092,4.1115908529731655,4.386716351094407
44,20.0,3.098992811996027,0.49892650642917147,1.9981507983718814,4.7054102431458205,5.081077387836729
45,8.0,1.165713225544522,0.23736569591841317,1.501027986395144,1.9413279214139152,2.439556273995862
45,12.0,1.9009060674073055,0.2127072796417906,1.7879988089071048,2.6490274945759325,3.3284559936475375
45,16.0,1.865521844483311,0.2915264942996316,2.8910453969318723,3.4198106265003787,3.768242210147264
45,20.0,2.1139057945957234,0.2993191848626111,3.0999187545583027,4.830128879464155,5.409250152992598
46,8.0,1.1190674815676687,0.09588803663243084,0.3011895094623753,0.559823378749627,1.6722468613391754
46,12.0,1.6796460527634736,0.1687243287003355,0.36238154234845865,1.3477426473479568,2.2717684655797825
46,16.0,2.6669484803810235,0.21246463517442749,0.9299850905954372,1.4870609175833067,3.12574754959914
46,20.0,2.8986039340523178,0.2379396962918463,1.0444534471503175,1.9848315046484686,3.8734079088928297
47,8.0,1.4689982808572495,0.06643448474503089,0.5697345403953591,0.8814843749183012,1.3090997885526292
47,12.0,2.052787382740121,0.07140977907187107,0.7322895530630831,2.240781327967568,2.8003114249243595
47,16.0,2.2433748792946915,0.13538095633691682,1.8251671733625017,2.686570451329345,3.0672578413207816
47,20.0,2.3269622759866877,0.15028234937352636,2.4030638343300836,3.844562357474416,3.912837015214137
48,8.0,1.0883244024191185,0.060996421353365804,0.4838101626780258,1.3920539509134926,2.080962169349391
48,12.0,1.8395456999575401,0.148192005150662,0.8720665774669385,1.5937597943150479,2.65885225124228
48,16.0,2.5233543242468386,0.28824647222913313,0.9167264205963477,1.7697124012614154,3.0585763653947424
48,20.0,2.467226324065365,0.37909507583407276,0.9847282562310795,2.6233246678206683,4.885397593343868
49,8.0,1.0358742419477949,0.09152727801102856,0.4671843294969449,1.2408566814382311,1.720827702083426
49,12.0,2.170216320973026,0.14510302299518685,1.4220104695599503,1.908070873727155,3.4398303221798017
49,16.0,2.6284576423508668,0.29193186920187486,2.0734896404988774,3.4378223061236497,4.196195657734478
49,20.0,2.864104110721854,0.4050675368440295,2.375595429113872,3.753137137013283,4.704115002406041
50,8.0,1.2898972391830625,0.10534526398919297,1.9233127724711778,3.1476737513899025,1.8954826925062775
50,12.0,2.2795460704961386,0.24585648591568088,2.595360034166333,4.110247116244238,3.745177118632739
50,16.0,2.5569731452767996,0.5256236661228684,2.925651254010546,4.365806664872849,5.079353893877595
50,20.0,2.5563792043334956,0.6202173582944965,2.730000093773043,5.236121385271332,6.427474743478882
51,8.0,0.9224787828766239,0.0380049691212605,0.4426722607990996,1.3376614206192698,1.5473402930149973
51,12.0,1.3203049474109605,0.028077174708016628,1.0499121251317547,1.5455461430844366,2.3285002489064652
51,16.0,2.2802509281464154,0.06559555925829841,1.3153132461500547,2.3875683652263433,2.7519580771869414
51,20.0,2.304788672021232,0.1581685257594927,1.513977333920792,2.80907632349863,3.200032854545043
52,8.0,1.01882433268932,0.1508207474333858,0.2416056036124985,1.1884940814001936,2.0346566316576116
52,12.0,2.0262724456647447,0.26961140841478937,1.001378379187429,1.9374814982594444,3.296193014226901
52,16.0,1.9199806958343402,0.447176345504829,1.2121265622805595,2.4030365197603487,3.3269260635863134
52,20.0,2.076625705080204,0.5066525190972584,1.6724957702185748,3.8317976468281643,3.6750242160139805
53,8.0,1.054920744057199,0.06610632163366859,0.3612461986639346,0.5227238884797032,1.722222139090178
53,12.0,2.318735562907193,0.27277654567043896,1.2200726693428123,1.4439378724518974,2.8415037315395466
53,16.0,2.593594295519722,0.3315548133095092,1.8814759859447747,2.2359729196612363,3.335669549544207
53,20.0,2.5934119320280047,0.3895948659599071,2.9721688901477705,3.410444414411586,4.61967709334732
54,8.0,0.9635043647960515,0.10483569824626215,0.5473614517554779,1.3552133690564858,1.1022854696621494
54,12.0,1.8299228787012396,0.18843328352829758,1.2237241322889076,2.222972063370662,1.6108138239405037
54,16.0,2.868175569443906,0.2945573516427089,1.2345412903629835,3.5256522744277845,2.1107142449453136
54,20.0,2.805138100906248,0.23924384108238428,1.4724555803363444,3.6453987806091277,2.6531551883196585
55,8.0,0.9881443360715707,0.06918283016622695,1.0297667595295081,1.3882012623012656,2.298693339974136
55,12.0,1.8591932393898674,0.12142533494170493,1.291814618757428,1.8901643315862486,3.320507088532082
55,16.0,2.995768720309627,0.21888945926156111,1.4017153399793756,2.2278261788414113,4.023387458896991
55,20.0,3.5186145246018725,0.28988131964601394,1.4299038333521423,3.3961266244124886,4.483929023511507
56,8.0,0.6876164933745201,0.1783951655741305,0.33118118004392727,0.5869935031672355,1.249218933372532
56,12.0,1.3772018910237023,0.22499784084297403,1.0425007842637797,0.7902609088600911,1.8297643410444095
56,16.0,2.2203679286559748,0.3100577655048369,1.908924621493611,2.3136425034152808,2.339823130434212
56,20.0,2.3669915835783115,0.2220117503484289,2.0029423431939506,3.5980970671516843,3.3108687025856796
57,8.0,0.7632174055861469,0.08071673002766033,1.3380750403098318,2.486137962633336,1.592703062857879
57,12.0,1.7017901686433845,0.21746418736893247,1.755680169873699,2.7160357830830435,2.979494845078534
57,16.0,1.9621268910925664,0.27558298938231474,1.7882579566722256,3.086435507849046,3.9987652660227013
57,20.0,2.256597085135212,0.31453792487943133,2.6660863613102492,3.452259212800328,4.752910059413267
58,8.0,1.1819981429833888,0.10576715441729334,1.2558482777076563,2.3404183739866653,1.9945088776524358
58,12.0,2.361090128010659,0.33875855565298707,1.8914026060754452,3.4067947479147733,2.5086750740471473
58,16.0,2.516371682568547,0.4521873059200061,2.0556367259344484,4.232372797437165,3.532689683208247
58,20.0,2.6761924121307175,0.6333013120708983,1.9535077128108753,4.4639404054734655,5.11012706805613
59,8.0,1.118064161012569,0.11600725997988093,1.149796429816206,2.4538480915101104,2.02445976331083
59,12.0,1.3273554655915518,0.1184761555238083,1.2359589906718895,2.6908104223933265,3.350237290270684
59,16.0,2.052088357515146,0.13859515322758398,1.2064934034312387,2.9992823234238415,4.86934400546869
59,20.0,2.5358446083187403,0.22424637323905472,1.7432288079740204,4.12945098541374,5.745079525386416
60,8.0,1.1883820954430462,0.12675637873127243,0.548344218601045,1.1004606300473654,1.2611469155737325
60,12.0,1.9561197265279588,0.19366768334137419,0.605837439300899,1.6765075846307695,2.115066400756973
60,16.0,1.9056535992570502,0.2941059609888441,0.9211405687090348,2.242954308807043,3.217596923073927
60,20.0,2.268527772442752,0.41319441099494725,1.5825940249479231,2.3483949711304035,4.073365028879607
61,8.0,1.3004663354087995,0.1071186593028699,0.40044318924287836,0.8777613125825781,1.3295095695361852
61,12.0,2.305474139768137,0.29382566228341034,0.6468481495878677,1.612914191720165,1.3786813023265552
61,16.0,2.204450523816348,0.3171138898962056,1.306282364879877,2.3617355647957083,2.811243060600617
61,20.0,2.51625843214552,0.3304106674872287,1.717277654924203,2.7433028645127138,3.1245076104283385
62,8.0,1.0129426242365582,0.21627743612964423,0.6086707173968193,1.4884961973032773,2.2788149760191345
62,12.0,1.7031279905259282,0.33371061141173186,0.9475399043277264,2.142195514594505,3.1157368465256354
62,16.0,2.2604549636607487,0.4712812594651439,1.0494966020282845,3.4912308469907316,4.255427174495111
62,20.0,2.395761133034256,0.5334259312751612,0.8886071235085069,4.112730067460461,5.474439721948329
63,8.0,0.851043616432662,0.07565809851206495,1.2155046629603703,2.397544702474022,1.720703805716937
63,12.0,1.1712352282014535,0.18826935367053466,1.432759293524839,3.1134093307910007,2.4857365794320003
63,16.0,1.9940700995600764,0.23920110461688182,2.106436673921621,3.161656365597679,4.279319595305537
63,20.0,2.8952754743443734,0.40174780138733013,2.137071860077924,3.7266766661209374,4.754587655511102
64,8.0,0.8315877604533455,0.13720710745693054,0.45310543523419256,2.7618133497088024,1.1009617074111588
64,12.0,1.378866726567196,0.19082898642591317,0.6793845932085674,2.9802253684882487,2.688756420093199
64,16.0,2.2789637492786596,0.2869458901089956,2.283609892826064,3.2556910516837547,3.6455291298669295
64,20.0,2.3814410163809328,0.23728525116339938,2.4646015499120892,4.259935690363676,4.74222591173438
65,8.0,0.7095139876076928,0.04383735085548324,0.3582110038185249,0.565432710365485,1.0365324594573053
65,12.0,1.6148185988387809,0.05833525633994441,0.29686829378240986,0.6521003331394013,1.459847846914215
65,16.0,1.8183902149316964,0.11382486820548365,0.8118401901381844,1.693777824726311,1.7605897435713302
65,20.0,1.931185210994073,0.22882529177650213,1.3705215139361542,1.7602929036252988,2.625088928932229
66,8.0,1.0080540349187572,0.0516122368156573,0.6916431345816534,1.3644840764194157,2.445832703681134
66,12.0,1.711512419437696,0.04130187048690459,1.4231015965672498,2.235283147518743,3.4091029134662563
66,16.0,2.684979553652056,0.0980407343746208,1.6925614570928644,3.0933720569317416,3.751458949506116
66,20.0,2.603593577431127,0.1341453138205111,2.018644626957098,3.7432639337160083,4.250986617839999
67,8.0,0.8559270707918358,0.11729287504152808,0.30963266399930944,0.8537820428803684,1.8985281565482808
67,12.0,2.099587077080713,0.06312537130992268,0.5612689290043988,1.2591869582513766,2.66448517889674
67,16.0,2.0067236908920165,0.12422973453590203,0.7760262834821106,1.9834294967290305,2.987718156856687
67,20.0,2.179687916818665,0.19577296103975073,1.5183404805848397,2.5010457605996237,3.6236198101760806
68,8.0,1.125626516189726,0.12861996925133212,0.7427113040980657,2.3607751443303755,2.450966171030416
68,12.0,2.462628741433633,0.1623982565623976,1.692021742791951,3.9401043251206715,3.90046346177175
68,16.0,2.7144250606219202,0.3322481444319294,1.7141050107182707,3.896150568779717,4.904547799202476
68,20.0,2.9624205940019124,0.5283156868931087,2.6652319895080154,5.06660382303096,6.428236684365402
69,8.0,0.709116977441937,0.10347882483213766,0.3792391326748259,1.6038947575362101,1.4812322056727112
69,12.0,1.9765839381084618,0.1817591214714298,0.8015999539975667,1.8134277308023172,2.285219280439577
69,16.0,2.4661543413003812,0.28872116727171715,1.0985323917212781,3.293299561637042,3.367449535056892
69,20.0,2.40423229269598,0.38395788215564153,1.5873673980042895,3.7386383590279024,4.04221129572278
70,8.0,1.1815709761091853,0.1937750416752806,1.1012785232471174,1.3856654120509688,1.4181283651539047
70,12.0,2.0325730955493384,0.2820134185494396,1.4224389891199962,1.5318750329055604,2.473907521859985
70,16.0,2.7905150268932744,0.42970695541373516,1.5217407456129877,2.6704982649581552,3.0349140660090654
70,20.0,2.4834126382148725,0.5516445586508212,2.089517215718672,2.865884195431306,4.3712998467356385
71,8.0,1.7041951397911248,0.20505422970563814,0.9502879691980297,2.2396714844664984,1.9885716102238575
71,12.0,2.5571201484231096,0.2878264321188624,0.9284421511229368,2.4951376371272715,3.9260926280796298
71,16.0,2.708332219178999,0.24351634700127534,2.31529473671975,2.511312736564264,4.572928702732042
71,20.0,3.1229915674106508,0.3726853856254877,2.7370321445644947,3.0730712541022456,5.26941034256555
72,8.0,0.8903907505619486,0.10105328768665345,0.7549588354710863,0.7178872812633585,1.7017926688252771
72,12.0,1.564941872374078,0.20957461219489915,1.4763517284974341,2.0133215412613765,2.3549329263860272
72,16.0,2.327694837018896,0.3400471906787743,1.5666844290026631,2.374366798180546,3.2061275543340457
72,20.0,2.444577694861408,0.4443298907463884,1.7907561608803917,2.9714614777846577,4.21499637892245
73,8.0,1.052667087827274,0.13261276461076932,1.0961452058885754,2.0050414197291957,1.5347597409337936
73,12.0,2.0489707219345235,0.33417370072717745,1.250081507005632,2.2176950605584693,2.7372208885006444
73,16.0,2.845462891373529,0.5308905893442386,2.3470357347851802,2.5289596197530955,3.85005940821506
73,20.0,2.8522671682939063,0.7488792266682367,3.03847081417058,4.165253752284173,5.187520806747216
74,8.0,1.0115864679758317,0.11553033104249266,0.3013905046882712,0.514558520611871,1.1495129427876236
74,12.0,1.8175917923266525,0.21368043012665794,0.9947076787669005,1.7464094969847395,1.5480613611354954
74,16.0,2.0907392629363812,0.3588338700289171,1.6618895307850607,2.0085269329301525,2.1613679400054764
74,20.0,2.1704173727925706,0.49891814214112173,2.59592098310398,2.274203455338096,3.5916600425993295
75,8.0,1.2273034343384381,0.4981365404060796,0.5413284900581914,1.882697486056884,2.0870392321473332
75,12.0,2.3157763969262533,0.5529386960095337,1.3226609586889424,2.2141869674824193,2.7504976870016264
75,16.0,2.410934790882976,0.6075268287320057,2.1651050712105473,2.3875421296629042,3.5649268196963533
75,20.0,2.43943591539346,0.5687516272907658,2.12750974596662,3.7119345554161782,4.646000863981499
76,8.0,1.1364035426828423,0.26886944314625794,0.7245320450066686,1.8270770289079508,1.868186885435307
76,12.0,2.181450088886038,0.39168461975657465,1.7971959649516975,2.7291958349532024,2.118008196329214
76,16.0,3.0560457652680952,0.5399752864004483,1.9404953395261089,2.9868746505191837,2.940801311468533
76,20.0,3.0691158865287775,0.6318523942975389,1.9797418677374878,4.144353621423619,4.1895941453272485
77,8.0,1.02996527505627,0.07352475413543402,0.7488923791160573,1.1253918713321411,1.3782893007100938
77,12.0,2.025819786781369,0.18220407701539898,0.7991870092606064,2.6130277925078076,2.3568752203091776
77,16.0,1.9515273090020742,0.23175440028285266,1.4885754036721437,2.661189364804727,2.6606386328827796
77,20.0,2.073597751481202,0.47563382634825757,1.6878048721778214,3.3390679881445635,3.611631002048483
78,8.0,0.701269434206722,0.11967948381743554,0.35164285882319746,0.5983058676101507,1.6617692078561959
78,12.0,1.528732239494616,0.18942662442748315,0.45106831860090324,1.5067217900635796,2.0436815304522895
78,16.0,2.4684969108032533,0.21181986533284203,0.4846569161455818,1.7680131600852462,2.5767663887362744
78,20.0,2.487836670960263,0.30636356275368826,1.2573173256577093,2.239805144329466,4.032363962147713
79,8.0,1.1721759895074513,0.11657544288698318,0.39806872385378256,0.7269822354340647,2.0729156000071782
79,12.0,1.7948982949047263,0.14394076311793924,0.4082228099798044,1.3882708387099,2.8158195305834965
79,16.0,2.860767031759991,0.28862321708137983,0.5382825812812655,1.9776149760236592,3.3121263497369284
79,20.0,2.8067662048434556,0.31722080534916586,1.511740282137282,2.5441472129355702,3.589250704827009
80,8.0,1.4278419651195975,0.15369280754538295,0.9083730927940223,1.4847446448013102,1.7250480818970573
80,12.0,2.2582484318442653,0.13595621385957202,1.0081841393253228,2.0427037385695144,2.70028039354537
80,16.0,2.4308850125818253,0.13894794307566372,1.1263087937741147,3.1914486958258976,3.3347077894386814
80,20.0,2.3305590149526267,0.2175949063891096,3.1090925453221985,4.642945706255972,5.109673005148778
81,8.0,0.8029990662528519,0.03625630679482583,1.131847809840167,1.341767381649646,2.2344849056702003
81,12.0,1.3821690815458112,0.23764167024276617,1.4346585359489552,1.9574347140932389,3.731955172375592
81,16.0,2.410069411475064,0.28134738084227706,1.7136941026798524,2.868677458855359,4.4704449072208945
81,20.0,2.76477346153348,0.31133851677654434,2.342851145136052,3.6947805870214836,5.25407057769857
82,8.0,0.9917560625498822,0.08653429612914465,0.992452161550716,1.8919835096751285,1.9096127922875894
82,12.0,1.827444665574177,0.1410291806186592,1.8105813868922382,2.4045740049296,3.22607182388046
82,16.0,2.294484116708446,0.20434143470021127,2.678802430990771,3.2007664137101983,4.066004361302589
82,20.0,2.589886683171244,0.23793548567275025,3.3532617098604476,3.5869220887927327,4.542248888189363
83,8.0,1.0147540375251936,0.11675946324481856,0.5401679823419272,1.5546536961219886,2.3938969304195155
83,12.0,1.421927581067365,0.21074308520181262,0.7321966154748623,2.4226540373261685,2.704487108093929
83,16.0,2.4705877148790023,0.2732100545870253,0.8245499755244055,3.040049468178779,3.3254248610961668
83,20.0,2.9357297656320043,0.3910790970158473,2.6108958776401607,3.1785347009578118,4.171121237867055
84,8.0,1.3631240828333944,0.08800183009918783,0.7217890828127054,0.9475281804123767,1.1868279662848238
84,12.0,2.488183307045631,0.14145937430004096,1.3547146078988703,2.1674998120093107,2.5509284466966733
84,16.0,2.443824804667571,0.17154122577417752,2.026180334827103,2.7662687496719798,4.8230196903600415
84,20.0,2.5619434066562974,0.22852055597513754,1.9962240236781383,3.238957487135991,5.3425687963583925
85,8.0,1.1743225058295081,0.08099975804933024,0.437747887361553,1.2160129629504866,1.5004124099965566
85,12.0,2.3832373351487774,0.19884387480888677,0.46990986394575884,1.5386214306648753,2.1658612256040897
85,16.0,2.3375727912166155,0.2741251197643635,0.7851147381408907,2.3281218578418077,2.608572983229635
85,20.0,2.73644087037124,0.401234934903556,2.066646078866569,2.575231316154259,4.065445500709785
86,8.0,1.215834806010406,0.11714029969152762,0.5986422846868322,1.1675733621735276,1.5111076571616024
86,12.0,1.9675700484335437,0.19502992970757305,0.6617350207108075,1.4963603332874982,2.094288911728455
86,16.0,2.184056078736063,0.2874791087598112,1.0438553980733332,2.209320073838086,2.89073305070562
86,20.0,2.5032249957286865,0.43986177130915394,2.0464726177077353,2.8329814772915825,3.663006177737145
87,8.0,0.9971301922734312,0.2020044874423661,0.6555114899360888,1.1965666385592897,2.022451261780816
87,12.0,2.0416767890800998,0.2884083916347038,0.7338906733403121,1.9958820007405507,2.6225564396218886
87,16.0,2.444371980348393,0.5713884313141477,1.3070036252576074,2.631367495343909,2.9818726244045024
87,20.0,2.636616772675495,0.579018199480771,2.8791433713606978,3.530501113877534,4.38687970253838
88,8.0,0.8925033609795037,0.08209133139524738,0.35283456868637586,1.2703360349808293,2.512947541284518
88,12.0,1.6728075181748068,0.1921273177495948,1.1092447559090317,1.4373746318502185,3.5159677206188746
88,16.0,2.629201313988773,0.3101829325619292,1.8179435095819372,2.6595301024595983,3.826120581181101
88,20.0,2.7499861980435014,0.5104547934204788,3.1429913685059603,4.15640841911096,6.290494217705714
89,8.0,0.9633425257617887,0.055054101434848235,1.409960633548451,1.5105622128247091,1.7072721707683627
89,12.0,2.187080934630046,0.15811449594195892,1.4633769007163266,2.603750835227487,3.6150024221813624
89,16.0,2.1763850674240928,0.2289154320326361,1.6492464749256044,3.903814597981153,4.241927522437692
89,20.0,2.3718111146372394,0.24291924206261228,2.2838224940850864,4.527305844018258,4.974510590133065
90,8.0,0.8474798565511605,0.310054614519089,0.458304691929726,1.4127778510544715,1.802328133148734
90,12.0,2.15237463935307,0.31780851739779337,1.0085679248882684,1.5327032343784595,3.153415713534912
90,16.0,2.442933305011877,0.3806148019657769,1.731547065296951,2.7407406013543323,3.4075191044547353
90,20.0,2.648904245022834,0.49863149820311037,2.040365502243276,3.4582265313798928,4.557253538645085
91,8.0,1.5217399066704047,0.13276373765532412,0.6781365549151985,1.0896215878047997,2.2173110547495867
91,12.0,2.2491517443876603,0.19594106214694307,0.8196836446402926,1.1090319470081056,2.784826127639491
91,16.0,2.2266799549611562,0.3329531085720987,1.6998769704715642,2.41811808989263,3.3089029056633876
91,20.0,2.463797897142314,0.4589358225537694,1.7310389091499303,2.7002122996088644,4.736550309900821
