variant,alpha,rho,eta,regret_median,rcm_effect,p_value,dsmp_wins,holm_p,dsmp_lower_median
recalibrated,0.2,0.3,0.5,2.4166254463547006,-0.4894525067521869,5.572207957271758e-07,0.26,4.9035430023991466e-05,False
recalibrated,0.2,0.35,0.45,2.2396909140629475,-0.37554832128365945,0.00011903464815610221,0.34,0.008451460019083257,False
recalibrated,0.2,0.4,0.4,2.149063865357661,-0.17313270404649472,0.009964281765361349,0.44,0.5779283423909582,False
recalibrated,0.2,0.45,0.35,2.0518779187732576,-0.1322691371590562,0.0857934137886982,0.42,1.0,False
recalibrated,0.2,0.5,0.3,1.9533818654820152,-0.11190157766223785,0.5210251168620434,0.44,1.0,True
recalibrated,0.25,0.25,0.5,2.5731657341396073,-0.5177730236566449,3.918623114884667e-08,0.18,3.6835057279915873e-06,False
recalibrated,0.25,0.3,0.45,2.4380543607712895,-0.4862323585724654,3.288899332076767e-05,0.34,0.0024337855057368074,False
recalibrated,0.25,0.35,0.4,2.1791994782228556,-0.24860900418759968,0.002996250182501825,0.36,0.18277126113261133,False
recalibrated,0.25,0.4,0.35,2.026262963125717,-0.14022795794639353,0.10110987171644048,0.4,1.0,False
recalibrated,0.25,0.45,0.3,1.9513148163719622,-0.07001805307871223,0.4151920088524754,0.42,1.0,True
recalibrated,0.25,0.5,0.25,1.9389582683713658,0.03572396122724808,0.8632650227005474,0.52,1.0,True
recalibrated,0.3,0.2,0.5,2.624832505236384,-0.6026863825456419,3.134559278805682e-10,0.1,3.1972504643817956e-08,False
recalibrated,0.3,0.25,0.45,2.3721143616377134,-0.4158696843386025,1.7805245978053108e-05,0.3,0.0013888091862881424,False
recalibrated,0.3,0.3,0.4,2.214055259989564,-0.3155072957635524,0.001282241835095732,0.36,0.08206347744612685,False
recalibrated,0.3,0.35,0.35,2.0539916803248985,-0.1360810388899123,0.07082612042920822,0.4,1.0,False
recalibrated,0.3,0.4,0.3,1.9563770016583106,-0.0859604911367029,0.24908489906916564,0.44,1.0,True
recalibrated,0.3,0.45,0.25,1.910401256429054,0.06419859116489601,0.6390094850461736,0.54,1.0,True
recalibrated,0.3,0.5,0.2,1.8620002749340614,0.07863414352949882,0.5148085516941183,0.58,1.0,True
recalibrated,0.35,0.15,0.5,2.9090258603185077,-0.8358560884478267,1.2871659293978155e-10,0.12,1.3515242258677063e-08,False
recalibrated,0.35,0.2,0.45,2.5955596959322946,-0.5247572674186075,1.4032918471684752e-07,0.24,1.2769955809233124e-05,False
recalibrated,0.35,0.25,0.4,2.224280633313654,-0.2734137880971589,0.0001628744437223162,0.34,0.011238336616839817,False
recalibrated,0.35,0.3,0.35,2.2100658800994637,-0.1381465831872647,0.0362699414949752,0.36,1.0,False
recalibrated,0.35,0.35,0.3,2.06202605160054,-0.06821836322542651,0.20103473802823935,0.46,1.0,False
recalibrated,0.35,0.4,0.25,1.900536156340195,0.06545600887791647,0.8109402812359416,0.56,1.0,True
recalibrated,0.35,0.45,0.2,1.8540677356569262,0.10271783388907385,0.645875956795086,0.58,1.0,True
recalibrated,0.35,0.5,0.15,1.7770135247262433,0.14849165072737947,0.22231487615329293,0.6,1.0,True
recalibrated,0.4,0.1,0.5,3.1471283162664747,-1.0956842899009867,6.616929226765933e-12,0.1,7.013944980371889e-10,False
recalibrated,0.4,0.15,0.45,2.711028297305873,-0.6521083446195918,2.5633326572460646e-09,0.2,2.537699330673604e-07,False
recalibrated,0.4,0.2,0.4,2.2848156665602346,-0.2595034750384285,1.8759072675678112e-05,0.3,0.0014256895233515365,False
recalibrated,0.4,0.25,0.35,2.217239866981572,-0.14852828285015118,0.014890897756602683,0.38,0.8338902743697503,False
recalibrated,0.4,0.3,0.3,1.9790695521908646,-0.05358285294197174,0.22974800885474522,0.44,1.0,False
recalibrated,0.4,0.35,0.25,2.0479805863246554,0.004838150472608049,0.42072286282100535,0.5,1.0,False
recalibrated,0.4,0.4,0.2,1.876701377319634,0.058503228663440265,0.969474172425139,0.58,1.0,True
recalibrated,0.4,0.45,0.15,1.8823472544021627,0.03798471497060529,0.5024899674262855,0.56,1.0,True
recalibrated,0.4,0.5,0.1,1.7824594224047559,0.12344096030342688,0.2999546071877397,0.6,1.0,True
recalibrated,0.45,0.05,0.5,3.2863131542686546,-1.2545038561680144,2.433608869978343e-13,0.06,2.652633668276394e-11,False
recalibrated,0.45,0.1,0.45,2.9955323216462943,-0.9015027389158944,3.134559278805682e-10,0.16,3.1972504643817956e-08,False
recalibrated,0.45,0.15,0.4,2.6445809140655996,-0.4754724804192987,2.4721383162784605e-07,0.24,2.2002031014878298e-05,False
recalibrated,0.45,0.2,0.35,2.3320370877117824,-0.27846141880831965,0.0006207713421488847,0.32,0.04097090858182639,False
recalibrated,0.45,0.25,0.3,2.0925885713583483,-0.011673903838740896,0.13807290852462017,0.48,1.0,False
recalibrated,0.45,0.3,0.25,1.9949820280048416,0.01573142558956442,0.3776732059941086,0.52,1.0,False
recalibrated,0.45,0.35,0.2,1.8974853271312355,0.11696218047244145,1.0,0.58,1.0,True
recalibrated,0.45,0.4,0.15,1.870171962697896,0.05111186572867188,0.7521534307154649,0.54,1.0,True
recalibrated,0.45,0.45,0.1,1.797788115609677,0.14604517365269476,0.40970358186013023,0.56,1.0,True
recalibrated,0.45,0.5,0.05,1.702333234277134,0.1789626871508574,0.15430250303892734,0.62,1.0,True
recalibrated,0.5,0.0,0.5,3.4200255565345543,-1.4994410816907617,3.375077994860476e-14,0.04,3.746336574295128e-12,False
recalibrated,0.5,0.05,0.45,3.190504645448513,-1.2378629218793833,3.6148861681795097e-12,0.1,3.8679281999520754e-10,False
recalibrated,0.5,0.1,0.4,2.790379540148109,-0.7002988321283965,6.917133532624575e-09,0.2,6.571276855993347e-07,False
recalibrated,0.5,0.15,0.35,2.5329547786865447,-0.5098807089079572,1.2965142769161275e-05,0.3,0.001037211421532902,False
recalibrated,0.5,0.2,0.3,2.24428933152781,-0.2992135123873254,0.010566648384996213,0.4,0.6022989579447842,False
recalibrated,0.5,0.25,0.25,2.044823753150084,-0.014747363941722935,0.19427670053532076,0.48,1.0,False
recalibrated,0.5,0.3,0.2,1.9474581061763416,0.06536836973818094,0.42072286282100535,0.52,1.0,True
recalibrated,0.5,0.35,0.15,1.9550520116181929,0.04106335963948071,0.8707939059443142,0.54,1.0,True
recalibrated,0.5,0.4,0.1,1.7506024955008996,0.17151021186576587,0.2954728324166016,0.58,1.0,True
recalibrated,0.5,0.45,0.05,1.8184157783859831,0.14730771570384615,0.3622430237473182,0.56,1.0,True
recalibrated,0.5,0.5,0.0,1.8434681428627473,0.20610437956733563,0.1976349682926415,0.56,1.0,True
recalibrated,0.55,0.0,0.45,3.3295978655809364,-1.3623204800638429,3.375077994860476e-14,0.06,3.746336574295128e-12,False
recalibrated,0.55,0.05,0.4,3.096823855796032,-1.081224322731913,1.8094681308866711e-10,0.14,1.8637521748132713e-08,False
recalibrated,0.55,0.1,0.35,2.6165036198248544,-0.6097878964890814,7.239255257474042e-07,0.2,6.225759521427676e-05,False
recalibrated,0.55,0.15,0.3,2.3428292274776084,-0.3857080910520808,0.00014253035612021847,0.28,0.009977124928415293,False
recalibrated,0.55,0.2,0.25,2.172015078681369,-0.17585836286488632,0.03286210881230289,0.42,1.0,False
recalibrated,0.55,0.25,0.2,2.0046017710009636,0.03390261888529278,0.3422827758111566,0.52,1.0,False
recalibrated,0.55,0.3,0.15,1.9450754037012956,0.06200749430642849,0.559104623193516,0.54,1.0,True
recalibrated,0.55,0.35,0.1,1.8256375706316845,0.14730771570384615,0.5984627102635613,0.56,1.0,True
recalibrated,0.55,0.4,0.05,1.986705525517337,0.1336894600283075,0.4723763440876976,0.56,1.0,False
recalibrated,0.55,0.45,0.0,1.8987654041714848,0.20610437956733563,0.32777522027848605,0.56,1.0,True
recalibrated,0.6,0.0,0.4,3.219410821292769,-1.27398066262279,1.8989254613188677e-12,0.1,2.0508394982243772e-10,False
recalibrated,0.6,0.05,0.35,2.9935099065124717,-0.8369447748026317,5.310079487230723e-09,0.14,5.097676307741494e-07,False
recalibrated,0.6,0.1,0.3,2.5727328415404145,-0.5267203480591719,4.268415494834699e-06,0.22,0.0003500100705764453,False
recalibrated,0.6,0.15,0.25,2.4342229433505196,-0.35008144386652884,0.0003378810943459598,0.32,0.022638033321179307,False
recalibrated,0.6,0.2,0.2,2.2056302763828057,-0.17835914192569646,0.02616696817119646,0.4,1.0,False
recalibrated,0.6,0.25,0.15,1.9695730025995886,0.0469450765835403,0.35217499509373695,0.52,1.0,False
recalibrated,0.6,0.3,0.1,1.9398070301803758,0.08443989114881834,0.8707939059443142,0.58,1.0,True
recalibrated,0.6,0.35,0.05,1.8860502857537398,0.0822658897177887,0.5852066143769612,0.52,1.0,True
recalibrated,0.6,0.4,0.0,1.8987654041714848,0.028187004304882635,0.5786292137562761,0.52,1.0,True
recalibrated,0.65,0.0,0.35,3.110991128435714,-1.127573802642246,1.616786704516926e-10,0.12,1.681458172697603e-08,False
recalibrated,0.65,0.05,0.3,2.793951075866815,-0.651821470269212,6.710043898294771e-08,0.18,6.173240386431189e-06,False
recalibrated,0.65,0.1,0.25,2.5787706441033293,-0.4982048445766766,1.367585375788849e-05,0.28,0.0010803924468731907,False
recalibrated,0.65,0.15,0.2,2.3491259307528907,-0.37083356400957257,0.002614123910062105,0.38,0.1620756824238505,False
recalibrated,0.65,0.2,0.15,2.1566567349293138,-0.08753042763859753,0.052989788310034314,0.46,1.0,False
recalibrated,0.65,0.25,0.1,1.9450754037012956,0.09185624581292018,0.5024899674262855,0.56,1.0,True
recalibrated,0.65,0.3,0.05,1.9344872217328513,0.12864827539253576,0.7740531775538848,0.54,1.0,True
recalibrated,0.65,0.35,0.0,1.9245553139064384,-0.037498373368080706,0.559104623193516,0.5,1.0,True
recalibrated,0.7,0.0,0.3,3.023168985285025,-0.9603286717308777,3.3822118439275073e-09,0.16,3.280745488609682e-07,False
recalibrated,0.7,0.05,0.25,2.5971022539381607,-0.445658390961157,3.1893934604454444e-06,0.26,0.0002679090506774173,False
recalibrated,0.7,0.1,0.2,2.542325680307812,-0.5003875297265382,3.633577416550793e-05,0.3,0.0026525115140820787,False
recalibrated,0.7,0.15,0.15,2.250369513171364,-0.2573644076603898,0.006730459669450184,0.42,0.39709712049756085,False
recalibrated,0.7,0.2,0.1,1.9612251457396328,0.061982707422729044,0.4262959591146398,0.52,1.0,True
recalibrated,0.7,0.25,0.05,1.9979916643294757,0.08093229992265094,0.6876822045635382,0.52,1.0,False
recalibrated,0.7,0.3,0.0,1.9850358461269195,-0.037498373368080706,0.6947463342363385,0.5,1.0,False
recalibrated,0.75,0.0,0.25,2.8423471749553926,-0.7509275114475853,1.192391962945294e-09,0.12,1.192391962945294e-07,False
recalibrated,0.75,0.05,0.2,2.6051298276011607,-0.5292473302939271,4.028586058524297e-06,0.26,0.00033437264285751667,False
recalibrated,0.75,0.1,0.15,2.441858484424799,-0.4772010649289624,0.0001778852638985029,0.3,0.012096197945098197,False
recalibrated,0.75,0.15,0.1,2.1063713394166825,-0.20616637327934495,0.03453081197041463,0.44,1.0,False
recalibrated,0.75,0.2,0.05,2.017689641219661,-0.09195065260179514,0.31832456588976044,0.48,1.0,False
recalibrated,0.75,0.25,0.0,2.042500002452101,0.027553223791258574,0.7961309923635564,0.52,1.0,False
recalibrated,0.8,0.0,0.2,2.7237413716693624,-0.6605996265665508,3.0854181432005134e-09,0.18,3.023709780336503e-07,False
recalibrated,0.8,0.05,0.15,2.5873657863667887,-0.5481455248090865,7.518488965629899e-06,0.26,0.0006089976062160218,False
recalibrated,0.8,0.1,0.1,2.2821640458019203,-0.34326856553688856,0.0007847371187263974,0.3,0.05100791271721583,False
recalibrated,0.8,0.15,0.05,2.1034717956723767,-0.15841432600419092,0.052989788310034314,0.42,1.0,False
recalibrated,0.8,0.2,0.0,2.0466326052733734,-0.09206355282348944,0.28229295463063053,0.48,1.0,False
recalibrated,0.85,0.0,0.15,2.690103019170124,-0.56432834508864,3.918623114884667e-08,0.16,3.6835057279915873e-06,False
recalibrated,0.85,0.05,0.1,2.5858187063653872,-0.5165803446658683,1.7805245978053108e-05,0.26,0.0013888091862881424,False
recalibrated,0.85,0.1,0.05,2.23261777007734,-0.27463813752594035,0.0022762251098509267,0.34,0.14340218192060838,False
recalibrated,0.85,0.15,0.0,2.2312093794158017,-0.13461046005247113,0.09908592454842413,0.44,1.0,False
recalibrated,0.9,0.0,0.1,2.671740245408415,-0.6592798620538358,1.6198182883897516e-07,0.18,1.4578364595507765e-05,False
recalibrated,0.9,0.05,0.05,2.502735941702255,-0.4288493847164999,7.500770700019643e-05,0.26,0.005400554904014143,False
recalibrated,0.9,0.1,0.0,2.28263096325351,-0.2665602322584846,0.004043947968749961,0.36,0.24263687812499768,False
recalibrated,0.95,0.0,0.05,2.578175370093007,-0.5927844759088853,6.78354924232849e-07,0.2,5.901687840825787e-05,False
recalibrated,0.95,0.05,0.0,2.4521619598173316,-0.5604413371764282,1.9760169596594324e-05,0.26,0.0014820127197445743,False
recalibrated,1.0,0.0,0.0,2.5657235171052264,-0.6693153776679704,1.7496796758109667e-06,0.24,0.00014872277244393217,False
uncalibrated,0.2,0.3,0.5,2.6689516824380064,-0.7349690973589134,1.2871659293978155e-10,0.1,9.525027877543835e-09,False
uncalibrated,0.2,0.35,0.45,2.4522296490445115,-0.483237810648774,1.9077969426462005e-08,0.12,1.2591459821464923e-06,False
uncalibrated,0.2,0.4,0.4,2.3122000368445583,-0.4217510885464437,1.6896629077223224e-05,0.3,0.0009293145992472773,False
uncalibrated,0.2,0.45,0.35,2.108334959297224,-0.3022701299330066,0.003913313547160513,0.36,0.17218579607506257,False
uncalibrated,0.2,0.5,0.3,2.043975827235954,-0.15119013789440328,0.08401577354329604,0.44,1.0,False
uncalibrated,0.25,0.25,0.5,2.6576774759481196,-0.7111813798300803,4.9116266609416925e-12,0.1,3.929301328753354e-10,False
uncalibrated,0.25,0.3,0.45,2.578583842954643,-0.6239105871603099,1.080529443697742e-09,0.12,7.563706105884194e-08,False
uncalibrated,0.25,0.35,0.4,2.372897422877159,-0.4575939831485132,1.7496796758109667e-06,0.24,0.00010323110087284704,False
uncalibrated,0.25,0.4,0.35,2.108334959297224,-0.3022701299330066,0.0021981232450851707,0.36,0.10111366927391785,False
uncalibrated,0.25,0.45,0.3,2.069870687008219,-0.21089799294540523,0.0362699414949752,0.42,1.0,False
uncalibrated,0.25,0.5,0.25,2.0106499257822747,-0.09413031610797895,0.2910353177271219,0.48,1.0,False
uncalibrated,0.3,0.2,0.5,2.939523609375996,-0.8869814469937298,2.4868995751603507e-14,0.06,2.2879476091475226e-12,False
uncalibrated,0.3,0.25,0.45,2.560959690028568,-0.6476389494430066,1.1727507853720454e-11,0.08,9.147456125901954e-10,False
uncalibrated,0.3,0.3,0.4,2.495896656392347,-0.52396213933865,3.3822118439275073e-09,0.12,2.299904053870705e-07,False
uncalibrated,0.3,0.35,0.35,2.211516280263055,-0.4123117448160657,4.6469730756726335e-05,0.3,0.0024164259993497694,False
uncalibrated,0.3,0.4,0.3,2.0963709431879494,-0.2652175674979701,0.012213348101271393,0.36,0.4885339240508557,False
uncalibrated,0.3,0.45,0.25,2.0083335554680417,-0.15123872815142647,0.2260100302518655,0.46,1.0,False
uncalibrated,0.3,0.5,0.2,1.8877884489286743,-0.05153915262718578,0.8332778036429911,0.48,1.0,True
uncalibrated,0.35,0.15,0.5,3.186412235169257,-1.1363793726546019,3.552713678800501e-15,0.02,3.481659405224491e-13,False
uncalibrated,0.35,0.2,0.45,2.767507623914227,-0.8111464804056399,7.94031507211912e-13,0.1,6.749267811301252e-11,False
uncalibrated,0.35,0.25,0.4,2.578583842954643,-0.6560068220338875,4.3806736016449577e-11,0.1,3.3731186732666174e-09,False
uncalibrated,0.35,0.3,0.35,2.445407460452074,-0.48386337680692315,9.364108866094512e-07,0.24,5.618465319656707e-05,False
uncalibrated,0.35,0.35,0.3,2.1209829927802417,-0.3458786952054851,0.001190697289374043,0.34,0.05834416717932811,False
uncalibrated,0.35,0.4,0.25,2.017381422264606,-0.23994953393742002,0.0894381024777875,0.46,1.0,False
uncalibrated,0.35,0.45,0.2,1.9472094670063456,-0.06642883342897232,0.5526669770606443,0.48,1.0,True
uncalibrated,0.35,0.5,0.15,1.8178789868483989,0.07273488047822241,0.4490067617286915,0.52,1.0,True
uncalibrated,0.4,0.1,0.5,3.441912555137989,-1.3784412765344882,1.7763568394002505e-15,0.0,1.971756091734278e-13,False
uncalibrated,0.4,0.15,0.45,3.0160404500819737,-0.9993367868290761,1.2434497875801753e-14,0.04,1.156408302449563e-12,False
uncalibrated,0.4,0.2,0.4,2.685792124303532,-0.7343747107145333,4.218847493575595e-12,0.1,3.417266469796232e-10,False
uncalibrated,0.4,0.25,0.35,2.546164533722802,-0.6179818130503492,2.81308842886574e-09,0.16,1.9410310159173605e-07,False
uncalibrated,0.4,0.3,0.3,2.218461846394902,-0.36359593710625404,6.206318512269604e-05,0.28,0.003165222441257498,False
uncalibrated,0.4,0.35,0.25,2.0607371201691222,-0.23156487780333612,0.05178623002471738,0.42,1.0,False
uncalibrated,0.4,0.4,0.2,1.9110997252923736,-0.09316488733296069,0.8557483168795788,0.48,1.0,True
uncalibrated,0.4,0.45,0.15,1.8204454232567286,0.03955603244936867,0.7089524432753507,0.52,1.0,True
uncalibrated,0.4,0.5,0.1,1.7296846544824973,0.10417291254040606,0.0894381024777875,0.6,1.0,True
uncalibrated,0.45,0.05,0.5,3.7309198896726343,-1.7066534061244312,1.7763568394002505e-15,0.0,1.971756091734278e-13,False
uncalibrated,0.45,0.1,0.45,3.274266927863877,-1.2773456808147328,1.7763568394002505e-15,0.0,1.971756091734278e-13,False
uncalibrated,0.45,0.15,0.4,2.9321117087218767,-0.8896112627913623,2.4868995751603507e-14,0.06,2.2879476091475226e-12,False
uncalibrated,0.45,0.2,0.35,2.6668265501256627,-0.6612089930648464,9.07522945681194e-11,0.14,6.806422092608955e-09,False
uncalibrated,0.45,0.25,0.3,2.437755039479967,-0.5046786545578215,3.256713547727941e-07,0.22,1.986595264114044e-05,False
uncalibrated,0.45,0.3,0.25,2.1376365414178196,-0.28666407497001956,0.0050721514649119115,0.36,0.2181025129912122,False
uncalibrated,0.45,0.35,0.2,1.950034457019342,-0.1580905770623673,0.21148488261323095,0.48,1.0,True
uncalibrated,0.45,0.4,0.15,1.8038205222217414,0.04454026241276665,0.5786292137562761,0.52,1.0,True
uncalibrated,0.45,0.45,0.1,1.7525651393264354,0.08881431488939029,0.1406841997467243,0.58,1.0,True
uncalibrated,0.45,0.5,0.05,1.722830121238232,0.12352213955666969,0.02898427633581413,0.68,1.0,True
uncalibrated,0.5,0.0,0.5,4.176696497274932,-2.233712378329983,1.7763568394002505e-15,0.0,1.971756091734278e-13,False
uncalibrated,0.5,0.05,0.45,3.6479626242493595,-1.607657483722505,1.7763568394002505e-15,0.0,1.971756091734278e-13,False
uncalibrated,0.5,0.1,0.4,3.2263676045898535,-1.2664237765848867,3.552713678800501e-15,0.02,3.481659405224491e-13,False
uncalibrated,0.5,0.15,0.35,2.7545931296928785,-0.815211848120569,3.0020430585864233e-13,0.1,2.6117774609701883e-11,False
uncalibrated,0.5,0.2,0.3,2.502880434929935,-0.6154103780939408,9.785132704109856e-10,0.14,6.947444219917998e-08,False
uncalibrated,0.5,0.25,0.25,2.3909669491883108,-0.4172725965048585,4.4254613142058474e-05,0.26,0.002345494496529099,False
uncalibrated,0.5,0.3,0.2,2.0406515570007713,-0.19987252138170664,0.043975372036140215,0.4,1.0,False
uncalibrated,0.5,0.35,0.15,1.8042465750926766,0.04322415821525283,0.9085978224870299,0.52,1.0,True
uncalibrated,0.5,0.4,0.1,1.7666887582641664,0.12638408213227592,0.27798803015155293,0.56,1.0,True
uncalibrated,0.5,0.45,0.05,1.7130831974984204,0.11013600347590113,0.07237748012944856,0.66,1.0,True
uncalibrated,0.5,0.5,0.0,1.753706523399984,0.17614916657824153,0.006325487527247375,0.74,0.2593449886171424,True
uncalibrated,0.55,0.0,0.45,4.089967861422295,-2.163990413440928,1.7763568394002505e-15,0.0,1.971756091734278e-13,False
uncalibrated,0.55,0.05,0.4,3.5243106456910596,-1.4229484698129367,1.7763568394002505e-15,0.0,1.971756091734278e-13,False
uncalibrated,0.55,0.1,0.35,3.0603498510203195,-0.9883037003380936,5.329070518200751e-15,0.02,5.115907697472721e-13,False
uncalibrated,0.55,0.15,0.3,2.677090773331713,-0.6452137467176584,3.0890845437170356e-12,0.1,2.5639401712851395e-10,False
uncalibrated,0.55,0.2,0.25,2.4618743219378416,-0.47556308789474144,1.7394549622906652e-07,0.2,1.095856626243119e-05,False
uncalibrated,0.55,0.25,0.2,2.190816661679648,-0.2908774543402475,0.0027053239960554976,0.3,0.12173957982249739,False
uncalibrated,0.55,0.3,0.15,1.854604817093346,-0.04045830456139765,0.5024899674262855,0.48,1.0,True
uncalibrated,0.55,0.35,0.1,1.7872084087048847,0.050415717293191165,0.4262959591146398,0.54,1.0,True
uncalibrated,0.55,0.4,0.05,1.6665073248988733,0.17380743668660148,0.054216182330456775,0.6,1.0,True
uncalibrated,0.55,0.45,0.0,1.7536751019458734,0.17614916657824153,0.023585311964122724,0.64,0.8726565426725408,True
uncalibrated,0.6,0.0,0.4,3.8658287513886056,-2.054061136152157,1.7763568394002505e-15,0.0,1.971756091734278e-13,False
uncalibrated,0.6,0.05,0.35,3.378144224237019,-1.3329733428713268,1.7763568394002505e-15,0.0,1.971756091734278e-13,False
uncalibrated,0.6,0.1,0.3,2.938759766172808,-0.9263195793866004,9.769962616701378e-14,0.06,8.597567102697212e-12,False
uncalibrated,0.6,0.15,0.25,2.5477506922098456,-0.588444308172555,5.897913268881894e-10,0.16,4.2464975535949634e-08,False
uncalibrated,0.6,0.2,0.2,2.325537794226477,-0.35747162100496155,3.457260659445183e-05,0.28,0.0018669207561003986,False
uncalibrated,0.6,0.25,0.15,2.0671633202942985,-0.1842399758075286,0.037166605079788084,0.4,1.0,False
uncalibrated,0.6,0.3,0.1,1.8176481144803347,-0.03399922271189826,0.8109402812359416,0.5,1.0,True
uncalibrated,0.6,0.35,0.05,1.7646651346931748,0.11829323074390186,0.12316903051698347,0.56,1.0,True
uncalibrated,0.6,0.4,0.0,1.7390516844147186,0.15141528754968203,0.020665866669398625,0.66,0.7853029334371477,True
uncalibrated,0.65,0.0,0.35,3.6712268470065794,-1.6804226111316183,1.7763568394002505e-15,0.0,1.971756091734278e-13,False
uncalibrated,0.65,0.05,0.3,3.3099243571906953,-1.3059957168764527,1.7763568394002505e-15,0.0,1.971756091734278e-13,False
uncalibrated,0.65,0.1,0.25,2.873071318352487,-0.9117525745446214,2.6343371928305714e-12,0.12,2.21284324197768e-10,False
uncalibrated,0.65,0.15,0.2,2.402430305410647,-0.44816054654938875,1.8673260271384606e-07,0.2,1.1577421368258456e-05,False
uncalibrated,0.65,0.2,0.15,2.1906829350215418,-0.27453831808411167,0.0014846473444478647,0.32,0.06977842518904964,False
uncalibrated,0.65,0.25,0.1,1.950182622611507,-0.1580905770623673,0.4151920088524754,0.44,1.0,True
uncalibrated,0.65,0.3,0.05,1.7438256159437486,0.12275406048476611,0.24513084584396871,0.54,1.0,True
uncalibrated,0.65,0.35,0.0,1.7450203881859778,0.05023732640610512,0.06930163067169381,0.6,1.0,True
uncalibrated,0.7,0.0,0.3,3.619554073955584,-1.6167231609133665,1.7763568394002505e-15,0.0,1.971756091734278e-13,False
uncalibrated,0.7,0.05,0.25,3.1165528963028635,-1.070296163247832,5.329070518200751e-15,0.02,5.115907697472721e-13,False
uncalibrated,0.7,0.1,0.2,2.7630023379902298,-0.7303929770155126,4.9604764740251994e-11,0.14,3.7699621202591516e-09,False
uncalibrated,0.7,0.15,0.15,2.3108769267905274,-0.4301435131976632,1.5207189122179443e-05,0.24,0.0008516025908420488,False
uncalibrated,0.7,0.2,0.1,2.0976893530200016,-0.23528107074763238,0.026848578410895385,0.36,0.9665488227922339,False
uncalibrated,0.7,0.25,0.05,1.8422647858124321,-0.046157110683907154,0.7961309923635564,0.46,1.0,True
uncalibrated,0.7,0.3,0.0,1.7499423590756038,0.08976207960058968,0.1255634661063354,0.58,1.0,True
uncalibrated,0.75,0.0,0.25,3.436508606189321,-1.4766119626466716,1.7763568394002505e-15,0.0,1.971756091734278e-13,False
uncalibrated,0.75,0.05,0.2,3.0119246150178185,-0.9726394723210348,5.861977570020827e-14,0.04,5.217160037318536e-12,False
uncalibrated,0.75,0.1,0.15,2.5394297367293177,-0.5765982087816611,1.6198182883897516e-07,0.2,1.036683704569441e-05,False
uncalibrated,0.75,0.15,0.1,2.2080175689169295,-0.28888485729396507,0.001235703558341683,0.34,0.05931377080040079,False
uncalibrated,0.75,0.2,0.05,1.9743498805757582,-0.12136947208519211,0.24908489906916564,0.42,1.0,False
uncalibrated,0.75,0.25,0.0,1.8491150266995788,0.0006356754597619529,0.4843032319103049,0.5,1.0,True
uncalibrated,0.8,0.0,0.2,3.3274391935895125,-1.4029644815868916,5.329070518200751e-15,0.02,5.115907697472721e-13,False
uncalibrated,0.8,0.05,0.15,2.848989425248348,-0.8742665568410359,3.6148861681795097e-12,0.1,2.964206657907198e-10,False
uncalibrated,0.8,0.1,0.1,2.3858203927578785,-0.4245025288220031,1.2288898243895119e-05,0.2,0.0007004671999020218,False
uncalibrated,0.8,0.15,0.05,2.0922739353823943,-0.23887323900811452,0.016185270214664982,0.36,0.6312255383719343,False
uncalibrated,0.8,0.2,0.0,2.0259398749811766,-0.07488778524358941,0.6666519727454681,0.4,1.0,False
uncalibrated,0.85,0.0,0.15,3.1767823477011206,-1.3029428559181184,2.4868995751603507e-14,0.04,2.2879476091475226e-12,False
uncalibrated,0.85,0.05,0.1,2.6886144557518037,-0.7848313554897429,3.7055123414120317e-09,0.14,2.482693268746061e-07,False
uncalibrated,0.85,0.1,0.05,2.2156872327467596,-0.36917200151292195,0.0004153236253312542,0.3,0.02076618126656271,False
uncalibrated,0.85,0.15,0.0,2.0480485390309298,-0.13445135158718813,0.12799334338745183,0.4,1.0,False
uncalibrated,0.9,0.0,0.1,3.09235250489391,-1.035751600944451,3.0020430585864233e-13,0.06,2.6117774609701883e-11,False
uncalibrated,0.9,0.05,0.05,2.5832155222516633,-0.607820690494222,7.798730550234723e-08,0.16,5.06917485765257e-06,False
uncalibrated,0.9,0.1,0.0,2.1219350581567085,-0.27642194673730114,0.005579489549422334,0.34,0.23433856107573803,False
uncalibrated,0.95,0.0,0.05,2.8428899422987115,-0.9493537238797245,4.9116266609416925e-12,0.08,3.929301328753354e-10,False
uncalibrated,0.95,0.05,0.0,2.5726255928134094,-0.5402530349090711,1.7496796758109667e-06,0.22,0.00010323110087284704,False
uncalibrated,1.0,0.0,0.0,2.743617772022617,-0.7426332218523016,4.3148595807451784e-10,0.16,3.14984749394398e-08,False
