regime,seed,event_rate,brier_gamma_poisson,brier_platt,brier_base_rate,brier_true,ece_platt,oracle_reduction,bss_platt,bss_gamma_poisson,bss_true,regret_dsmp_direct_recalibrated,regret_dsmp_constant_probability,regret_dsmp_direct,regret_dsmp_direct_true_probability,regret_greedy_cost_risk,regret_risk_only,regret_robust_topsis,regret_static_rcm,regret_consequence_only
R76 (reported),42,0.71,0.45194181286189355,0.19324686808398644,0.20867951316581054,0.02017852783203125,0.05249217644425481,17.33654697819756,0.07395381006836921,-1.1657220011951726,0.9033037430176579,2.7999209555016478,3.110535254890948,2.569883266550619,0.931675285686083,2.3000854369802255,2.3000854369802255,2.862530519135987,7.026836448521323,9.036011410532552
R76 (reported),43,0.8,0.5188227500516812,0.15318499777803918,0.16153003378222036,0.03516337076822917,0.016316273901226228,17.262483052802253,0.05166244201640058,-2.211927453387236,0.7823106332309849,1.0757968903350559,1.7512470361746466,1.3733970254043584,0.8684331914504924,1.696067944265394,1.696067944265394,2.1330697622433945,6.747863704845486,8.063473263680464
R76 (reported),44,0.7633333333333333,0.4920975951690153,0.17019411038651197,0.1806584478689435,0.031686350504557294,0.019134589529342248,17.465665873955516,0.05792332219095975,-1.723911341948435,0.8246063171784594,3.7799100023502774,3.9619328600074937,3.6124972900163357,0.40079047999438444,3.4762500625321024,3.7991847612289007,3.4264613513021516,6.6247692311665105,7.409626574323283
R76 (reported),45,0.7433333333333333,0.49240060968368765,0.17976911836296244,0.19113885880882966,0.020640818277994792,0.02641916450311646,17.522877020791043,0.059484191318934454,-1.5761407845181776,0.89201139733371,2.6490274945759325,2.5209593796883496,3.0823064367560846,0.6663484170953495,3.3284559936475375,3.3284559936475375,3.77621379621246,7.016680376001091,7.775150192080957
R76 (reported),46,0.7833333333333333,0.5044671950235435,0.1599582059222529,0.1702110231847841,0.013125457763671876,0.02722076963293924,17.176360732945113,0.060235918160250645,-1.9637751162325428,0.9228871460961571,1.3477426473479568,0.8007946585281616,1.1767997562031667,0.519475093204619,2.2717684655797825,2.2717684655797825,2.8061451497244434,7.045621756813716,7.873537206329104
R76 (reported),47,0.7133333333333334,0.46384510771912857,0.19248731875703878,0.2069213244481466,0.03270894368489583,0.048192155330595364,17.27647667570801,0.06975600861633235,-1.2416496171005602,0.8419256991896332,2.240781327967568,3.0935022486886794,2.068720092544254,0.7090600418548831,2.8003114249243595,2.8003114249243595,3.1000484248605744,6.8528505665495345,8.227537889895899
R76 (reported),48,0.7633333333333333,0.4922730299114001,0.17149205893957395,0.18065844786894347,0.025653635660807292,0.016594606537652924,17.263211669691003,0.05073877827190887,-1.7248824271340677,0.8579992468471919,1.5937597943150479,2.0642812823297447,2.291021265324673,0.7492086454091975,2.65885225124228,2.65885225124228,2.9046764623947467,6.919716169829854,7.103195549323033
R76 (reported),49,0.75,0.491155184434199,0.1815960756808941,0.18764172335600904,0.033574422200520836,0.04856020891121533,17.374868427764994,0.032219101205144374,-1.6175158469544626,0.8210716593301548,1.908070873727155,3.1666994351240305,2.6540055476167197,0.81851130717709,3.4398303221798017,3.4398303221798017,3.547142361445111,7.195699290992309,7.985748181881121
R76 (reported),50,0.7633333333333333,0.49790881029119965,0.17576720300246532,0.18065844786894347,0.030253397623697918,0.020355946781422253,17.364831338705585,0.027074542730636364,-1.7560782026224517,0.8325381515197956,4.110247116244238,4.058953105378066,3.288207218090605,0.9806477954381307,3.745177118632739,3.745177118632739,4.045263782870677,7.359671981962094,6.923698609577457
R76 (reported),51,0.8333333333333334,0.5440076093552608,0.1314527943244784,0.14423677634319035,0.03175867716471354,0.025868274252350297,17.20045676585562,0.08863191720462704,-2.7716290057736326,0.7798156755171205,1.5455461430844366,1.417509317690076,1.9101132071830875,0.5202750453925091,2.3285002489064652,2.5388832171107083,2.3552300395593306,6.6731446633368705,6.509253253270884
R76 (reported),52,0.7533333333333333,0.4874043954834324,0.17077694674858446,0.18589453005692075,0.03329045613606771,0.05704070427259507,17.246118918389243,0.08132344348005993,-1.6219404913861077,0.8209175056099058,1.9374814982594444,1.8890898645116465,2.316133198629757,0.5434954515672814,3.296193014226901,3.296193014226901,3.3943216336591036,7.091380306114274,9.370985086523433
R76 (reported),53,0.8033333333333333,0.5190107429892019,0.15352431502449748,0.15979658475635153,0.02705378214518229,0.0329275274930615,17.285995991030575,0.03925158814512608,-2.2479464049908144,0.8306986210848479,1.4439378724518974,2.2678974399917706,1.213339518265542,0.5841846893079321,2.8415037315395466,2.8415037315395466,2.945386379133737,6.921200088335269,11.160343762219952
R76 (reported),54,0.7533333333333333,0.4766843453240689,0.1663550848884503,0.18589453005692075,0.026875457763671874,0.02440404036620633,17.333736055922742,0.10511038255126437,-1.5642731132438836,0.8554263121381644,2.222972063370662,3.105957383967052,1.8943534934919626,0.6270807897942063,1.6108138239405037,1.6108138239405037,2.064084585439673,6.981247145737484,8.822775090331902
R76 (reported),55,0.7766666666666666,0.505830943920933,0.16565161991251776,0.17368983293997872,0.024338175455729166,0.011421110384708815,17.35966689156203,0.04627912233779796,-1.9122657058213126,0.8598756470441214,1.8901643315862486,2.5699986294935684,2.5124637143083532,0.7628480339176349,3.320507088532082,3.320507088532082,4.028549168993948,7.0842231375519304,8.174117480792518
R76 (reported),56,0.73,0.4672668437386246,0.17776883808899124,0.19814412513304644,0.049012451171875,0.055489929825544515,17.196014901522318,0.10283063921463198,-1.3582169969706253,0.7526424205665196,0.7902609088600911,2.0766348989923813,1.3312674200332708,0.5400256123358247,1.8297643410444095,1.8297643410444095,2.345937759849221,6.564800528747014,10.041386595890998
R76 (reported),57,0.7466666666666667,0.49107246523451836,0.1813789386067999,0.18938983293997874,0.02411198933919271,0.031297324790092514,17.192105239203386,0.042298439197196225,-1.5929188363038929,0.8726859358557317,2.7160357830830435,2.5695119651234677,2.7048375322183347,0.5074982130976764,2.979494845078534,2.979494845078534,3.4287367550598447,6.5667753266361615,7.258884034764748
R76 (reported),58,0.7766666666666666,0.5085767869009422,0.1684858531383265,0.17368983293997872,0.03068323771158854,0.043648845793465264,17.25861982735509,0.029961338056272546,-1.9280745930401637,0.82334465298155,3.4067947479147733,3.6167657365820958,3.106670200072074,0.9036107291932751,2.5086750740471473,2.5086750740471473,3.639287027849207,7.119955855832387,11.315780795238624
R76 (reported),59,0.77,0.4938143224428482,0.16898045162175906,0.17717230783469848,0.028658548990885418,0.028083950142689232,17.27096853627566,0.046236662563443054,-1.7871981150890481,0.8382447610400616,2.6908104223933265,2.53567445283835,3.0121684883006594,0.7006812451325004,3.350237290270684,3.350237290270684,3.107006303052117,6.913967437193662,9.830822776800346
R76 (reported),60,0.7366666666666667,0.4767988644145651,0.18413611581166858,0.19463965940117542,0.029096628824869793,0.04014550057539614,17.30841127632948,0.05396404628852025,-1.4496490894069338,0.8505102767113962,1.6765075846307695,2.1100027528954115,2.230549771723531,0.9407364771455491,2.115066400756973,2.115066400756973,2.393279040190123,6.787358314343294,9.111121140873962
R76 (reported),61,0.7866666666666666,0.5119962914283464,0.15621552371112646,0.16847299273450878,0.021494344075520835,0.03109536335525637,17.4294698203135,0.07275628469839357,-2.0390407573229554,0.8724166780286673,1.612914191720165,2.232199644946263,1.7003704108757347,0.6928445373587522,1.3786813023265552,1.3786813023265552,2.802983717738215,6.864377375414165,6.549165744176776
R76 (reported),62,0.78,0.5192321038961653,0.1671002478318771,0.1719499699199408,0.029065144856770832,0.03323362470619212,17.398891213076183,0.028204262497525945,-2.0196696407560735,0.8309674327346295,2.142195514594505,2.4516753142185337,3.1076109106962235,0.8314852776877615,3.1157368465256354,3.1157368465256354,4.177010215447922,6.908772742872998,7.408515274141138
R76 (reported),63,0.7533333333333333,0.4800342486898155,0.16840939876936872,0.18589453005692072,0.02239079793294271,0.014569306565304327,17.39379379468923,0.09405941789786965,-1.5822935647586265,0.879551066262753,3.1134093307910007,3.0710648070346735,2.804403435122424,0.991252439948795,2.4857365794320003,2.4857365794320003,3.2816000915275936,6.750573050701831,9.813787650160009
R76 (reported),64,0.7433333333333333,0.47628452551375633,0.18559967886345902,0.19113885880882966,0.03330474853515625,0.029902769448135805,17.454535615455484,0.02897987347989106,-1.4918246790942669,0.8257562656661748,2.9802253684882487,2.225639738144423,3.0461200412627534,0.6759456353042879,2.688756420093199,2.9568239703343693,3.378174401158219,6.643649145776237,8.408419053794375
R76 (reported),65,0.74,0.4814577036130703,0.1817014389532278,0.19288880096256186,0.02053497314453125,0.023219004242098034,17.290776184212802,0.05799902303040105,-1.4960376196569198,0.8935398372427183,0.6521003331394013,1.4353437542409324,0.9838014882415393,0.43296914146924337,1.459847846914215,1.641423988854939,2.3307265538298907,6.548823726756211,9.531724752454409
R76 (reported),66,0.81,0.5195766838715173,0.1488375766505951,0.15633243555925774,0.03132771809895833,0.04659124068608646,17.284766152841485,0.047941803515379355,-2.323537319768629,0.7996083283236282,2.235283147518743,2.1437650904091186,2.3959667251140218,0.5972116533868643,3.4091029134662563,3.4091029134662563,3.5547541463519394,7.0700889005266845,6.776851350699758
R76 (reported),67,0.7466666666666667,0.48451813967836094,0.1745395906969886,0.1893898329399787,0.028738657633463543,0.03470947813511614,17.42185596594848,0.07841097915586848,-1.5583112470029694,0.8482565975831904,1.2591869582513766,1.4459736652600839,1.9698032662381308,0.5739232247837549,2.66448517889674,2.66448517889674,3.048421487961349,6.906532350669579,9.513865822442284
R76 (reported),68,0.7633333333333333,0.5000376264136502,0.1795612639229099,0.18065844786894344,0.03023920694986979,0.0599532735634008,17.647023967811037,0.006073250152295651,-1.7678618537473358,0.8326167012582414,3.9401043251206715,3.0320203992696406,3.3271066825605544,0.7651300839320356,3.90046346177175,4.261906837497747,3.971071445962991,7.171811107766587,7.82095947819343
R76 (reported),69,0.7933333333333333,0.5002328161536845,0.1472855180513025,0.164999680688602,0.03343775431315104,0.048169578212396716,17.499165481506083,0.1073587692010799,-2.031719904341852,0.7973465513775332,1.8134277308023172,3.2718806359220878,2.429078392686762,0.8859316987418708,2.285219280439577,2.562699775797938,2.9304212654042487,6.875436501468329,8.43863266476464
R76 (reported),70,0.72,0.46499530598917127,0.18777608067640908,0.20340769586746263,0.022712504069010417,0.03483200034503517,17.181324268850005,0.07684869111952808,-1.2860261211166524,0.8883399963204464,1.5318750329055604,3.608897148722974,2.13430615684058,0.43893038207710333,2.473907521859985,2.473907521859985,2.48788694644594,6.83161077312343,8.814855066857575
R76 (reported),71,0.7233333333333334,0.4642101013548692,0.18309140849569194,0.20165225600444256,0.012867380777994791,0.03029177393093675,16.994652830452168,0.09204383762679902,-1.3020327694456455,0.9361902463530519,2.4951376371272715,2.1325645544764313,3.072769549690264,0.5224509341138344,3.9260926280796298,3.9260926280796298,3.909956559268238,6.889863473788154,7.688284880505506
R76 (reported),72,0.7933333333333333,0.5265926772116215,0.1545647485066447,0.164999680688602,0.01862981160481771,0.021063490185859648,17.480489765767118,0.06324213561146685,-2.191476947191438,0.8870918323776814,2.0133215412613765,2.630842966288469,1.8619027280531952,1.0158211904535506,2.3549329263860272,2.3549329263860272,3.3140567999610084,6.766206215858773,8.596786112609777
R76 (reported),73,0.7366666666666667,0.48541953700990786,0.1902114464555091,0.19463965940117542,0.028130950927734374,0.0402473708177561,17.496267799137968,0.02275082559890451,-1.493939511111662,0.8554716391598634,2.2176950605584693,3.313398980041086,2.438502786966751,0.984441958585279,2.7372208885006444,3.1412860137708094,3.136049084508727,6.865280421628796,7.786079865860245
R76 (reported),74,0.7533333333333333,0.48847760560153136,0.17616969598158416,0.18589453005692072,0.02917755126953125,0.07944901779534891,17.454389410310114,0.05231371828078435,-1.6277137119201948,0.8430424431499027,1.7464094969847395,1.6567894884328496,1.5818183313885754,0.5889059045302361,1.5480613611354954,1.5480613611354954,2.2564575962524316,7.085034981648846,9.33723701102204
R76 (reported),75,0.7866666666666666,0.5147570320675001,0.1607813989113409,0.16847299273450875,0.024894002278645834,0.03302919225925987,17.552942944279067,0.045654758654930405,-2.0554276012576653,0.8522374306137275,2.2141869674824193,2.895913972375496,2.6076705526417356,0.8148545894421488,2.7504976870016264,3.0098856247357446,3.275597005195948,7.35656556783627,8.284747447984898
R76 (reported),76,0.7833333333333333,0.5069704481532331,0.1682755297702056,0.17021102318478407,0.023661753336588542,0.04091250083093429,17.477699097144523,0.011371140237358524,-1.9784818789489158,0.8609857758101781,2.7291958349532024,2.5703100280497324,2.0870033692289667,0.7499826291690113,2.118008196329214,2.5706017102944543,2.550901387313388,6.978508979119766,7.200874822927801
R76 (reported),77,0.76,0.4894353132214559,0.1694732091589331,0.18240289231338797,0.024193929036458332,0.05628175470295147,17.558666744792276,0.07088529677610744,-1.683265089791191,0.8673599484656715,2.6130277925078076,2.4288468428001693,2.0623608241937745,0.7427436579877167,2.3568752203091776,2.3568752203091776,2.3230427995386265,6.898265991101681,9.353809265109476
R76 (reported),78,0.74,0.47972287217444726,0.18121071565323585,0.19288880096256186,0.03770477294921875,0.00631918901582997,17.13177124131917,0.06054309659788193,-1.48704367376703,0.8045258575870512,1.5067217900635796,3.3141686041124387,1.5351143539566294,0.5703338295728884,2.0436815304522895,2.0436815304522895,3.294161342043168,6.58941262093623,11.267781613602182
R76 (reported),79,0.79,0.5066773422734768,0.15887313831536914,0.16673587856911473,0.033471323649088544,0.01478661898886469,17.461993244164432,0.04715685862707919,-2.0388021259830458,0.7992554215905359,1.3882708387099,1.0899738361680704,2.042369526728862,0.35832906702094647,2.8158195305834965,3.407588652515301,3.1422585094320823,7.111149714273324,8.453944507173503
R76 (reported),80,0.7266666666666667,0.47292598885580656,0.18771199498749055,0.19989773242630382,0.049023946126302086,0.04976767375206247,17.013354235661268,0.06095985827806116,-1.3658396877021097,0.7547548662445398,2.0427037385695144,3.5832574281863003,1.441487183966217,0.40766554429063717,2.70028039354537,2.70028039354537,3.2046722128247893,6.730053991893811,10.31187838169086
R76 (reported),81,0.7633333333333333,0.4889936189223954,0.16821874702287354,0.18065844786894347,0.03358617146809896,0.041136688466461985,17.20944532448044,0.0688575651612714,-1.70672988000611,0.8140902245962854,1.9574347140932389,3.059707903312585,2.3987185345549165,1.0357900710246213,3.731955172375592,4.001091331103652,3.053142777049885,6.567463288548566,10.139663253946907
R76 (reported),82,0.7466666666666667,0.4865474996982625,0.18055274795355802,0.1893898329399787,0.02729217529296875,0.06296683528345437,17.32570832690186,0.04666082043179853,-1.5690265002369945,0.8558941899398678,2.4045740049296,2.4122320006911195,2.6003595457502513,0.7335159325263589,3.22607182388046,3.52522350014209,3.085342474383026,6.762871458883751,8.692257647633284
R76 (reported),83,0.79,0.5166735121856468,0.1605319951963098,0.16673587856911473,0.021671854654947916,0.04113303455456295,17.421232480213774,0.03720784888078732,-2.0987542490531053,0.8700228478661562,2.4226540373261685,2.8861855038798865,2.162127194075282,0.7901664774955179,2.704487108093929,2.704487108093929,3.3792796097775692,6.814458444111466,8.75372738161468
R76 (reported),84,0.7866666666666666,0.5109746737529652,0.16269095344247392,0.16847299273450878,0.03492660522460937,0.03282423452666684,17.347792791201982,0.0343202741174462,-2.0329767724741137,0.7926872155725927,2.1674998120093107,1.8075530822389965,1.7473173253351888,0.5907705299831036,2.5509284466966733,2.5509284466966733,2.0428823127119244,7.063172738108392,8.45090921372713
R76 (reported),85,0.8066666666666666,0.5182829678248884,0.14844163878609734,0.15806405201536397,0.03011571248372396,0.04618439609855213,17.404355801847203,0.06087667060649138,-2.27894268947699,0.8094714636266779,1.5386214306648753,3.023867867824464,1.770963141595871,0.5613718063077044,2.1658612256040897,2.1658612256040897,2.651042743147741,6.773135205451041,10.557554499076616
R76 (reported),86,0.73,0.47161641041575253,0.17721558014285732,0.19814412513304644,0.018779296875,0.020963957216577983,17.65567478660111,0.10562283881056966,-1.3801685268189483,0.9052240541454842,1.4963603332874982,1.3025731321621663,2.25372196201576,1.0733657766067495,2.094288911728455,2.094288911728455,3.2615274514888597,7.197210654311931,7.795650633871077
R76 (reported),87,0.7933333333333333,0.5114394065530956,0.16054408536357562,0.164999680688602,0.0324102783203125,0.03362378774467663,17.1917937456966,0.02700366028850243,-2.099638765473231,0.8035736906577458,1.9958820007405507,1.6975643309766895,1.7485050830218825,0.5343746447548483,2.6225564396218886,2.6225564396218886,3.1443342641804293,6.640072709645011,10.128315553627885
R76 (reported),88,0.7566666666666667,0.4921608290051673,0.17110204207462076,0.1841482530427137,0.030782063802083332,0.05321940654693327,17.223268710021102,0.07084623803119561,-1.6726337115509273,0.8328408589630044,1.4373746318502185,1.802729319145044,2.211969732452843,0.6446087962055742,3.5159677206188746,3.5159677206188746,3.878571670890665,6.781328862732465,10.6250744691215
R76 (reported),89,0.7233333333333334,0.47782461705792884,0.19721174842014433,0.20165225600444253,0.019737599690755208,0.021249642080683567,17.141609891844837,0.022020619418214538,-1.3695475891298834,0.9021206105905387,2.603750835227487,3.124238309807396,2.013138114134108,0.5979152796506071,3.6150024221813624,3.6150024221813624,3.197771573875002,6.700497287642548,9.976079609840326
R76 (reported),90,0.72,0.47111014822135455,0.19082670753013858,0.20340769586746263,0.03759811401367188,0.05121870672050729,17.546414668733973,0.06185109311459691,-1.3160881215051115,0.8151588421798444,1.5327032343784595,1.4168719731845272,2.1696635909064526,0.7373065394146181,3.153415713534912,3.027669312286463,3.4400663738530852,6.802812266721219,7.14853625692831
R76 (reported),91,0.7666666666666667,0.5012553900485244,0.1730129585823667,0.17891491970938034,0.03170247395833333,0.036859585617890864,17.207222297869208,0.0329875291373154,-1.8016410865160735,0.8228069855223415,1.1090319470081056,2.029929687403836,2.081883067603229,0.5631317175886181,2.784826127639491,2.784826127639491,3.266188206568785,7.068586432063,7.571923059888462
R50,42,0.45,0.2909855996407382,0.22474894258636424,0.2503444444444445,0.022685750325520834,0.07011429424469905,16.704893600086038,0.10224114185909283,-0.1623409510304219,0.9093818503707393,3.4191667759873496,4.915037143673814,3.5514885986920604,0.3996694748434635,3.5470766465101207,3.5470766465101207,3.5742054942483605,6.429605494320498,12.91460507292119
R50,43,0.4866666666666667,0.3210330016499132,0.23169099672167828,0.2500756166412143,0.029162241617838543,0.03555779694640218,16.96067436214892,0.07351624347251973,-0.2837437170474004,0.8833863052723054,3.143763466713196,3.107741042825765,3.5176404162701402,0.442701390841151,4.038614968205152,4.038614968205152,3.5534879583850767,6.420701480128741,10.275569666591835
R50,44,0.5233333333333333,0.3363180483926092,0.21890589276260547,0.24991765930862145,0.025944061279296875,0.03773314481155814,17.13499951032236,0.12408793612987457,-0.3457154221234626,0.8961895635903874,4.854843944054593,7.16353713641081,4.371016005549222,0.4331092455550021,3.6061799862334,3.956697965377245,3.742732140495008,6.331272290989006,12.212483436040628
R50,45,0.51,0.3414119455068853,0.23468382886520586,0.24996227035031704,0.029470367431640623,0.07113371210781766,16.92800670728063,0.06112299053652681,-0.36585391478643325,0.8821007370818864,4.808054070561383,5.873174508350999,3.9140196880981364,0.7521617051986595,5.541882378668191,5.541882378668191,5.5194203388922745,6.5298387904273625,14.802483842316263
R50,46,0.5666666666666667,0.3678662578493322,0.2270512453278815,0.24987392290249433,0.014476165771484376,0.04771374137167956,16.9894416610709,0.09133677219898884,-0.47220747798032847,0.9420661203724998,2.1156285608286254,3.475490638644274,2.9125630345250926,0.452631819016986,3.5542450374778554,3.5542450374778554,2.783759349070934,6.604903437155215,10.006743597792436
R50,47,0.48333333333333334,0.31693834448181724,0.22987290026899923,0.2500954741080106,0.03078150431315104,0.0826886401538547,17.208211859473522,0.08085941543379427,-0.26726941226029033,0.8769209861836316,5.044818407775935,8.09350812267894,4.855337142117207,0.718415909712192,4.517870897711106,4.517870897711106,4.836969219134204,6.7573310097730115,9.985224839177832
R50,48,0.5033333333333333,0.3236260235648066,0.21877774138572548,0.24999007358045258,0.016735280354817708,0.029045295747748445,17.21152643901398,0.12485428620301697,-0.29455549546312776,0.9330562205325649,3.914963765037143,5.168474706593614,3.5765096445302618,0.5938993612275993,4.265503733417859,4.265503733417859,4.006906153283651,6.903347029448113,9.403835291948312
R50,49,0.5133333333333333,0.3379906955087303,0.22801884762249633,0.24994974316257118,0.02227752685546875,0.0066895346363471785,16.840295435912722,0.0877412205453264,-0.35223461817640644,0.9108719754075558,3.7955914891107057,6.258058594423815,4.108493363948369,0.38284825975624415,4.879953045478203,4.879953045478203,4.812982135148005,6.519057364166045,13.132134352241806
R50,50,0.48,0.3173563053437831,0.23589899335748338,0.2501162478596881,0.017266947428385415,0.03401660958968263,16.842319173971816,0.0568425866926503,-0.2688352238588505,0.9309643112906766,7.580497635588074,7.618813031386821,7.325856782875235,0.49897022556632464,7.469413947991725,7.469413947991725,6.507546284331198,6.556026036580704,12.859958013720927
R50,51,0.5433333333333333,0.3600593838042777,0.23794041099201726,0.24987823129251704,0.03589894612630208,0.049678827445802695,17.104671631135673,0.04777455098329442,-0.44093938052082016,0.8563342395189384,4.178713097949668,4.527375273919418,3.8618616509984918,0.5993893945989299,3.984472206330139,3.984472206330139,3.1265464467895754,6.7705740408094215,11.865836735025411
R50,52,0.49666666666666665,0.32534523751604943,0.22628155171741515,0.2500215419501134,0.019168548583984375,0.07012939755397292,16.964155215022814,0.09495177914483488,-0.3012688225919562,0.9233324119414916,5.053877894094072,6.5490331214923145,5.144922217976841,0.7366176415691115,6.497851672110983,6.497851672110983,4.99902598525307,6.615424911834964,14.373134456184943
R50,53,0.5466666666666666,0.3536793542374872,0.23044521285834316,0.24987486695358407,0.021275482177734374,0.08109930955772093,16.96095683634688,0.07775753653067519,-0.41542588316089235,0.9148554537032072,2.3992214865030093,4.053600641498022,2.7507076391151344,0.5509874843213964,4.158568979158744,4.158568979158744,2.828658790704381,6.291765685706011,12.136070599014843
R50,54,0.5166666666666667,0.3282364462842884,0.21702172804496087,0.24993813225970654,0.02318267822265625,0.08744998673855514,16.940961048771598,0.13169820834118573,-0.31327078151973775,0.907246333270317,2.969966451402186,4.8142244069923805,3.1283866491703094,0.4578807416877453,4.273626700347037,4.4371353513314915,3.0470096574079975,6.829754068729315,14.164846666488543
R50,55,0.54,0.35012851758348434,0.21789190457191002,0.24988251191633115,0.020214945475260416,0.04288276027860422,16.97331363147761,0.1280225938945765,-0.40117255464727686,0.919102199988973,4.428424139836636,4.51591693848458,3.9482331902012078,0.4705984045935736,5.8757197502839915,5.8757197502839915,5.074156306888838,6.812537212691112,12.506718911925248
R50,56,0.4633333333333333,0.294884677410321,0.20032293985117056,0.25023386089129523,0.034627583821614585,0.05299063854950804,16.916123220708613,0.1994571032966902,-0.17843634894169114,0.8616191122245552,4.173995576626368,5.746836567883321,3.680123945727246,0.7273973896260202,4.456022421358881,4.456022421358881,4.332349734334471,6.571865242597227,13.137397872369746
R50,57,0.49,0.3255756585769966,0.23567387759258157,0.2500566754592993,0.023398284912109376,0.048038190280927755,16.730053079777264,0.0575181519961413,-0.3020074668232129,0.9064280732792602,5.5805205383075815,4.404314576819161,4.311313911677956,0.3294453356032534,7.0128692033889735,7.0128692033889735,5.854664481050548,6.474853143479436,11.851990530359728
R50,58,0.51,0.3361173031880935,0.23146575922892348,0.24996227035031704,0.027769266764322918,0.04165705271687209,16.855476123156805,0.07399721204112553,-0.34467214878882313,0.8889061668170766,4.377746686171562,6.179085282287687,4.377746686171562,0.5565851894081391,6.370564232689119,6.370564232689119,5.295812536890082,6.454581813771554,12.580585580900973
R50,59,0.5166666666666667,0.33272567161523037,0.22523882076453902,0.24993813225970665,0.025898793538411458,0.05289558490697887,16.986749862150262,0.0988217014821211,-0.331232127755122,0.8963791827031001,3.643550416460002,4.646486506328898,3.2767343388078842,0.5261049340260797,5.385708476597031,5.385708476597031,4.629544216316432,6.355646684883737,14.246085412878827
R50,60,0.49333333333333335,0.32538233346135675,0.2335340241362466,0.2500386505622657,0.042871805826822915,0.017319807207482565,16.912280800236687,0.06600830067233565,-0.30132814558735044,0.8285392849048879,6.390437509109432,5.012685013220988,6.207780433997769,0.45241639148331103,7.106711125220443,7.106711125220443,7.0094403584858185,6.146357341203895,13.459348090828996
R50,61,0.5066666666666667,0.33123733336707517,0.22259499847481698,0.2499757138229441,0.033204600016276044,0.062409361020838085,16.88344948440742,0.10953350199260026,-0.3250780577895982,0.8671686960766332,3.0821871049843423,4.956353120573709,2.500592165703523,0.4751567528576146,2.88160657248649,2.88160657248649,3.5627811692095435,6.6613110625487195,11.207834181425454
R50,62,0.49666666666666665,0.3331754959400611,0.2330689810406536,0.25002154195011334,0.023673858642578125,0.03867396297088398,16.966075661939342,0.06780440108173669,-0.3325871576559567,0.9053127244239548,5.029656226231822,5.173695324498553,4.860459823834589,0.5464952682648772,6.006698063045022,6.006698063045022,5.499547519682423,6.3550392716682325,12.64532346986843
R50,63,0.5,0.3186050113418502,0.2157380802199837,0.2500053496228423,0.02775792439778646,0.032890285006197006,17.10043580620416,0.13706614460272215,-0.2743927752845978,0.8889706782688369,4.143415603558594,5.376052183706307,4.6199008262020556,0.7182107006441498,4.924373350355367,4.924373350355367,3.9014813703109184,7.006527566470055,11.252580113186724
R50,64,0.43666666666666665,0.2850262032823891,0.22489031645588922,0.25046968855569435,0.03808644612630208,0.05378349202865469,17.11010064378931,0.10212561946040555,-0.137966853098916,0.8479398990515645,5.88069295510212,6.972020931986322,4.847131342966648,0.47253394982048746,6.128714141883506,6.440334321379154,5.354043695097445,6.2588467599766915,11.94233017511415
R50,65,0.5233333333333333,0.34169336250093835,0.22357267648312046,0.24991765930862145,0.024993387858072917,0.025043848539779603,16.787458066330856,0.10541465096297087,-0.36722376260328105,0.8999935101536432,1.6131630328432038,3.3960274159898916,2.1234341381585864,0.35528764196260454,2.2058414179591495,2.547282693315367,2.4611300354814034,6.026854917316882,13.285553150560162
R50,66,0.52,0.3396334835447378,0.23529233709335615,0.24992743764172332,0.017200927734375,0.0300403628365835,17.05238942815224,0.058557398445171605,-0.35892836236576064,0.9311763130263716,4.2659453515646675,5.194472681882971,3.6095927416228477,0.46182653078794544,5.445908162037767,5.445908162037767,6.184644462505744,6.28081723176804,11.428756837074033
R50,67,0.5033333333333333,0.3281055673509718,0.22564371298429953,0.2499900735804526,0.027387237548828124,0.0757995085320368,16.920799739554354,0.09738930929318623,-0.31247438208933453,0.8904466999166099,4.023564581899706,5.4927442022365085,3.1336676391861857,0.5633112544356607,2.6835797108917347,2.6835797108917347,3.3577690331536445,6.453782986857561,11.808962701127072
R50,68,0.48333333333333334,0.32360673646882493,0.24201377025453533,0.2500954741080105,0.02919428507486979,0.05292031410672843,17.154775361495865,0.03231447463133552,-0.29393279755661084,0.8832674394488984,6.928197138380796,7.16126946443805,6.414003334895995,0.41422809899574986,7.83897153782101,7.83897153782101,7.933465974780532,6.602183562698798,10.391849095896887
R50,69,0.5033333333333333,0.31690588282035115,0.21101864219522934,0.2499900735804526,0.020824991861979166,0.07437707308906524,17.143062805256605,0.1558919153351157,-0.2676738651319428,0.9166967249390516,2.976087191888837,5.758452319724142,3.384466391256197,0.4772611638088762,4.228712683011722,4.670257101622752,3.0208106265000083,6.6290497727014355,12.66872805676681
R50,70,0.45666666666666667,0.30094589839886493,0.22734486490383038,0.2502873200981073,0.029217987060546874,0.0549551247342956,16.78173198353069,0.09166447259607058,-0.20240169690138754,0.8832622162037851,4.264648949764208,5.125486026962918,4.079157100934609,0.5292045485085453,5.054008353442427,5.054008353442427,4.750980215995455,6.34069145838842,13.16899105257744
R50,71,0.48333333333333334,0.31729315346521814,0.23391199427361622,0.25009547410801053,0.020346476236979168,0.08991519035687438,16.579414463970508,0.06470920712225692,-0.26868810639966423,0.9186451641736149,6.175430571172981,5.737449347621208,4.802819218475264,0.31936094012731076,6.890843429958579,6.890843429958579,6.875207076366976,7.103602100360405,12.694592405078225
R50,72,0.5333333333333333,0.3577099331421197,0.23493126408958376,0.24989382201860333,0.01995203653971354,0.08423496113782471,17.242586063020212,0.059875661623622234,-0.4314476854713518,0.9201579439677856,5.482649903129754,7.091589877295036,5.327504431841916,0.39214935040281773,5.0110523179898365,5.0110523179898365,4.505252738050913,6.458770984261633,8.987222049413475
R50,73,0.51,0.33458407363542214,0.2281950528761712,0.24996227035031704,0.020484568277994792,0.05526031260481868,16.895697303177258,0.08708201219183809,-0.3385383048670081,0.9180493590121177,5.408002441501324,5.970818915882134,5.381373715279437,0.4527295979038115,5.328975571185566,5.752986855042053,4.611986029969231,6.129638937236479,11.351947960603027
R50,74,0.5,0.32943252691946046,0.23185650045971967,0.2500053496228423,0.02359125773111979,0.04934309523275824,17.00486390080343,0.07259384325376228,-0.3177019108448753,0.9056369883016122,3.8497081959203996,3.5541718384261287,3.3810671900179585,0.3815987893785717,4.55032103962084,4.55032103962084,4.4755567209389255,6.2338177290690595,12.563435607365562
R50,75,0.49666666666666665,0.32577916152337577,0.22490042819586942,0.2500215419501134,0.02529790242513021,0.0659247573301313,17.22971289579698,0.10047579723852906,-0.3030043690730386,0.8988171090066396,5.4964443335773865,6.3653057944766545,5.326943993897842,0.39552320818050646,5.954008723945961,6.380211300189686,5.885708435253662,6.453169640457929,11.399051780679542
R50,76,0.52,0.33840134565528046,0.23675557347095244,0.24992743764172337,0.02285186767578125,0.08294395793182674,16.899497624914062,0.05270275362744725,-0.3539983798833102,0.908565990627488,1.4926863551715144,3.9906436410695676,1.5912856136162503,0.4898286749655938,3.8579211587979785,3.8579211587979785,3.9194627259059445,6.826042641662724,13.965073058013388
R50,77,0.45666666666666667,0.29616378890504064,0.21278107598091803,0.2502873200981073,0.018569183349609376,0.024967766635274013,17.303869370323852,0.14985275363725026,-0.18329521762808754,0.9258085333994122,4.11587142504834,6.003025502820776,4.717457610294872,0.6031777499103583,4.789692926144227,4.789692926144227,4.456108937864826,6.699987542669987,14.22909622067425
R50,78,0.45666666666666667,0.29958207656402197,0.22119824271463107,0.2502873200981073,0.017520294189453126,0.029769656081395486,16.81033203924116,0.11622273702109209,-0.1969526720194703,0.9299992737043749,1.5816488199513117,3.804978038695623,1.5986737765476562,0.34099156090132965,3.1906055370176176,3.1906055370176176,3.943891392636118,6.4345214927050165,14.894823557701699
R50,79,0.52,0.3357135847974823,0.22916405148831814,0.24992743764172332,0.019041239420572918,0.07714674478783758,16.992443006072207,0.08307765785671739,-0.34324421506187486,0.9238129290635589,3.4352874689642903,5.091890966408087,3.313489525124467,0.3961937742528221,4.94661958517807,4.94661958517807,4.718783443889706,6.48708218841071,12.78526002416703
R50,80,0.43666666666666665,0.2924031375733801,0.23450169841665433,0.25046968855569435,0.01221221923828125,0.07524012322987547,16.620848014015266,0.06375218586774978,-0.16741925643574018,0.9512427259813286,3.986552131067228,5.890077881082107,3.605292650225053,0.3170576859468355,4.631246668892672,4.631246668892672,5.290659778970181,6.421719023347819,12.495809740017037
R50,81,0.53,0.3427718965264192,0.22905922084163743,0.24990085149706143,0.025533243815104165,0.023164241660764844,16.918544634841012,0.08339959840300537,-0.37163156697147093,0.897826503342649,5.817092201235482,5.735079312171649,5.103749586786847,0.9879730454546802,5.219147094515918,5.673604095613598,5.578457144146526,6.344192571540404,13.040847810539248
R50,82,0.49,0.32477730685205003,0.2312169958090544,0.2500566754592994,0.021068623860677083,0.03025274011199401,17.369778475025882,0.0753416385131116,-0.2988147837105537,0.915744605410039,4.3785355236176855,5.418864462691431,4.502890336992408,0.5442472411540393,5.536249570074972,5.536249570074972,5.359745095350277,6.610834016782178,10.354624195837388
R50,83,0.5533333333333333,0.36319929486511643,0.2304811215455257,0.24987088713036235,0.036587066650390625,0.09030703508079103,17.03374228765469,0.07759913852917422,-0.45354786640521483,0.8535761125652768,4.792306793753369,5.480280743709869,3.884836913466671,0.38083929078206324,4.883333315511777,4.883333315511777,5.233036009588091,6.724706846651941,11.181996135689644
R50,84,0.55,0.35704401619710474,0.22475285597950237,0.24987241889953263,0.029989166259765623,0.07242120145693562,16.783157813079796,0.10052955436482247,-0.4289052700156679,0.8799820868912166,2.619469419575239,3.664720803880556,2.305605138874526,0.729305840867255,2.9577276620000674,2.9577276620000674,2.9152747959834784,6.456415401408279,12.159047387241557
R50,85,0.5,0.32186549589317065,0.2143181462816577,0.2500053496228423,0.042827911376953125,0.08466293522824501,17.09457782262247,0.14274575882085028,-0.2874344344180493,0.8286920202245143,4.021634111506643,4.667226737195449,3.8819789741960733,0.30277946920801924,5.62969641397919,5.62969641397919,5.450293596079206,6.510227760447378,12.805351861924464
R50,86,0.4866666666666667,0.31944034896170576,0.22958416926462666,0.2500756166412143,0.025820871988932292,0.04535822421992292,17.148415400788238,0.0819410050920194,-0.27737503260867546,0.8967477423999408,4.780194654944424,5.699519415815729,4.14676048065607,0.5925892735118055,3.7467679739055058,3.677847312684463,3.905704897171546,6.149061862612797,9.7260223677918
R50,87,0.48333333333333334,0.31923294645493994,0.24062629631118806,0.2500954741080106,0.03632074991861979,0.04388266973521553,16.62325634710737,0.03786225172844593,-0.2764443162896679,0.8547724622040394,6.014897114394159,8.037900675536278,5.4285939769433185,0.352033430690625,5.1411403961348014,5.1411403961348014,5.674154407795513,6.195028257766353,13.64537915653618
R50,88,0.48333333333333334,0.3170709979672158,0.2254636656274152,0.2500954741080106,0.02656183878580729,0.04408426302369391,16.88262592018009,0.09848962108749493,-0.26779982363967125,0.8937932048528962,3.996788937673358,3.8038482660619195,3.2342975742157023,0.5206607847598974,5.10322290709712,5.10322290709712,4.896082947734072,6.600575892620498,12.976798037125235
R50,89,0.49,0.32534649579592606,0.23380170787824014,0.2500566754592993,0.02474634806315104,0.08366130140758314,16.963499395718372,0.06500513354103576,-0.3010910234583253,0.9010370428316004,3.5531733018484033,2.9278243363070686,3.0242984622345546,0.4428810742973326,5.246852791808777,5.246852791808777,3.897163872214634,6.202937570895557,11.174948281122724
R50,90,0.53,0.3484336053431348,0.22976409398218134,0.24990085149706143,0.02222691853841146,0.026098321781147876,16.94815760900792,0.08057898720331846,-0.39428738740104685,0.9110570516056332,3.6371172911619283,4.177295417926899,3.58938853575863,0.46317794811608337,3.9488548635345495,4.290254120109154,4.205438622903571,6.176424025358884,13.163907174299254
R50,91,0.54,0.3572750190562975,0.23667695573976053,0.24988251191633115,0.028565266927083333,0.05100779413900842,17.10236216533488,0.05284706030565389,-0.4297720009150736,0.8856852097891191,3.4882945503428004,4.149250573672845,3.3292277380578525,0.38640636579431487,4.154006536894798,4.581375959810146,4.959867937627763,6.610574796880442,12.596984122755998
R33,42,0.30666666666666664,0.21172697128740905,0.19346110168529615,0.21342692859456705,0.027396138509114584,0.04782344432306278,16.37063844166213,0.09354877119184268,0.007965055386179976,0.8716369171897834,9.13949223481044,8.214569367957075,8.602566223709978,0.22096949985819236,9.025415798117415,9.025415798117415,8.415036397738284,6.945417857238731,12.349831621491155
R33,43,0.33,0.2302303249060234,0.20881407520330098,0.22112077375167752,0.04432474772135417,0.05616197885136846,16.512329471770386,0.05565600345717481,-0.04119717473753082,0.79954507679531,4.122009043599647,4.911997702658283,4.440353595777879,0.3715811400855955,5.46921342749765,5.46921342749765,7.232002256540156,6.4977209890190295,12.538309733639053
R33,44,0.37,0.25276920368327077,0.22202835974757482,0.23441467906890645,0.02865203857421875,0.03597124711419481,16.505606463759264,0.05283935020848529,-0.07829938247582602,0.8777719949619859,5.239022774434503,6.2217407027224,6.093234947114524,0.2244766440681758,6.214966177153855,6.214966177153855,7.095956638090101,6.4308937165343565,13.651186220343106
R33,45,0.33666666666666667,0.24052047937693394,0.2158184773968631,0.2233272617890694,0.027065836588541666,0.021293495550287117,16.430810922426843,0.033622336709157596,-0.07698664932409094,0.8788063921452406,7.630311257198741,7.721634260956122,7.2623787133584585,0.37933000940103057,9.870097981009678,9.870097981009678,8.897620285054643,6.54089917263002,12.71737068233665
R33,46,0.36333333333333334,0.25166261800493106,0.21989552697348613,0.23218986533388866,0.03335723876953125,0.0421925473431584,16.12551672096781,0.05294950467680104,-0.08386564436410948,0.8563363705751601,5.374432058322313,6.347995810156419,5.295004009822307,0.2602230823173528,7.581211271169536,7.581211271169536,6.00417881374824,6.82553511288279,12.434565200007299
R33,47,0.32666666666666666,0.22686604994405704,0.20647833824578868,0.22001890416030354,0.02746210734049479,0.04901868530228042,16.39847252939684,0.06154273863962767,-0.031120715785243336,0.875182964639774,7.130370069802311,7.246398285289274,5.953296695211748,0.44652901744267126,7.176763274753313,7.176763274753313,6.372505917545055,6.4464556036312075,12.552704975384827
R33,48,0.37666666666666665,0.26006578385341167,0.22486556213959225,0.23664315794344948,0.03545984903971354,0.009098729901194034,16.547033348294207,0.04976943304091519,-0.0989786736853786,0.8501547674233313,5.7380372925346705,5.677035081174893,5.6497941251492705,0.39189003389712695,6.794623002687388,6.794623002687388,6.843363931017819,6.806249749055951,11.634601635663756
R33,49,0.31333333333333335,0.2196120198336329,0.20192156369220662,0.2156205886436207,0.03272801717122396,0.03817419470826365,16.229557072882898,0.06353300970741671,-0.018511363943121806,0.8482147860874405,5.562213734901491,8.193535569053864,4.9740918058322166,0.18850823656036653,5.5250694915499,5.488182339526659,5.694640792806638,6.730488026388969,12.398512105906946
R33,50,0.30333333333333334,0.21054228864299032,0.19498103109403814,0.21233147299736221,0.027217356363932292,0.05741027193698377,16.128766221921666,0.08171394310225322,0.00842637376887656,0.8718166648602752,7.78468246144557,7.815732991697175,7.488612287573787,0.3820688631589988,7.115464323542298,7.115464323542298,5.588463960785376,6.85045784172577,13.437487841870805
R33,51,0.36,0.2442880727042535,0.21288438508835558,0.23107883289370165,0.03872553507486979,0.08101513322912637,16.174463370060153,0.07873697290878945,-0.05716334830472425,0.8324141826842103,7.50203535530062,6.039310442696134,6.087641551973562,0.36792879943698154,6.532740503876568,6.532740503876568,6.957639999797593,6.469088738182123,13.779993643789723
R33,52,0.30666666666666664,0.2154859322064945,0.20525566325027328,0.2134269285945671,0.03227915445963542,0.05643528197413181,16.401912765696544,0.03828600916530189,-0.009647346871765938,0.8487578176184414,7.896115320382712,7.568055288709964,7.45531522987843,0.3325843226152685,7.250790614832617,7.250790614832617,7.075254894318512,6.280499383239366,12.512742883467858
R33,53,0.36333333333333334,0.24757535854230583,0.21577585903912233,0.23218986533388866,0.03918629964192708,0.08716318524794085,16.629210218405092,0.07069217371379677,-0.06626255278753379,0.8312316535195141,7.021716494896111,6.72404514722291,6.535869481482109,0.285384305262653,8.577212983966291,8.577212983966291,7.839921000015977,7.006273150715771,11.781647384229188
R33,54,0.35,0.24097331285546214,0.21314774188608887,0.2277512332824286,0.03731160481770834,0.023400141783506044,16.45337451033616,0.0641203614394057,-0.058054919758160795,0.8361738626835924,6.794507696153701,7.132934138977561,6.267797704381778,0.35296333644683386,7.7029247948479025,7.7029247948479025,7.374952108635526,6.513191758217644,10.947222237591461
R33,55,0.37333333333333335,0.25720051165246993,0.22082586923117006,0.2355284603637373,0.031133321126302082,0.02845201961976062,16.472056741123353,0.06242384088046671,-0.09201457545836922,0.8678150356936845,4.884575773053953,5.2197814499508866,4.540064907467425,0.25868387328769415,7.678768458117602,7.678768458117602,6.6826957021287114,6.7740055584612975,12.671351486727957
R33,56,0.3,0.20848816646747978,0.19378016060403713,0.21123693368503865,0.033262990315755206,0.0262845204041564,16.498031520939307,0.0826407237430844,0.013012720690489532,0.8425323179262229,6.871433253208792,7.56600814029855,6.596696076773682,0.3995605327078451,6.586299833155138,6.586299833155138,7.037280927594026,6.5680806787943595,12.366546291656036
R33,57,0.30333333333333334,0.21292940907562577,0.199700362926828,0.21233147299736221,0.015148213704427083,0.047073279255282874,16.179796440300997,0.05948769578163826,-0.0028160501588523346,0.9286577091441585,7.1016796428123925,7.618204759437681,6.462481507883801,0.31518582555783325,7.420171485453686,7.420171485453686,6.465929245087942,6.433696372818481,12.559737350467195
R33,58,0.32,0.22586497698628724,0.20749117651274473,0.2178179138321996,0.01632537841796875,0.08395062406309642,16.697741692412336,0.0474099542033547,-0.03694399148587424,0.9250503407605615,7.220671516287339,7.104293036174823,6.782591117397374,0.602693756591762,6.550786517346992,6.550786517346992,6.761956666251962,7.104874184711804,11.296512383400284
R33,59,0.35,0.23885039489142448,0.21293927007135166,0.2277512332824286,0.03742869059244792,0.05034395266570678,16.431748823873065,0.06503571022471255,-0.04873370584664216,0.8356597676639865,6.50649635905215,6.662387239525174,6.4438098604516085,0.2926828471974545,7.024583903524373,7.3481344580631855,7.1313023000505495,6.720508805082545,12.658110993844303
R33,60,0.3,0.2081229522741595,0.19202572998784484,0.21123693368503868,0.01899439493815104,0.04631710562997778,16.163666084873725,0.09094623445840389,0.014741652212781231,0.9100801426777368,6.009356575451719,8.539069805918317,5.30428339658836,0.44245603812403544,6.849844354717959,6.69061546406941,7.255021684705881,6.42589658445587,13.102740038231588
R33,61,0.30666666666666664,0.21548996923651914,0.19973256352237176,0.2134269285945671,0.026897074381510417,0.03052847385870159,16.47398763489474,0.06416418566473225,-0.009666262151347693,0.8739752543944209,5.4412860021592735,6.652704581692092,5.758029511645248,0.5071563254265357,6.610986016077774,6.610986016077774,6.656888651490107,7.142864114498963,13.4915125922888
R33,62,0.31333333333333335,0.2204431561431512,0.2012908749065856,0.2156205886436207,0.024227294921875,0.04620296219506399,16.416492624406317,0.06645800304682103,-0.022365988006373794,0.8876392320683344,6.555138260297156,6.761897649346494,6.381281306387038,0.38870565971372173,7.237027267079611,7.237027267079611,6.915525133248991,6.650434244707768,14.494898172425167
R33,63,0.34,0.23957451296194573,0.21851464049824212,0.22443188023508726,0.024456075032552083,0.03333328119492286,16.711419582304345,0.026365415335142917,-0.06747095248231627,0.8910311894774713,8.308366705276853,8.622892288373919,7.824178819201464,0.25639426497741624,9.028980167438775,9.028980167438775,8.981667411167422,6.890711050040423,14.562381602248237
R33,64,0.3333333333333333,0.2351202819428184,0.21781062026142506,0.22222355962793283,0.02365931193033854,0.012748781977143558,16.875795170644977,0.019858107636725464,-0.05803490114404819,0.8935337370621228,8.15432699913731,7.222871099626431,8.15432699913731,0.317198760840796,10.040743187474902,10.040743187474902,9.62222767328727,7.044743680846267,11.10761238006296
R33,65,0.3433333333333333,0.24073394022580638,0.21542262526060502,0.22553741496598642,0.028637898763020832,0.033079557321861436,16.737945198518617,0.04484750216236555,-0.06737917636464785,0.8730237341447771,4.88819224490355,5.726253754046809,4.552240275160656,0.29940479663713404,5.8051731216320945,5.8051731216320945,6.2357258760571455,7.238940968060177,11.894416984084899
R33,66,0.38,0.26117349806294127,0.22558273721890032,0.23775877180804297,0.03235890706380208,0.0138446562963909,16.4669225870055,0.051211715540712466,-0.0984810195512047,0.8639002598401401,6.168606572493559,7.306415278963527,5.784726545651097,0.3594674623500964,8.234856060667425,8.234856060667425,8.08257290793506,6.793237947402417,11.673492999560438
R33,67,0.33,0.23397498507293535,0.21482661245522328,0.22112077375167752,0.018207346598307292,0.04814763243414713,16.36790077133984,0.02846481219138053,-0.058132083671583734,0.9176588147310191,8.847123636398386,9.815747535422325,8.305977166393525,0.5023576451102585,8.908772690129474,8.908772690129474,7.7699578665223115,6.849397854464549,13.428327576806602
R33,68,0.31,0.22267821425870846,0.2087623826244202,0.21452330047665327,0.03694422403971354,0.05175504110315569,16.37136819547767,0.026854508761671947,-0.0380141167133623,0.8277845625271172,9.783657483984186,9.849211479260646,9.783657483984186,0.43144916798051725,10.496492229979282,10.496492229979282,9.635117704996247,6.4305873395044415,14.018832862832738
R33,69,0.37,0.24179766798798974,0.2030458550000165,0.23441467906890645,0.02321375528971354,0.05986572766800055,16.607125451734163,0.13381766105043724,-0.031495420629836346,0.9009714093762454,6.179672026717739,7.273557586044575,4.896910663691443,0.5162077767193693,4.9455384170822185,4.9455384170822185,4.32639590676618,7.398565992309187,13.566658011742561
R33,70,0.32,0.22531350669095143,0.2061878343794658,0.2178179138321996,0.02739471435546875,0.026115734603490415,16.20106415846263,0.05339358571624764,-0.03441219653093475,0.8742311232648532,8.045034398876183,9.285765567342096,7.807532485200369,0.34079459359765707,8.25410399725682,8.25410399725682,8.497766450513325,6.877654818180503,12.06173649521405
R33,71,0.31666666666666665,0.22382446294544348,0.21180510203136016,0.21671879309546951,0.03268890380859375,0.05230347006648711,15.524535709631692,0.022673119363232908,-0.03278751117280243,0.8491644248212773,8.21344802390098,8.53648618455459,6.718311256753452,0.5028842292994113,8.5837456203312,8.5837456203312,7.937688789636951,5.41876593054522,14.577598919468585
R33,72,0.36333333333333334,0.25758674931840775,0.22431799508932276,0.23218986533388866,0.03361714680989583,0.04605536915485819,16.89194717069067,0.0339027297046155,-0.10937981271490216,0.8552169933793,9.34133089430992,8.21407892570464,8.339773468112767,0.39806432043756956,10.499867051382466,10.499867051382466,10.689405211224027,6.474529566778543,11.292653691807175
R33,73,0.32,0.22426724042483032,0.20480792443940898,0.2178179138321996,0.024807535807291666,0.05580528571192493,16.71133314374785,0.05972873931210776,-0.029608797913651452,0.8861088357204511,7.43442652130426,7.727235905775132,7.43442652130426,0.46339148942958275,5.263610350433922,5.263610350433922,5.589409991250932,6.817096149193418,15.347724815413812
R33,74,0.32,0.2179315850300469,0.19010142539330965,0.2178179138321996,0.028040059407552085,0.033064144522819056,16.475725737413683,0.1272461385349687,-0.0005218634034611647,0.8712683501819171,3.2535194544220047,4.168511905790311,3.2838379824901267,0.3200021943771816,4.426552813132545,4.426552813132545,4.222984579849751,6.440743392042933,13.60749260198051
R33,75,0.30333333333333334,0.20536013296183717,0.1798709371107404,0.21233147299736224,0.03252777099609375,0.022686733562762008,16.89429335110019,0.15287670465614434,0.03283234433932303,0.8468066437023313,5.623546801585121,6.309401934531792,5.003335134759006,0.42544838936411367,6.645361242446313,6.645361242446313,6.008207120881977,7.132655381457965,10.586396080834731
R33,76,0.3333333333333333,0.2300529683523309,0.21277400988232442,0.22222355962793283,0.03182281494140625,0.04730732235010781,16.55445964059632,0.04252271793967177,-0.0352321272213747,0.8567981945987773,5.825840022059012,7.062338191973339,4.734673900748291,0.39615668614962374,5.650723554137173,5.486377121156792,6.814022109517126,6.481509203852752,12.992557460081159
R33,77,0.31333333333333335,0.21515421258426984,0.19673156345409779,0.21562058864362071,0.028021799723307293,0.02461340427574925,16.751954637178912,0.08760306846552046,0.002162947714244967,0.8700411686120478,6.309735867609703,6.11482156327034,5.883691143385079,0.5593619766317204,5.840877154243586,5.840877154243586,5.658459003389083,6.0448791244274105,11.238041117446414
R33,78,0.35,0.24365812865251626,0.2176269871634761,0.2277512332824286,0.03286839803059896,0.05109521104548429,16.423478534784778,0.044453090211800106,-0.06984328971936637,0.8556828977086606,7.236506543738415,6.866442038750279,6.6177365295333885,0.48539717244347,9.106997569964648,9.106997569964648,9.137461147326448,7.182638941499448,11.497616002366954
R33,79,0.3466666666666667,0.23994142522179976,0.216367558271796,0.2266438659817668,0.031101226806640625,0.066817412113808,16.574851442911694,0.045341212591200386,-0.05867160437998664,0.862774901619695,6.064874561521876,6.494358661016022,6.714958140641087,0.2474887801886183,7.049106960026307,7.049106960026307,5.332293558358714,6.845951822852783,10.24729948888637
R33,80,0.33,0.2293326173123381,0.2065785325745911,0.22112077375167757,0.016940867106119792,0.04748968005317561,16.189435612450644,0.06576605594469231,-0.037137368060599085,0.9233863611333747,6.570271647218938,6.16308756133845,3.9901640540158283,0.46339259457125337,6.33500421739803,6.33500421739803,7.293231160674203,6.343304308223999,13.011126730878381
R33,81,0.34,0.23900507180115838,0.21740508997085772,0.2244318802350872,0.02222895304361979,0.030368834589682214,16.56990848524066,0.03130923403960739,-0.06493369636615842,0.9009545657224122,6.489359417370395,7.448018614558762,6.252211255845211,0.4173460421734916,7.979805811228687,7.979805811228687,8.100913282608417,7.035861330024545,11.60524461344933
R33,82,0.3433333333333333,0.23696561546487024,0.20964479984727763,0.22553741496598642,0.03382731119791667,0.08537757522958525,16.604772380214584,0.07046553726398597,-0.050670974040414984,0.8500146363608087,5.4239990960673055,6.135261844216203,5.338000228081398,0.27930523584279854,7.247406012888206,7.650250537618163,6.409163604032926,6.068630723686482,9.32411056478847
R33,83,0.38,0.26011152116951,0.22230330535197088,0.23775877180804297,0.02373992919921875,0.05160070535935239,16.811082560331954,0.06500482122506179,-0.09401440456427723,0.9001511951854065,5.533945553646674,6.638854259976355,5.533945553646674,0.4644817344800316,5.776964429299369,5.776964429299369,5.061224251045331,7.128446966242251,10.695537526371908
R33,84,0.3566666666666667,0.24900375904233632,0.22242287832893262,0.2299687167383961,0.029116923014322917,0.03611954370501657,16.398341154262837,0.03281245604395555,-0.08277231170356858,0.8733874614457007,6.309191837520956,6.96117425901663,6.309191837520956,0.3043183520506858,8.080706479069207,8.460419641479788,6.4135971237381,7.523239351632768,11.886886239018295
R33,85,0.2966666666666667,0.2057429936990306,0.1941249716835007,0.2101433106575964,0.028859710693359374,0.05922970699069298,16.267651031160433,0.07622578574578409,0.020939600431705396,0.8626665269379769,7.486310223782944,7.105510363595307,7.02040741871253,0.2916131511843858,8.334081122115471,8.334081122115471,7.37542756585524,6.440414818223921,13.752931335858968
R33,86,0.3333333333333333,0.23537666876254168,0.21498474149498567,0.22222355962793283,0.02250762939453125,0.021496567518546925,16.79056328155704,0.03257448555439868,-0.05918863488925741,0.8987162772830406,5.987621379608896,6.4213760217206755,6.054963486335311,0.36428671242718735,6.7828200233270906,6.7828200233270906,7.383424738619524,6.793378703256167,11.984172457609532
R33,87,0.3333333333333333,0.23287086008365065,0.21664466395799542,0.22222355962793283,0.03572642008463542,0.01600582260566693,16.39397731590718,0.025104879425377313,-0.04791256369731678,0.839232077172862,9.46032713103611,9.72621438812294,8.543768144791471,0.207622121239595,8.927451555362978,8.927451555362978,8.477662662264365,6.5146213738087795,11.039046251170703
R33,88,0.3433333333333333,0.23580819457796592,0.20191757484235728,0.22553741496598637,0.025274810791015626,0.03139139485176751,16.438895728278197,0.10472692580604082,-0.04553913865479253,0.8879351756566539,5.116040945387638,5.19053393135809,5.251648574695025,0.33550774682287,5.554177344664552,5.554177344664552,6.027556464646864,7.079754014742861,11.822850558721058
R33,89,0.31333333333333335,0.22097164571901642,0.20300101733934364,0.2156205886436207,0.03134750366210937,0.050229366209939556,16.20334978114056,0.0585267454451428,-0.024817004299343637,0.8546172985645598,7.352581708054132,6.26957439766376,6.954461516542921,0.2939230650421365,6.743871065125873,6.743871065125873,7.873955123543098,6.9407311190145435,13.081338181120145
R33,90,0.3333333333333333,0.2269508662629254,0.19878718685045807,0.22222355962793283,0.034459228515625,0.06756086881056622,16.424674161465433,0.1054630427876958,-0.021272751831117542,0.8449344049149432,5.068215708305459,6.695529669637708,5.569598402244495,0.3095875469679328,4.57789375020603,4.57789375020603,4.41628152325282,6.600719207212023,13.59801947292685
R33,91,0.35333333333333333,0.2409797277707204,0.20771746127872065,0.2288595168679717,0.031946868896484376,0.01350386109303627,16.308827248755733,0.09238005864290899,-0.05295917368269554,0.8604083879329588,7.453501178793488,7.748367494382791,7.4035126013232,0.42963953221627094,7.992651407083997,7.992651407083997,7.077620435763919,6.300753633083673,13.372613404568966
R18,42,0.14666666666666667,0.11905779333692033,0.11895728474801198,0.12686062751631264,0.018966267903645834,0.0202492790808786,14.153403016153895,0.062299414113211604,0.06150713844127054,0.8504952381604212,7.875958917453353,8.450630738129707,8.266758610688392,0.14749267195727,7.936547163412445,7.936547163412445,7.240487360407332,5.444044777277895,13.170683852122394
R18,43,0.17,0.1347654326034854,0.13463528253192852,0.1414056550511361,0.02738555908203125,0.027728961299217196,15.280151918803966,0.04787907892905141,0.046958676760483264,0.8063333529898228,7.412156187057782,7.291244796925554,7.69316041075151,0.05944740351766242,9.09656235248093,9.09656235248093,9.199825256611206,5.338798823271155,14.839090480780584
R18,44,0.22333333333333333,0.1645618021320977,0.16578127024156994,0.17482002869174879,0.006950276692708333,0.03937588442431465,16.183522203099777,0.05170322026497565,0.05867878318301212,0.960243247042572,9.320155246420725,10.247962541317897,9.30026908849893,0.20475139859378544,8.541293270864003,8.541293270864003,8.343909044770328,5.917040502502701,14.123298708051301
R18,45,0.18666666666666668,0.1483401552783553,0.1510142763979472,0.15182244897959185,0.03726160685221354,0.046352229742587334,14.602713516636133,0.005323142836098471,0.02293661921962964,0.7545711645237505,7.655374333835244,7.478837674146138,6.915076618301217,0.19313660233212815,7.396657969288864,7.396657969288864,6.733083340458823,6.184083193036162,13.698089306997954
R18,46,0.20666666666666667,0.1565983262176788,0.15854240197221472,0.16435283909482162,0.03360315958658854,0.03763893362548495,15.555255301453677,0.03535343322700146,0.0471821047926585,0.7955425670060889,9.423532718651998,9.791591396401856,9.958442037757138,0.2515841618144421,11.222612748483463,11.222612748483463,10.345857823743309,5.724935971989666,13.794231169017635
R18,47,0.2,0.15582659658611456,0.1599879472304944,0.1601723772502198,0.029209696451822916,0.028624873857488537,15.295092774682232,0.0011514471027503914,0.02713189838792429,0.8176358685980429,8.8874492762219,9.293805068448002,8.630155401314688,0.15464276640175,9.790071160584318,9.790071160584318,9.547167607392744,5.327072182319469,13.664655767435434
R18,48,0.20333333333333334,0.1600807434215975,0.1631666106676575,0.16226215003008004,0.029186045328776042,0.017482257123798528,15.080916786097625,-0.005574070338706827,0.013443718131912807,0.8201302933347946,9.494004755867977,9.318403067696579,8.549037956322124,0.3909500895786522,10.117070144340715,10.117070144340715,10.116082604915604,5.444545805434487,14.865327333319179
R18,49,0.18333333333333332,0.14147257680823275,0.14102503641259098,0.14973725762413811,0.022061309814453124,0.023794477896544156,14.73284323625608,0.058183389690600884,0.0551945517571244,0.8526665295965941,7.462137377085597,8.510988169180457,7.446200214244527,0.14046673633825435,6.937351214850459,6.937351214850459,7.186663377319206,5.141480253220102,14.579620877644246
R18,50,0.18333333333333332,0.14450845929590614,0.14516023959090466,0.14973725762413811,0.026724497477213543,0.025288047967359072,14.9107204838905,0.030566995187813806,0.034919821634218806,0.8215240622057081,11.586616745909986,12.27157093065749,11.25790591564764,0.25730764137784945,10.752061642339001,10.752061642339001,11.28909648920881,5.8503643144858515,13.894058900455633
R18,51,0.19,0.14607224673743643,0.1451461513959366,0.1539085566199269,0.0255377197265625,0.026879306601145354,15.188791000549546,0.05693254109080381,0.0509153620473618,0.8340721251149978,7.2723590202765855,8.417940280120359,7.177944921486276,0.059472892227788066,7.793098492026427,7.793098492026427,7.774610334229944,5.414433201409739,12.566088768103985
R18,52,0.17333333333333334,0.13558328866323155,0.13897528551401497,0.14348718126706467,0.029754536946614583,0.06920295108002958,14.484818967130437,0.03144459116979903,0.05508431160217753,0.7926327865397668,7.85429038686523,8.604282248330406,7.403604911516183,0.04043299370193054,8.176662129770968,8.176662129770968,8.033881108016615,6.538335000701437,14.443954511447274
R18,53,0.2,0.15665964839540406,0.15950367555865094,0.1601723772502198,0.04176188151041667,0.021816258504870845,15.125332109653598,0.00417488772439345,0.021930927886074758,0.7392691409881702,10.396201303750367,9.75235008008606,10.059841979072175,0.09691302799853929,11.6703468408992,11.6703468408992,10.784935072415387,5.441736222841925,13.797894426737813
R18,54,0.21666666666666667,0.1650785557742905,0.16582617931811852,0.17063040399833398,0.017527109781901043,0.044081107231035636,15.50171112160347,0.028155736420001465,0.03253727409622542,0.8972802655846014,10.654400424788783,11.653457314763038,10.654400424788783,0.146312045605427,8.77683888256184,8.77683888256184,9.74082494621905,5.866188526433071,15.463463392213335
R18,55,0.20666666666666667,0.1566647354168608,0.15684483177637604,0.16435283909482162,0.0324285888671875,0.011594305642935397,15.210959345930299,0.04568224899427453,0.04677803997973684,0.8026892078908465,6.907493998919918,7.813881616705679,6.849370916377211,0.16386596846641055,7.530914360004658,7.530914360004658,8.543049404978419,5.510371098751101,14.609929383066216
R18,56,0.16,0.12401203176602275,0.1268055713463443,0.13516657411263827,0.025772603352864583,0.05618379340015291,15.032196074682886,0.061857029529552965,0.08252441418926626,0.8093270949414793,9.379777040505964,10.380976473836085,8.948325937072156,0.11440061887039121,9.63361665490956,9.63361665490956,10.042143064445831,5.91610333447457,13.57135401415215
R18,57,0.17666666666666667,0.14279918283191453,0.14437442185084146,0.1455696237678745,0.02108088175455729,0.01229962446333072,15.003709277468829,0.008210517318770538,0.019031724230995528,0.8551835114434803,10.608740419970424,9.355540883680469,10.63761030714236,0.2719486653383605,10.515976483159058,10.515976483159058,9.8257318346228,5.609338434685775,10.137952421118229
R18,58,0.17333333333333334,0.13790143847901037,0.13869141514277142,0.14348718126706464,0.014099578857421875,0.029569453480172137,15.148603560868125,0.033422958636054934,0.038928514301621364,0.9017363172590371,10.424887700280266,10.273327113858784,10.179188745091864,0.22043443931504214,10.653254842813126,10.653254842813126,10.626156180898604,5.515071719276868,11.183921021196554
R18,59,0.21,0.1570812001883316,0.15658122546082145,0.16644444444444445,0.029122365315755207,0.034020048884438436,16.089916496223324,0.05925832500174033,0.05625447149867535,0.8250325181296416,7.291085612060527,8.081110613308823,7.058171928392362,0.23876754978564918,7.63864743422652,7.461897527628693,8.099996014238116,6.765462807147145,14.105032888037378
R18,60,0.18333333333333332,0.14613065127622255,0.1479872734586857,0.14973725762413811,0.028074595133463543,0.005600187313340362,15.075172863055066,0.011687032293893895,0.024086232145166364,0.8125076178172383,9.189460270292749,8.983055560718995,9.204065103970756,0.08702160762220501,10.383039645183722,10.383039645183722,9.888996547569924,6.614538660171618,11.152886161970258
R18,61,0.12666666666666668,0.10714887448428825,0.10577183700835163,0.1144291961682632,0.01770757039388021,0.027966326258709782,14.774692956987348,0.07565690793791213,0.06362293826891485,0.8452530386751822,7.378637534271466,8.084157760737963,7.3718082168443395,0.016796798401859547,8.678349696043409,8.678349696043409,8.423636360085862,5.569676519152662,12.553311728476213
R18,62,0.19,0.14733167067107336,0.14812750686614745,0.1539085566199269,0.01598505655924479,0.03960911919823227,15.219938761510189,0.037561587742360514,0.04273242562526902,0.8961392601535504,8.278647575458589,8.415814581724842,8.346615806989465,0.11416603194230035,9.575657558695635,9.575657558695635,8.366626089743992,6.322308674371644,14.223981104498495
R18,63,0.21,0.16364617578218382,0.1640166363352748,0.16644444444444442,0.028439483642578124,0.012713613931046296,15.626461251630346,0.014586297051085828,0.01681202801091153,0.8291352785158858,7.917390324921136,8.352256047978095,7.917390324921136,0.300917772511184,10.309001971181083,10.309001971181083,11.054763284853493,7.056950602571355,13.657347058866456
R18,64,0.20666666666666667,0.1599750530223344,0.16127419799341225,0.16435283909482162,0.025748392740885417,0.05284533035085993,16.17066183947331,0.018731900941687973,0.02663651018502644,0.8433346641123117,8.125740238597032,9.045045558484205,7.3840488106306665,0.22570966490856392,8.622749805677323,8.622749805677323,8.670863649891032,5.9789168453351635,11.597049692146996
R18,65,0.20333333333333334,0.15434273695688425,0.15624254655876813,0.16226215003008004,0.01511932373046875,0.07531750876334833,15.624759420147164,0.0370980137400867,0.048806287059105946,0.9068216233566119,7.045919913933993,6.81410038989268,6.806298852198722,0.12392020716434615,6.71102995432333,6.71102995432333,6.265346861037024,6.937761025284416,14.677536704181328
R18,66,0.23666666666666666,0.17089778160880717,0.16966998999399766,0.18321027349715394,0.02934458414713542,0.05099806126670319,15.117299744258567,0.07390569996265317,0.06720415647727329,0.8398311208918572,6.995834666844253,9.320590831350984,8.725774395480364,0.12003386081514833,6.394728558022486,6.394728558022486,7.288467331201261,5.195038513405898,13.861231703757902
R18,67,0.16333333333333333,0.13011826601046791,0.1303792080060341,0.13724535147392292,0.025853729248046874,0.06587631970102323,15.081214818864854,0.05002824062273192,0.05192952174273946,0.8116240078778976,8.481689331665034,10.041765756418744,8.010385598818939,0.1955103224564354,9.875888687068237,9.875888687068237,9.273847986704578,4.801906941529882,13.819958677761644
R18,68,0.18333333333333332,0.14435836933478896,0.14479073063105566,0.14973725762413811,0.021468454996744792,0.018183675791308116,15.2520238318467,0.033034710743126805,0.03592217711673962,0.8566258302216695,8.921959162924999,9.96291756366265,8.92691225611474,0.15021061854001871,9.309666977731595,9.309666977731595,10.46290611125471,5.320157023914881,14.688033609775118
R18,69,0.21,0.1521668679135418,0.14616230785908477,0.16644444444444445,0.02354314168294271,0.044425961134586904,15.44090043912378,0.12185529323647337,0.08577983229514274,0.8585525533067527,7.367493714248965,9.107264370133805,7.794834990599966,0.26936636422092874,7.95404422232474,7.95404422232474,6.954672245538916,5.5412796477587705,12.631121584374867
R18,70,0.18333333333333332,0.1427551898097434,0.14294570090538622,0.1497372576241381,0.023110453287760416,0.03635798633653741,14.74033688340306,0.045356491941368704,0.04662879449763058,0.8456599669684685,7.9266936581108,9.295800760995,8.361468793571618,0.09767969336665772,8.939639834177761,8.939639834177761,8.086868606798156,5.2214612369370315,12.874568798991149
R18,71,0.17,0.13357018959897288,0.13246688295855918,0.1414056550511361,0.023779398600260418,0.04451510604861865,14.13871623715987,0.06321368186685605,0.055411259537885504,0.8318355896610985,8.133692491636786,8.50314164603855,7.994486643518485,0.3228839912386796,8.998132334271986,8.998132334271986,9.47667366903778,4.976356012609671,13.26649986202792
R18,72,0.19666666666666666,0.16018191821078567,0.16036823893347352,0.15808352075524085,0.032040557861328124,0.03586317774003474,15.836045716004321,-0.014452601810216903,-0.013273979764113042,0.7973187988965895,11.665538716220688,10.113577461006884,10.2479355402985,0.2669898310496919,11.068545134968574,11.068545134968574,11.314660486137406,6.464677922058172,13.668131101829225
R18,73,0.20666666666666667,0.15267012051626505,0.14906255763447365,0.16435283909482162,0.02190770467122396,0.04085692434615232,15.592690949977019,0.09303326638322573,0.07108315647541907,0.866703217347012,7.8562354175391675,9.868899946431917,7.815944281177032,0.13883960912967552,7.679474720733076,7.679474720733076,8.671997763504827,6.428894650732595,14.688312535031592
R18,74,0.16666666666666666,0.13260455305083477,0.1333511988752431,0.13932504512008886,0.019163157145182293,0.02863376148241944,15.092448768295498,0.042877045112001966,0.04823606598125618,0.8624571976369005,8.827735624028989,8.754819510626675,8.827735624028989,0.1496454868575583,9.305240641780799,9.305240641780799,10.229448557862554,5.095784762859189,13.318810378225166
R18,75,0.16666666666666666,0.13403254272826626,0.13531567072361173,0.13932504512008886,0.020229136149088542,0.044565561874226604,15.260751930023652,0.028777126129916786,0.03798672655918267,0.85480617550382,7.980687341240731,9.536952927026078,8.069897417807702,0.3224842270412509,9.104502247707373,9.104502247707373,8.968427996650753,5.283993928767522,14.249440271870988
R18,76,0.21,0.15796787727894596,0.159691476173867,0.16644444444444445,0.03514531453450521,0.048309403554657196,15.776326098873263,0.04057190549746126,0.05092730606774798,0.7888465748928258,7.776326751803943,9.470595576224873,8.021473239942424,0.33622204884590445,7.833230340397755,7.833230340397755,7.805565403033654,5.716205750433723,15.772539095558294
R18,77,0.16,0.12680050419587782,0.128203357832508,0.13516657411263827,0.026054585774739583,0.03094672864647593,15.627349937946839,0.051515815399209686,0.06189451772143573,0.8072409103671775,9.623272544399988,9.857839691422377,9.038893560290454,0.11736027593671494,9.210672865034056,9.773431845595823,9.993956305533253,6.126092422775933,13.60318774669858
R18,78,0.17333333333333334,0.13868928456863353,0.1413726882634898,0.14348718126706467,0.029096272786458332,0.02811020467886749,15.389035657681688,0.014736459277426839,0.0334378071689978,0.7972204030386305,8.350328394827159,8.625004769282057,7.880041943702828,0.26465055753863354,9.068089293770996,9.068089293770996,8.831776545380293,5.499344192310176,11.795066645277167
R18,79,0.20666666666666667,0.15634516297070225,0.15579028076332088,0.16435283909482162,0.028880259195963542,0.014550813060207248,15.470248559013484,0.052098633517128734,0.048722469098933074,0.8242789150767187,7.676666758148357,8.004904598920376,7.651246876932845,0.30202105115575506,8.810247202126547,8.810247202126547,8.900136941993637,5.984307242517282,13.898423572421265
R18,80,0.17666666666666667,0.13839794664723712,0.13845026868937665,0.1455696237678745,0.019267985026041667,0.04061416026800704,14.09776387951517,0.0489068728366735,0.049266302508779836,0.8676373234517222,7.8460984257258914,7.996162760381637,7.8439403427155625,0.3041346153395992,8.897559616374181,8.897559616374181,7.986127078553004,5.881683574030646,12.559028651232467
R18,81,0.18666666666666668,0.14436884789061613,0.1441152637792511,0.15182244897959185,0.026901397705078125,0.05635370545223759,15.226302343014936,0.050764463701786,0.049094196142084656,0.8228101451011751,7.57398977368851,8.001178069524052,7.9716382551821,0.3361739777844974,10.360594502090876,10.360594502090876,8.170847734127008,6.627882303110589,14.726363706992963
R18,82,0.17,0.13588179684428198,0.14054532959255175,0.1414056550511361,0.023626200358072915,0.028601362913274416,15.394492286463333,0.006084095139428536,0.039063913001616046,0.8329189851033253,10.636814448543738,8.527335766789996,10.139470188199802,0.16596510769403494,10.015737414695963,10.015737414695963,10.4061176313568,5.2709509008519575,13.408367241223367
R18,83,0.21666666666666667,0.166328695786089,0.16743182438808654,0.17063040399833398,0.02819707234700521,0.019081399187908153,15.730525870539019,0.01874566041746395,0.025210678234618644,0.8347476669674854,8.010846493899024,6.854589519800349,7.899841035929754,0.20406893914260138,9.41486285998117,9.41486285998117,9.564309307561636,5.580519348009368,13.572193137967474
R18,84,0.20333333333333334,0.15325998095528207,0.1519293842800679,0.16226215003008004,0.03066869099934896,0.026957597690615648,15.144102549567279,0.06367945789018992,0.055479167958326414,0.8109929457136885,9.89237936320712,11.157818887628764,10.342086614972878,0.05400400038546849,8.159701107924228,8.159701107924228,7.95238300557876,5.604993364499869,14.83075154969476
R18,85,0.13666666666666666,0.1157692580637837,0.11456501467458381,0.12064078856032211,0.021458028157552083,0.023818263385699492,14.83704860038625,0.0503625180027758,0.04038045966603221,0.8221328920871338,8.301424837214284,8.351281980685904,8.358024567610304,0.09962386031824977,10.864676800551297,11.328101422288345,9.857016746180225,5.981395167675505,12.158736804465644
R18,86,0.18666666666666668,0.14191554467257209,0.14059163912160405,0.15182244897959185,0.028131815592447918,0.04742888906542774,15.402870657134706,0.07397331510241589,0.06525322423399627,0.8147058239310221,7.658552711992044,7.873140699264084,6.672405096368344,0.21959692375354223,8.14475811532202,8.14475811532202,8.33962984054429,5.267797790443389,11.689624846348806
R18,87,0.18666666666666668,0.1433680024298548,0.14549405596088355,0.15182244897959185,0.024683176676432293,0.03463965874973026,15.50004985997056,0.04168285428961149,0.05568640610502529,0.8374207711551918,9.110743078406387,8.679360413568887,8.151275359132612,0.23639505782794856,8.415947413197358,8.415947413197358,8.10099451984965,6.087401942551999,14.411641258207638
R18,88,0.2,0.1506438273810304,0.14730665088368908,0.1601723772502198,0.030940195719401042,0.03944369451408987,15.333354627765985,0.08032425183046388,0.05948934537135564,0.8068318879286748,6.762874826615807,7.011377075412085,6.201199099223672,0.21850303945169713,6.806306317662425,6.806306317662425,8.02851825903992,5.809379047383679,12.83224779938795
R18,89,0.18333333333333332,0.14602681321290858,0.1476596920574829,0.14973725762413811,0.03375310262044271,0.02173806985042342,14.826825590520855,0.013874740325952928,0.024779700590906173,0.774584474458803,8.90500284373659,9.458950707084213,8.553037996629143,0.2844127901159652,10.337997972020531,10.337997972020531,10.392962884243794,6.1588129528808935,10.669448291626281
R18,90,0.16333333333333333,0.1300005020870017,0.13051984247459128,0.13724535147392292,0.028366495768229166,0.04069739103184237,14.992380425262287,0.04900354676573149,0.052787575747494486,0.793315434995852,8.654073046415906,8.524727443986034,8.654073046415906,0.3114448384087112,9.639487179618872,9.639487179618872,9.119626163616989,7.285286973556172,14.068556198580449
R18,91,0.18333333333333332,0.13820307871145912,0.13249816042650223,0.1497372576241381,0.036739705403645836,0.01683995685756879,14.705952741764115,0.1151289763894866,0.07702945209288792,0.7546388521695265,5.882153504155006,9.901596778933289,7.1030145291507125,0.090338865918838,8.199622960446739,8.199622960446739,7.000801254459873,5.334624772235408,12.352990269762785
R05,42,0.04,0.057587004012268087,0.035093019389628895,0.03844089036975333,0.004333852132161458,0.007507816168750462,6.19410530828255,0.08709140053526598,-0.49806634181344567,0.887259319686011,3.6517007632027365,4.425771820109913,3.6563604934202854,0.45059138737449267,3.6962230424191738,3.6962230424191738,4.276760848359565,2.0336754125177254,6.155990260412832
R05,43,0.056666666666666664,0.0669282612977029,0.053625872515420524,0.0535681752973298,0.008407948811848958,0.017495379953142348,8.282140434969016,-0.0010770801463830804,-0.24940341772363972,0.8430420904729218,5.381462353158445,5.653513866961714,5.381462353158445,0.6283848311115063,6.318372326189464,6.2376304463572945,5.08805921444221,1.7506208697953713,7.9382640258233055
R05,44,0.08666666666666667,0.08126410703035325,0.07419183508674959,0.08085501411448932,0.006402943929036458,0.026251254444970066,11.823883240798258,0.08240897736168573,-0.005059586227820878,0.9208095626577963,7.016085572522959,7.922626723331804,7.303482652981467,0.16506683220945462,7.284656341420606,7.284656341420606,7.239609759364685,3.213199537291972,9.454988963973081
R05,45,0.03,0.05093150040383177,0.029083335137080772,0.029375514831783064,0.0043450927734375,0.002233650630408015,4.203545384168475,0.009946368476448475,-0.7338079245755393,0.8520845405325018,3.107687059616126,3.107687059616126,3.107687059616126,0.2607478923064668,3.1068230609065233,3.1068230609065233,3.1068230609065233,-0.20528574986308668,4.203545384168475
R05,46,0.05,0.06523935157143743,0.04825674053477386,0.04751451247165533,0.01838714599609375,0.00699934611066356,7.471831124623561,-0.015621081318287988,-0.37304053388647973,0.6130204217698212,6.120434313253787,6.2382030697737765,5.685834069403951,0.8332418104624164,5.28294495398576,5.28294495398576,5.489290552673538,3.384865779202931,7.365525737467335
R05,47,0.06,0.06760247882774689,0.05579520911865444,0.05659638113748902,0.01042236328125,0.03101604674165648,8.172899265108818,0.014155887756998164,-0.19446645649517524,0.815847531736507,5.6998057295497055,5.1158889039069155,5.6998057295497055,0.3344136331976024,6.172351866974804,6.172351866974804,6.3617846615000655,1.7890709148511474,8.116261047239707
R05,48,0.02666666666666667,0.048012335473426315,0.02681331534987091,0.026355555555555563,0.005694732666015625,0.011979264536035232,4.46296649760084,-0.017368626259857134,-0.8217159328028529,0.7839266695019367,2.328832955495246,2.3654746793901706,2.289747479430221,0.3222940276895989,2.248416962652076,2.248416962652076,2.248416962652076,1.8831831465531002,2.9111570514126868
R05,49,0.04666666666666667,0.060713333855786665,0.04277375590812388,0.044489055486140024,0.008936971028645834,0.007643834319413819,6.178201584965076,0.03855554044186271,-0.3646802161196949,0.7991197850574726,2.322028531503263,3.1936652420548874,2.6855232166000063,0.9447608738162527,3.3394248363496652,3.3394248363496652,2.884929759127396,2.437045924434817,6.178201584965076
R05,50,0.04666666666666667,0.06021661678246486,0.04158458987166374,0.04448905548614004,0.006104176839192709,0.012443739606105297,5.915540765873722,0.06528494666246953,-0.3535152887483648,0.8627937416856516,3.8279196184267335,4.2667234327541745,4.248216614830813,0.32610716748820234,3.993491502442126,3.993491502442126,3.6802784464837117,0.6060718760949984,5.820484227883876
R05,51,0.043333333333333335,0.05808798455244639,0.04005892544289909,0.04146451478550603,0.007949930826822917,0.004666048413677019,6.370640370469202,0.03389860824075697,-0.4009083394061834,0.8082714613218669,4.022633764829445,4.183274290108164,4.022633764829445,0.34133463646040063,4.69217451384195,4.69217451384195,4.098016895980116,1.1540515144408268,5.770478145987806
R05,52,0.05,0.06236972327761721,0.046333036351701024,0.04751451247165533,0.009913431803385416,0.005197407115643487,5.725127527787588,0.02486558439716946,-0.31264575880524337,0.7913599174715462,3.7284746857106903,4.206622955811083,4.174276948057493,0.44545528799669665,3.2621740274933533,3.2621740274933533,2.934580888601368,1.643484530616476,5.249969999308279
R05,53,0.02666666666666667,0.052385970966089344,0.02642860210750008,0.026355555555555563,0.00826263427734375,0.0008203496473907113,4.322435517936828,-0.002771580807338303,-0.9876633165885496,0.6864936404043266,3.6560078008368366,3.5501298963581176,3.3875979652845167,0.5643121034612197,3.021214146446707,3.021214146446707,3.0192358521167604,2.343980750302122,4.307249328112809
R05,54,0.05,0.06888198258545396,0.047958893570270125,0.047514512471655335,0.00984710693359375,0.0006914143472528111,6.84810622887837,-0.009352534110075972,-0.4497040799175902,0.792755804040544,5.899261848787752,5.899261848787752,5.899261848787752,0.643555065102408,5.772020532965492,5.772020532965492,5.763809279998966,1.4142383929078424,6.788033408830268
R05,55,0.043333333333333335,0.061809571702843666,0.041578293572757156,0.041464514785506036,0.012307790120442709,0.0027425097878770507,6.858519210574825,-0.0027440038268793376,-0.49066188336175265,0.703172937532,5.525284921075829,5.525284921075829,5.720978308244642,0.49086667402502293,5.688388077980796,5.688388077980796,5.688388077980796,1.2892680764561186,6.858519210574825
R05,56,0.02666666666666667,0.05040672111374587,0.025846868319048064,0.02635555555555556,0.0038294474283854167,0.0033450429082870405,4.071346170031071,0.019300949108631782,-0.9125653036412849,0.8547005613175854,2.545935209186962,2.5757042095571485,2.555197723502091,0.41631774401888055,2.53444108274072,2.53444108274072,2.53444108274072,0.30836817516700865,3.3871815771612646
R05,57,0.056666666666666664,0.07052401598176261,0.054123149091611644,0.05356817529732979,0.005723520914713542,0.00466130973112455,8.244499631353623,-0.010360139974928684,-0.316528248168237,0.8931544544322225,6.183161939132875,6.176062651066987,6.185224595140209,0.16706941908558548,6.228411555067336,6.228411555067336,6.228411555067336,2.811342371517938,7.494790798963514
R05,58,0.04666666666666667,0.06076236880293064,0.04513776400870857,0.04448905548614003,0.007778167724609375,0.011192979957243363,6.766536537770225,-0.014581305794874488,-0.3657823961189812,0.825166714833212,4.651442744130696,4.427936611861918,4.651442744130696,0.3288342417869501,5.164898109280683,5.164898109280683,5.08018511742757,1.9498677903937658,5.644475909744589
R05,59,0.056666666666666664,0.06217105799363715,0.0426520467723842,0.0535681752973298,0.009378204345703125,0.01063376152204229,8.560580744480355,0.20378010757984022,-0.16059689635790475,0.8249295539067839,4.763046401584248,5.307080796930702,4.37318757347264,0.28916158789652613,4.66805882642841,4.339937730686955,4.189460282390595,2.24472291241001,8.268293970569239
R05,60,0.023333333333333334,0.04898418952711175,0.02318644093391092,0.023336512564209357,0.008359883626302083,0.0002394553858418337,4.249129976346325,0.006430765089064705,-1.0990364088178972,0.6417680832429336,3.2934683911742484,3.2934683911742484,3.2934683911742484,0.49659140828620085,3.242382987964193,3.242382987964193,3.242382987964193,0.5056478164342,4.249129976346325
R05,61,0.03,0.05297764794618361,0.02949332966216446,0.02937551483178306,0.0068828837076822915,0.003903258318518094,4.306416972839703,-0.004010647338644313,-0.8034627903393898,0.7656931717759954,2.2298918542196486,2.1029421844027962,2.518093289885623,0.32455405174552476,2.979254115182419,2.979254115182419,2.889035640827316,1.5166945940145973,4.253404279647121
R05,62,0.03666666666666667,0.05527800718434916,0.03587148700302792,0.03541818223888195,0.0030065409342447916,0.00616687144979948,6.201251075647308,-0.012798645652919216,-0.5607240036069714,0.915113064979822,4.004494954155744,4.8065453338611,3.4525433339565534,0.1566826902925209,3.692193792632386,3.692193792632386,3.692193792632386,0.85278409324021,5.968196507930561
R05,63,0.023333333333333334,0.050434807340933675,0.022963773488665188,0.023336512564209357,0.003772074381510417,3.963213288684514e-06,3.4173074071891434,0.015972355531641447,-1.1611972741070282,0.8383616930279653,2.1221730998533643,2.1221730998533643,2.1221730998533643,0.37604201365447976,2.8221473750644424,2.8221473750644424,2.3061501774320035,0.9429502321740468,3.4060594444297174
R05,64,0.07,0.08014362943874052,0.06592670126126862,0.06568649636725439,0.006493174235026042,0.0042929213457949065,10.433563380932876,-0.0036568382742054872,-0.22009292428471205,0.9011490246226167,8.40764830904371,8.40764830904371,7.749799831148346,0.6703612025046493,8.229043156619353,8.229043156619353,8.229043156619353,2.9739868180147457,8.4633523934514
R05,65,0.04666666666666667,0.06447809452811072,0.04582691725742418,0.04448905548614004,0.006106313069661458,0.00133107308491249,8.478814888642544,-0.030071705426538697,-0.44930239187024323,0.862745724697082,4.755851520384827,4.243469372507493,4.791768224090813,0.1693334778642388,6.173637435318305,6.173637435318305,6.152973515805478,1.6172463766659178,7.5110542153446325
R05,66,0.05333333333333334,0.06538426444062966,0.04832282151354285,0.05054088574205193,0.005769805908203125,0.010859112126520685,8.06750854119485,0.043886532575418746,-0.29369051374237154,0.8858388446603256,5.8688174104872,6.405423338968621,6.399916175300147,0.3173272651441579,5.048058302263387,5.048058302263387,5.54353981887661,2.5807462871091964,7.708248905547787
R05,67,0.056666666666666664,0.07115851722725397,0.05372430922243158,0.0535681752973298,0.006136525472005209,0.0004454398638295402,7.3122533191507255,-0.002914676937102234,-0.32837299072236625,0.8854445678251226,4.908967150197297,4.908967150197297,4.945604950943833,0.5633939979849831,6.424940073996762,6.424940073996762,5.410276408668437,2.2176373022124913,7.3122533191507255
R05,68,0.056666666666666664,0.07214750503120569,0.054095138517302896,0.05356817529732981,0.007779591878255208,0.00039081714355195473,7.643907817564326,-0.009837244166861714,-0.34683521756624036,0.8547721322394382,6.6110383433763324,6.6110383433763324,6.087457842471206,0.6431876431274324,6.569204346300566,6.569204346300566,6.541916932970693,3.3043431266828094,7.643907817564326
R05,69,0.06333333333333334,0.07545274237988338,0.05946109122545503,0.059625503262529495,0.0036217753092447915,0.013282692797617615,8.984768390952643,0.0027574113102335485,-0.265444117891416,0.9392579498524615,7.653609359512243,7.301115283271292,7.301115283271292,0.45598318154513784,6.700083187527154,6.700083187527154,6.342411900274687,2.856247097521562,8.984768390952643
R05,70,0.043333333333333335,0.060860961015293875,0.04113739386596889,0.04146451478550603,0.006634419759114584,0.006673787731095818,5.913245472584126,0.007889177558915716,-0.4677842326173294,0.839997651161864,4.484379287529743,4.505665903654059,4.497233967016733,0.5932643407220946,4.203722353569724,4.203722353569724,4.176700252879302,0.36361272943251777,5.386587630389682
R05,71,0.03666666666666667,0.05820846926392682,0.035761260862316395,0.03541818223888195,0.007927703857421874,0.0029184901665953895,4.993443573569937,-0.009686511326880476,-0.6434629217087764,0.776168528244827,3.6863494042011022,3.6863494042011022,3.6863494042011022,0.863103234889746,3.740008316651483,3.740008316651483,3.910966519321048,3.2789390844196453,4.956646110323723
R05,72,0.043333333333333335,0.06072165763560726,0.041678346045638144,0.04146451478550603,0.008273569742838542,0.0004930850429222117,6.111199466735325,-0.005156970031803265,-0.4644246520119075,0.8004662592668135,4.452556704583392,4.452556704583392,4.455433563888713,0.37185445688411,4.57497677084603,4.57497677084603,4.57497677084603,3.2730015639682586,6.017244533945211
R05,73,0.056666666666666664,0.06842098118112327,0.053412475248804464,0.0535681752973298,0.011317596435546876,0.008897612569474564,8.704405606748827,0.0029065774158093527,-0.2772692144422144,0.7887253696298477,6.336197859248832,5.3684883683042735,6.777896545879802,0.42442018163246864,7.318092626467454,7.318092626467454,7.314853584962936,2.33880617424928,6.258275692614674
R05,74,0.05,0.06554285900820861,0.04764385475711756,0.04751451247165533,0.004179433186848958,0.005318306813233915,7.864804085422427,-0.0027221637923653397,-0.37942821253418213,0.9120388073150874,4.679241535868816,4.679241535868816,4.679241535868816,0.2027426672843875,5.575551038863732,5.575551038863732,4.654256549138663,1.8878249859964011,7.864804085422427
R05,75,0.043333333333333335,0.059691363411616745,0.04075853765679831,0.04146451478550603,0.011521148681640624,0.008765830184675232,7.180211403203808,0.017026055468385648,-0.43957703883422594,0.7221443747445502,4.772083057001597,4.695283720224088,4.772083057001597,0.3012017313303197,4.863456983733611,4.863456983733611,4.875522381657895,2.88418139387894,7.14373603181269
R05,76,0.06,0.07079681506791644,0.05479584668200535,0.05659638113748902,0.008474527994791667,0.00749668895882037,9.101972492881904,0.031813596899590624,-0.25090710121430626,0.8502637832230902,7.315933305622664,7.146909826422201,6.787710428649294,0.45105389914464666,6.6547066189625195,6.6547066189625195,6.306861622000573,1.0678885550241946,7.218824000283183
R05,77,0.04,0.05866057383203611,0.03714541757574531,0.03844089036975334,0.010692647298177083,0.007330434887373793,5.126438273041403,0.0337003847087618,-0.5259941501821284,0.7218418409322163,3.170288156841389,3.231388709417055,3.170288156841389,0.23562878866336057,3.7032343019050096,3.7032343019050096,3.7032343019050096,-0.718957976732467,5.126438273041403
R05,78,0.043333333333333335,0.06002656705675521,0.04106124048181896,0.04146451478550603,0.008067372639973959,0.016772542795312977,6.987948357319375,0.00972576926977653,-0.44766114754434705,0.8054391162731291,5.05449326793503,5.560928852014904,5.895553348990326,0.1820128996273933,5.401169536513638,5.401169536513638,4.616260075662261,1.821108023829824,5.9217148771737484
R05,79,0.056666666666666664,0.06701091493512955,0.050588489496753784,0.05356817529732981,0.015583648681640624,0.01369755524683334,7.004502546869542,0.055624179543867225,-0.25094637932290764,0.7090875581416825,3.801777369977845,4.23367009667022,3.863290019445607,0.6746615186181462,5.063664324266295,4.887145835970575,4.66907403470287,3.343056875922196,6.884578112234053
R05,80,0.02666666666666667,0.05155276377743662,0.026050216293290365,0.026355555555555563,0.008870595296223959,0.0017825235497147935,3.730186605806371,0.01158538516183294,-0.9560492158386569,0.6634259794856003,2.4899951949912085,2.4899951949912085,2.4899951949912085,0.4919322808378821,2.6013992654986984,2.6013992654986984,2.4923696114895586,0.37072969402454126,3.730186605806371
R05,81,0.05333333333333334,0.06414736554710847,0.049102503120800736,0.050540885742051934,0.008124898274739584,0.011051667613574836,8.669482532559305,0.028459782612286322,-0.2692172803322168,0.8392410786742631,5.744803304166334,5.314642007817369,5.321967237248565,0.36193855974155476,6.702291160178177,6.702291160178177,5.2335491376139505,3.968850328162805,7.86106093163189
R05,82,0.05333333333333334,0.06318127828250009,0.048577576784400694,0.050540885742051934,0.01024139404296875,0.017439186593088442,6.00119682672727,0.038845954692434126,-0.2501023152811679,0.7973641757044333,3.0074258907631553,3.5034805196405685,2.8698264038425503,0.34535569511016107,3.470865249513494,3.470865249513494,3.5079767896443954,0.5109909903538119,6.00119682672727
R05,83,0.04666666666666667,0.0653682802335261,0.045001232831830475,0.04448905548614004,0.014213765462239583,0.0006330796859760277,8.3274216229771,-0.01151243468969576,-0.4693114861449621,0.6805109637207809,6.390780837494271,5.788299465248757,5.967173143912246,0.6777923978365648,6.6633568987164224,6.6633568987164224,6.282098024662604,2.3121740486170967,8.16775957891783
R05,84,0.043333333333333335,0.06234417627782303,0.04239561444946707,0.04146451478550603,0.013768717447916667,0.0045905704416193864,5.595228580158098,-0.022455337263141306,-0.5035549457247119,0.6679397427139425,4.942417684263718,4.942417684263718,4.942417684263718,0.5809037327828239,5.058845812013127,5.058845812013127,4.945641798580775,0.5289974712532519,5.575968333292302
R05,85,0.03,0.0520409765198548,0.02781560036101302,0.02937551483178306,0.008101145426432291,0.017274569190917407,4.728779488171642,0.05310254066023312,-0.7715766623279288,0.7242211592605963,2.8687280087000095,2.96418548176527,2.8707540161267104,0.12846816622338153,2.4546456788318647,2.4546456788318647,2.4546456788318647,1.3438037706881465,4.690287441514095
R05,86,0.04666666666666667,0.062276515943467815,0.04573952231690787,0.04448905548614004,0.0034379069010416667,0.013943580044698686,6.824660394488199,-0.028107291042791527,-0.39981654505722686,0.9227246597286675,4.459574678360565,4.3143268138173605,4.700897306347733,0.6646199998630955,5.167514674176393,5.167514674176393,4.846145170890936,1.1744170118140138,5.858279200029627
R05,87,0.07,0.0746932117167186,0.0628187121483269,0.06568649636725439,0.011578928629557292,0.009300610421754323,8.613518108361212,0.04365865706847338,-0.13711669593560738,0.8237243684787312,5.740581452649371,5.25214812393809,5.740581452649371,0.24457205621115996,5.602409327110546,5.602409327110546,5.602409327110546,2.8630682757194688,8.613518108361212
R05,88,0.04666666666666667,0.06378695231569277,0.044942962938532234,0.04448905548614003,0.006135508219401042,0.00022756073754881534,8.014711898198588,-0.010202676757963713,-0.4337672854296657,0.8620894925199643,6.870190003355933,6.318646129723856,6.667825015315692,0.3600085373901125,6.8444944411445725,6.8444944411445725,7.22371327661253,0.3631882603480907,7.0009885474151705
R05,89,0.03666666666666667,0.056873703332389405,0.03564056974426984,0.03541818223888195,0.009900767008463542,0.0003774638994673256,5.758556129966989,-0.006278907931750233,-0.6057770257321018,0.7204608937385127,2.916765431119191,3.4834319250817254,2.916765431119191,0.24662329165169083,3.4966835048797176,3.4966835048797176,2.8015958388035846,0.7746288996970891,5.469786398574428
R05,90,0.02666666666666667,0.047411838703892165,0.025089289729705196,0.026355555555555563,0.006387786865234375,0.010887797662199957,5.5070081574191905,0.04804549929449109,-0.798931485392198,0.7576303465973467,3.5212899866311167,3.5659490061591974,3.5659490061591974,0.2886401953120714,3.3201564537752937,3.3201564537752937,3.860733995973889,3.2584970631553425,5.5070081574191905
R05,91,0.056666666666666664,0.0647284647578661,0.05192752615632937,0.0535681752973298,0.00760650634765625,0.013847116061969915,8.517997793305907,0.03062731056068313,-0.20833805517158632,0.8580032583630787,5.337520862884915,5.761652252484746,5.337520862884915,0.2766006849649676,4.9377060696741495,4.9377060696741495,4.9377060696741495,2.087617870100887,7.64298644327368
