seed,w_true,brier,bss,regret_dsmp_sys,regret_dsmp_exp,regret_dsmp_sys_no_uncertainty,regret_dsmp_sys_no_uncertainty_no_graph,regret_dsmp_exp_no_uncertainty,regret_dsmp_exp_no_uncertainty_no_graph,regret_greedy_prob_consequence
42,0.0,0.19324686808398644,0.07395381006836921,2.7999209555016478,2.8821256376069186,2.517399001919955,1.5724092716207565,2.752896645049873,1.877198726942538,2.608064471546072
42,0.25,0.11887137707409766,0.43036393333136636,1.5709765184669209,1.765288951047097,1.0734717128673594,0.721009990127186,1.4776822889362222,0.9856195001599986,0.8417854746595879
42,0.5,0.0652348233621422,0.6873922965772469,1.3634312933198771,1.6145405471422123,0.7858950331601307,0.5781935746630325,1.131788377181664,0.7314096061987811,0.7181815070342736
42,0.75,0.032337206948120055,0.8450388998060108,1.0313315572988984,1.1252686853036664,0.5752879694585715,0.10266396686893131,0.6969153838763305,0.2690111209347492,0.2323283547944186
42,1.0,0.02017852783203125,0.9033037430176579,0.931675285686083,0.9420749017577066,0.3170623157502632,0.003467288235185606,0.3170623157502632,0.003467288235185606,0.05245167690497965
43,0.0,0.15318499777803918,0.05166244201640058,1.0757968903350559,1.1271886541303786,1.06718181976521,1.0552012588175046,1.07144974513551,0.8315737828403371,2.324590384505626
43,0.25,0.09925656178640327,0.3855225591036281,1.0757968903350559,1.1271886541303786,0.9647439134994897,0.4678291978820255,1.07144974513551,0.7249314334121664,0.609870652008766
43,0.5,0.06161014528755632,0.6185839633351345,1.0757968903350559,1.0757968903350559,0.6753611910932875,0.3035386855789284,1.0597800743710195,0.4678291978820255,0.40217982571749644
43,0.75,0.040245748281498274,0.7508466547109203,1.0682738015521238,1.0885107652666193,0.49667454322212734,0.10587826231326858,0.6248432772288766,0.18631466209285463,0.265462053249081
43,1.0,0.03516337076822917,0.7823106332309849,0.8684331914504924,0.8684331914504924,0.4207456873005526,0.005169978558370758,0.4176988210330137,0.005169978558370758,0.11744426172597855
44,0.0,0.17019411038651197,0.05792332219095975,3.7799100023502774,3.5285509708998575,2.812793283851306,1.1987614923725118,3.5216749378342627,1.55612504904866,1.9209618004780111
44,0.25,0.10805061795910366,0.4019066407706122,1.259443092630022,1.19649269355682,0.9275725926096356,0.5909512390783505,0.897928326114652,0.7479579087028583,0.8146437679154133
44,0.5,0.06425149383630843,0.6443482461284129,0.8398843384173347,0.9519192303399677,0.2760865640312318,0.30119737258792156,0.643685131416845,0.5520078153984969,0.5441824987231598
44,0.75,0.03879673801812632,0.785248138264362,0.6996068574578942,0.8398843384173347,0.2271159456572036,0.05430161657170629,0.30976048201029016,0.14489920281332047,0.11755347208355715
44,1.0,0.031686350504557294,0.8246063171784594,0.40079047999438444,0.40079047999438444,0.1530035265663514,0.003979875910545161,0.1530035265663514,0.003979875910545161,0.05047995635916891
45,0.0,0.17976911836296244,0.059484191318934454,2.6490274945759325,2.96284585258212,2.0435673770989524,1.7879988089071048,2.597787264396601,1.9155894406307539,2.8968131921137115
45,0.25,0.11157363122893645,0.4162692404660192,1.7209495541439992,1.2572069406612059,0.8513168078312106,0.6446791874479629,1.0753485460774357,0.8335176375393587,0.9015540479815627
45,0.5,0.062320418836766506,0.6739521245175102,1.0248735427827569,1.1893531954077332,0.6445520698103167,0.39736993140047616,0.8821615549429112,0.5667915036232785,0.5430651268308679
45,0.75,0.032009481186452624,0.8325328434734071,0.8633172972505463,1.0314136875508666,0.4107148416686641,0.07063156834450979,0.6069215125640142,0.17027495932777015,0.18333343107286737
45,1.0,0.020640818277994792,0.89201139733371,0.6663484170953495,0.6663484170953495,0.38266917935777656,0.0071286293431853665,0.38266917935777656,0.0,0.07236733613299862
46,0.0,0.1599582059222529,0.060235918160250645,1.3477426473479568,1.4344959746740642,0.781970166206122,0.36238154234845865,1.3858940133361841,0.4512225339541942,1.5145861855539806
46,0.25,0.09643924873101793,0.4334136125465753,0.5641866557850221,0.680022709388993,0.47700506592937586,0.3500460759840962,0.5047827413357027,0.3674331689639416,0.36849752812716474
46,0.5,0.050794138307509444,0.7015813819980012,0.5044432406956503,0.5641866557850221,0.4493996867716987,0.24307124299963334,0.4504504982889159,0.3377681461811619,0.3278858893404504
46,0.75,0.02302287465172742,0.8647392265145285,0.4182001907614108,0.4182001907614108,0.42933061076274726,0.1339145563494526,0.4493996867716987,0.1525780361606337,0.1728646568950012
46,1.0,0.013125457763671876,0.9228871460961571,0.519475093204619,0.519475093204619,0.30678528845544406,0.016911370907166656,0.30678528845544406,0.016911370907166656,0.10689527048941727
47,0.0,0.19248731875703878,0.06975600861633235,2.240781327967568,1.9489852376873955,1.5249133996298951,0.7322895530630831,1.243167347046409,1.0399417667989042,2.5855544088190925
47,0.25,0.12312479283295327,0.4049680806880409,1.0575166077491645,1.3618306745316886,0.8913678707323811,0.6623985956067031,1.0146336587440885,0.7948723998990204,0.826834252269947
47,0.5,0.0733742216795676,0.6454003864741606,0.9072911849019647,1.1324629519032214,0.6569174366678112,0.36850578561706016,0.8116482432744192,0.633257452883754,0.6958827024312768
47,0.75,0.0432356052968818,0.7910529259746913,0.8588360531131229,0.9072911849019647,0.48119649853208557,0.07476506032264751,0.6241183038337965,0.2839695630771075,0.2568288414465769
47,1.0,0.03270894368489583,0.8419256991896332,0.7090600418548831,0.6577848758850848,0.4337917551435453,0.010262775433290017,0.4337917551435453,0.0015692622014285007,0.0797049547285269
48,0.0,0.17149205893957395,0.05073877827190887,1.5937597943150479,1.9923827664961493,1.3428964348114505,0.8720665774669385,1.6969332222321043,0.932347931394446,2.11065508280538
48,0.25,0.10887623836945252,0.3973365782017816,1.0072073527136638,1.2105110269506554,0.7706487094303327,0.6612622084226984,0.837995288590264,0.8732321352137262,0.981344420946499
48,0.5,0.0636978942996176,0.6474125896076197,0.882022416304352,0.9836061823187947,0.551907814720721,0.2865173609381486,0.7727376335974157,0.6612622084226984,0.7091303559478774
48,0.75,0.0359570267300692,0.8009668124894231,0.833687508821356,0.833687508821356,0.38619159018782057,0.044272423399235095,0.4974416719935846,0.10476900166761993,0.1031102611659378
48,1.0,0.025653635660807292,0.8579992468471919,0.7492086454091975,0.7492086454091975,0.25038850207491237,0.0071421564831268824,0.25038850207491237,0.0071421564831268824,0.03231153039811829
49,0.0,0.1815960756808941,0.032219101205144374,1.908070873727155,1.9950427008346026,2.6768807223245688,1.4220104695599503,2.0588900355889734,2.141211153629456,2.3538698739687334
49,0.25,0.11774001423640454,0.37252753742290745,1.3840846420569903,1.5222334817427168,0.7892466789226944,0.528220819067144,1.1623250203425926,0.7364558156870942,0.7946746704833174
49,0.5,0.07178438484151248,0.6174391091829969,1.1361892120793584,1.3491681280234786,0.676311309617688,0.2474246906183737,0.8089914544943895,0.528220819067144,0.5912792475383526
49,0.75,0.04372918749621791,0.7669538164854126,0.8894395547935972,1.0829731447243205,0.47876229134433856,0.03779561223970518,0.5352861402106726,0.1026123637883245,0.17245106179635172
49,1.0,0.033574422200520836,0.8210716593301548,0.81851130717709,0.743894310557522,0.30199336107253316,0.0023803217052886794,0.30199336107253316,8.261411258558837e-05,0.03132924254782665
50,0.0,0.17576720300246532,0.027074542730636364,4.110247116244238,3.7432730881635905,3.9946111835167812,2.595360034166333,4.03557552103959,2.812886416229219,3.3908362460860815
50,0.25,0.11208507316409069,0.3795746919878251,1.7114785006935733,1.9863332674918581,1.3167615436004496,0.6713613894112029,1.540131602014469,0.9101385624625777,0.803082436887621
50,0.5,0.06660539565483796,0.6313186765384143,1.3618162251416948,1.4139169747278402,0.8146271419404343,0.08194081032434042,0.9198338608834433,0.37349818219416875,0.34944201789278395
50,0.75,0.039328170474707026,0.7823064963824046,1.1479008980949175,1.253229109768995,0.4746055040321835,0.010949525392959458,0.5750162086480373,0.04918124571068461,0.12359587774713532
50,1.0,0.030253397623697918,0.8325381515197956,0.9806477954381307,0.8736535232645792,0.5452274797856376,0.004078092005158851,0.5452274797856376,0.012601094772918486,0.06659174784343236
51,0.0,0.1314527943244784,0.08863191720462704,1.5455461430844366,1.7599549751375037,1.4845339504225024,1.0499121251317547,1.4515195325817842,0.7207026402769827,1.6645426812608548
51,0.25,0.08455966832696146,0.41374405009049786,0.8983178280368236,1.0152688323025245,0.6440395074638445,0.46496915028609465,0.8790717699441188,0.5343560794865425,0.6273265537977863
51,0.5,0.05231294013449498,0.6373120541045373,0.8192833263147747,0.7557021722985553,0.40066932091656327,0.20005925255202328,0.4674634000091942,0.46496915028609465,0.4456190615611888
51,0.75,0.034712609747079015,0.7593359292467448,0.5250493079554417,0.6073274081848581,0.33263424351497406,0.07210375714498696,0.3013683395146529,0.12664361857207496,0.17427783175998002
51,1.0,0.03175867716471354,0.7798156755171205,0.5202750453925091,0.4710467239009972,0.26024793408595315,0.0073451969743132395,0.22271243329714707,0.0073451969743132395,0.06971555020464848
52,0.0,0.17077694674858446,0.08132344348005993,1.9374814982594444,2.090120838973121,1.3688042053353513,1.001378379187429,1.9374814982594444,1.48758775925711,1.4200679894591417
52,0.25,0.10992876277980367,0.4086498255427765,0.8692146984827787,0.9086875026451935,0.6300718112895538,0.3772312332715728,0.8522066011790912,0.48326979241045365,0.462703054806866
52,0.5,0.066731619688124,0.6410242965853228,0.8262149071412068,0.8692146984827787,0.5941434097051683,0.2923642037692957,0.748628990469939,0.39472333727309206,0.3700601305647808
52,0.75,0.041185517473545326,0.7784468566076992,0.7150460207171534,0.7746356617408878,0.530901973570451,0.057430190059221786,0.5941434097051683,0.1831237041774898,0.23604008848516855
52,1.0,0.03329045613606771,0.8209175056099058,0.5434954515672814,0.5434954515672814,0.5120471976888439,0.0,0.5120471976888439,0.003982494786555435,0.050852776963949964
53,0.0,0.15352431502449748,0.03925158814512608,1.4439378724518974,1.5382711013232608,1.1000967226019895,1.2200726693428123,0.7530942319428675,1.2753690033625844,1.8068772630570606
53,0.25,0.0975727265249929,0.38939416838122,0.7742573367061993,1.0404528205718577,0.36912804854529213,0.24058363856650544,0.5704184466804918,0.4806824821064595,0.3974794285238943
53,0.5,0.05784377487860551,0.6380162006165382,0.700495484857953,0.8533009462855432,0.34574670776564176,0.08045591879292147,0.36912804854529213,0.23581617633959695,0.28894715225609957
53,0.75,0.03433746008533531,0.7851176848510808,0.6113901312549785,0.700495484857953,0.24872097627965672,0.01070725771401726,0.28658787116000894,0.0343776981447661,0.16270201494492653
53,1.0,0.02705378214518229,0.8306986210848479,0.5841846893079321,0.5841846893079321,0.27193731552833356,0.0,0.27193731552833356,0.0,0.08257493728055465
54,0.0,0.1663550848884503,0.10511038255126437,2.222972063370662,1.2994701891444151,2.909367670123629,1.2237241322889076,1.656781112050055,0.9616784033129022,1.1224642443465882
54,0.25,0.10473156207258615,0.4366076180911971,0.9386627581420441,1.1882754124621329,0.6825410357788542,0.41124871463185286,0.9556909162923262,0.8565285677520365,0.806996842410399
54,0.5,0.06094378327983504,0.6721593515356579,0.893815355692368,0.9694429465490941,0.6048184618360324,0.28444396380837134,0.7421466943027326,0.41124871463185286,0.4283234441813306
54,0.75,0.03499174851019694,0.8117655828846471,0.7861582278502226,0.893815355692368,0.295478962579125,0.0848982366085238,0.5069749480275334,0.24648605162630588,0.2745622110364536
54,1.0,0.026875457763671874,0.8554263121381644,0.6270807897942063,0.6270807897942063,0.22636445466849864,0.002990035099458055,0.22636445466849864,0.006291386739263771,0.07638182672843641
55,0.0,0.16565161991251776,0.04627912233779796,1.8901643315862486,1.9061091674916497,2.291922438757638,1.291814618757428,1.9163753232099907,1.2999179066104034,1.377228782514635
55,0.25,0.10527412582165775,0.3938958657526207,1.5014467911679787,1.155292677536636,0.6674086686938381,0.44746930093478454,0.9554896266591015,0.6371118759320495,0.6484151799861024
55,0.5,0.061596053715239664,0.6453675343419487,0.9329375059503775,1.009242086499711,0.5585662086510013,0.1585412859865869,0.7557434327901831,0.47945929958160605,0.29544488100077615
55,0.75,0.034617403593263464,0.8006941281057823,0.90832131093606,0.9329375059503775,0.40183479212538487,0.007397712594809036,0.5937853334951626,0.007397712594809036,0.07649924496973881
55,1.0,0.024338175455729166,0.8598756470441214,0.7628480339176349,0.7150546499281347,0.3716194841788365,0.003055150120360395,0.3716194841788365,0.003055150120360395,0.0233180803792834
56,0.0,0.17776883808899124,0.10283063921463198,0.7902609088600911,0.8042170720972308,1.6535151891493172,1.0425007842637797,0.7739234897102847,0.6274253993853165,1.1968251538738173
56,0.25,0.11833448310142522,0.4027858104701918,0.7131200100104138,0.7902609088600911,0.5450633791986945,0.3579460822808471,0.7131200100104138,0.5509580666641511,0.46677045166296693
56,0.5,0.07706363361938384,0.6110728311140263,0.6526852655580342,0.7902609088600911,0.5283973668093722,0.28923520904965017,0.6526852655580342,0.2904108283707103,0.4294116764613136
56,0.75,0.0539562896428671,0.7276917011461357,0.6526852655580342,0.6526852655580342,0.5158080961901987,0.18434975593177683,0.5283973668093722,0.23634532481162296,0.2743475081634301
56,1.0,0.049012451171875,0.7526424205665196,0.5400256123358247,0.5400256123358247,0.4069556175670641,0.0,0.38466918910344816,0.0,0.0018482319832742178
57,0.0,0.1813789386067999,0.042298439197196225,2.7160357830830435,3.109597213184969,2.7023456430721353,1.755680169873699,2.704902481121451,1.7202062627442558,2.0248722044859733
57,0.25,0.11282355086491744,0.40427873495894906,1.5996841559820325,1.2350607017912978,0.655467249953432,0.5322243340863224,0.9165030299229215,0.5999149377199728,0.6912714310835213
57,0.5,0.06376059673968876,0.6633367496559559,0.8609902136797984,0.99374117739697,0.48196048570511607,0.23167990294871288,0.655467249953432,0.48365540696335074,0.6254089032879051
57,0.75,0.034190076231113836,0.8194724832882168,0.7391389104639643,0.8609902136797984,0.37858793072354047,0.04168163438004058,0.4632506232312039,0.12514992367590594,0.21429136783839908
57,1.0,0.02411198933919271,0.8726859358557317,0.5074982130976764,0.5074982130976764,0.3072189087011452,0.002986436285908667,0.3072189087011452,0.002986436285908667,0.08851580638281575
58,0.0,0.1684858531383265,0.029961338056272546,3.4067947479147733,2.893588071991445,2.5744253520492464,1.8914026060754452,2.9174627124682218,1.6346833481091778,2.075155314466656
58,0.25,0.10554122456639282,0.39235807427562974,1.3643244020592533,1.3971635021233055,0.9523600689509806,0.4627282793710208,1.2274181119737761,0.9772127706227707,0.8907941362840859
58,0.5,0.06159257913795858,0.6453875388362953,1.2775867901620188,1.3524872837203077,0.7219126165091723,0.24546119959913426,0.9768913602275404,0.4374761127234308,0.3463432909484254
58,0.75,0.036639916853023834,0.7890497317382685,1.1302466474724895,1.1175140212664587,0.5634076976710958,0.06686482507896585,0.7219126165091723,0.1387779299475369,0.16751046852215268
58,1.0,0.03068323771158854,0.82334465298155,0.9036107291932751,0.9036107291932751,0.36111974973076144,0.023438348425372624,0.36111974973076144,0.023438348425372624,0.016737712726211385
59,0.0,0.16898045162175906,0.046236662563443054,2.6908104223933265,2.6908104223933265,2.5936139504745483,1.2359589906718895,2.7970712647868083,1.4254948677693164,3.632303154995924
59,0.25,0.10650739072303142,0.39884854453438245,1.1059357730276247,1.1323662367930751,0.8603736483324269,0.5577613980695446,0.9528147275250944,0.7059582977357763,0.7073712396256155
59,0.5,0.062296053318309924,0.6483871882707988,0.9820554229915501,1.1323662367930751,0.6181292615860627,0.2627825011949767,0.7949741435583348,0.4729687193085397,0.36805435633678485
59,0.75,0.03634643940759459,0.7948525937726918,0.891704903154789,0.891704903154789,0.5769840416598697,0.06137079441964488,0.6144728260085799,0.1985055591442233,0.24157505761641573
59,1.0,0.028658548990885418,0.8382447610400616,0.7006812451325004,0.7006812451325004,0.48151985742646275,0.020457111031589648,0.48151985742646275,0.020457111031589648,0.06668150899031389
60,0.0,0.18413611581166858,0.05396404628852025,1.6765075846307695,1.8623789237406356,0.9582384006856159,0.605837439300899,1.7979822925262283,1.3582479284088436,2.555860172368341
60,0.25,0.11649644478022793,0.4014763222529334,1.118533165370593,1.2545167288027415,0.8825266272050101,0.46188510036824937,1.0618215236707726,0.6329275283223978,0.6456120630264195
60,0.5,0.06810997327194797,0.6500714526448834,1.0758348571903866,1.0876635092325273,0.8544913807901366,0.23822091500085207,0.923526588315724,0.4937619203122381,0.40330566323453354
60,0.75,0.03897670128682858,0.7997494374643712,1.0173663541192468,1.0173663541192468,0.707697640973322,0.06896192887808184,0.8147517225602883,0.07936681839174753,0.19804704672887397
60,1.0,0.029096628824869793,0.8505102767113962,0.9407364771455491,0.9332342239206923,0.4996207442080163,0.022575184726861153,0.4996207442080163,0.029281931079538026,0.056334714730752466
61,0.0,0.15621552371112646,0.07275628469839357,1.612914191720165,1.4272155831833118,1.257998726923688,0.6468481495878677,1.5156903027370277,0.8891793215099426,1.139906048282569
61,0.25,0.09723091672671598,0.42286941575295045,0.8645833611001308,1.0953794647387838,0.7512250147159989,0.46224068011053987,0.7214951321847991,0.6875888778695867,0.5505884763339282
61,0.5,0.05511585112597825,0.6728505249928483,0.7719815912800527,0.7982224965903697,0.6121154603248442,0.2616031953423885,0.6611059439572387,0.41552225721108016,0.3809068481598388
61,0.75,0.02987032690891319,0.8226996124180872,0.7496162937727604,0.7719815912800527,0.6072729042518858,0.11467327824772156,0.5928822013312072,0.20497454060301834,0.16039490981069093
61,1.0,0.021494344075520835,0.8724166780286673,0.6928445373587522,0.6928445373587522,0.5254112877273656,0.022614178887408798,0.41527445980023003,0.011526276545822611,0.05322846336380849
62,0.0,0.1671002478318771,0.028204262497525945,2.142195514594505,2.883186070325877,1.6867654790775362,0.9475399043277264,1.9988595411589642,0.9705413961265776,2.9266305523142933
62,0.25,0.10678809899968715,0.3789583153203967,1.1614772227723336,1.306856086227981,0.6490036465819173,0.4016826272008984,0.8538345550913107,0.6483204772782472,0.6363727440378284
62,0.5,0.06367819889310611,0.6296701946342043,1.1614772227723336,1.3078873687375676,0.6470959770426816,0.11608491636062013,0.6490036465819173,0.32858421505210345,0.2315460975737551
62,0.75,0.03777054751213401,0.7803399004389484,1.1093332937352613,1.0496263057309534,0.29522704022798507,0.054166193286164344,0.5138523396807386,0.08497977739608586,0.12017341399354109
62,1.0,0.029065144856770832,0.8309674327346295,0.8314852776877615,0.8314852776877615,0.34373990439925706,0.015005780190278983,0.3230770966279124,0.01417666445988175,0.08019882776449094
63,0.0,0.16840939876936872,0.09405941789786965,3.1134093307910007,3.206146800358283,2.568426683258508,1.432759293524839,3.161452755078244,1.5037077929706015,2.881931510513823
63,0.25,0.10563404259901224,0.43175281937199983,1.5198813053668232,1.1670041423680573,1.0105549125564153,0.8069202724404931,1.074526728045214,0.893705822790082,0.8505332534618333
63,0.5,0.06037249040282241,0.6752325612575237,1.0978927742519318,1.152147272225335,0.9914851346884461,0.4998966805686109,0.9923448959095822,0.7875860802178636,0.7322542540750305
63,0.75,0.03262474218079923,0.8244986435544415,1.08691847518827,1.1016614857224454,0.5445739218770314,0.08643585831322298,0.732163703434594,0.17052116240876103,0.24718411768725446
63,1.0,0.02239079793294271,0.879551066262753,0.991252439948795,0.991252439948795,0.49539896196509403,0.002393986089629152,0.49539896196509403,0.0002698133420153681,0.0571707158397885
64,0.0,0.18559967886345902,0.02897987347989106,2.9802253684882487,3.677156119578484,2.220332723728262,0.6793845932085674,2.8704813350315987,0.8622153980226983,2.661296901764132
64,0.25,0.11877837247703696,0.3785754858156033,1.2746553676190047,0.9893947692507936,0.6681772206829351,0.62064963967984,0.814250685640161,0.7097502279812318,0.7724021150509088
64,0.5,0.07112211529351246,0.6279034219585549,0.8405173214878516,0.814250685640161,0.5193231420407471,0.2801191629159234,0.6527001980404634,0.6289625214299974,0.49731478680376995
64,0.75,0.04263090731288557,0.7769636819087452,0.6880631718912582,0.7701350402104481,0.4708951971497868,0.05424555634718331,0.522000460690208,0.1596661766657803,0.039136882507534665
64,1.0,0.03330474853515625,0.8257562656661748,0.6759456353042879,0.7069168377734059,0.299403065398252,0.008564967537267876,0.30995974246931723,0.008564967537267876,0.0480943293157452
65,0.0,0.1817014389532278,0.05799902303040105,0.6521003331394013,0.6521003331394013,0.9874971938172621,0.29686829378240986,0.6521003331394013,0.6002950726049789,1.0099364177052337
65,0.25,0.11181427852819645,0.42031741619930185,0.6521003331394013,0.6521003331394013,0.4735984153949744,0.22628258996797967,0.5535251044852885,0.3365466027654236,0.3305652202952274
65,0.5,0.06165748075173659,0.6803470162909883,0.5359581406101483,0.6521003331394013,0.373475787284832,0.1863665750487371,0.522216536444148,0.22628258996797967,0.1598339098627264
65,0.75,0.031231045623848187,0.8380878233054605,0.47308605250174196,0.5359581406101483,0.2667358817156469,0.0794738420364638,0.3067033370097363,0.11798085208712905,0.1126545040262954
65,1.0,0.02053497314453125,0.8935398372427183,0.43296914146924337,0.43296914146924337,0.24775622851825574,0.005910948209361777,0.20986608609612745,0.005910948209361777,0.08305591550794134
66,0.0,0.1488375766505951,0.047941803515379355,2.235283147518743,2.408112546039547,2.04143262780525,1.4231015965672498,2.2758476864776185,1.1293192798422353,3.129584295934535
66,0.25,0.09593672789900073,0.38632870679843045,0.7812170305156769,0.9303457956841044,0.5190887251320078,0.2934780833781474,0.7716987331191376,0.5203213154590571,0.5125506287214421
66,0.5,0.058718135223196494,0.6244020953608223,0.7568902715150045,0.8071696674186342,0.4723963009022327,0.1313239842687608,0.5271076793145539,0.2934780833781474,0.3341643048110541
66,0.75,0.03718179862318236,0.7621619692025547,0.6698780611957318,0.7568902715150045,0.3018850765210743,0.014237224192726217,0.5312979160741236,0.06269824665781698,0.10628034183181967
66,1.0,0.03132771809895833,0.7996083283236282,0.5972116533868643,0.5972116533868643,0.19758166033841462,0.0,0.23767749783684167,0.0146330993626691,0.11381038671174792
67,0.0,0.1745395906969886,0.07841097915586848,1.2591869582513766,1.939267333910749,1.0300367479317458,0.5612689290043988,1.426749062811524,0.7405825656050808,1.4105888973003573
67,0.25,0.1101243140453667,0.41853101438519547,0.9838479606125645,1.2723593778617612,0.9898719982202522,0.4478223542680837,0.7297199715838474,0.5612689290043988,0.6702908513734371
67,0.5,0.06435239965090524,0.660211962532858,0.8609096959943656,0.8526582362020179,0.6603594254659981,0.1900015557355914,0.7228747974010901,0.43601349468062267,0.3036531047152664
67,0.75,0.03722384751360419,0.8034538235988563,0.7935991062890082,0.7297199715838474,0.47729436806213243,0.04741169930323963,0.5324271063876438,0.07646947631448597,0.10170907414263297
67,1.0,0.028738657633463543,0.8482565975831904,0.5739232247837549,0.5119564137325199,0.31203185443811776,0.01592015517101686,0.2665229347735192,0.01592015517101686,0.018624617045048808
68,0.0,0.1795612639229099,0.006073250152295651,3.9401043251206715,3.912646910593935,2.42261724427226,1.692021742791951,3.6794854097052507,2.4544582053938484,3.897334173237084
68,0.25,0.11575798648108392,0.35924398860628326,1.3264102950260792,1.4685331342491281,1.118615073842932,0.3790402563512316,1.1145998542432096,0.7352421906588802,0.7419469811561612
68,0.5,0.06960321783830191,0.6147248099419367,1.0853891922052412,1.2501262115234226,0.6740284883034633,0.14110077526009945,0.7862298469264033,0.3385955555095279,0.31091317210396596
68,0.75,0.04109695799456387,0.772515714159256,0.8477590967371498,0.924050661392414,0.47547911824744915,0.056926605219899784,0.6090420986877234,0.09836609786788131,0.06756793373196501
68,1.0,0.03023920694986979,0.8326167012582414,0.7651300839320356,0.7651300839320356,0.4072840918037457,0.0,0.3492190834753046,0.0,0.02229020242543811
69,0.0,0.1472855180513025,0.1073587692010799,1.8134277308023172,1.5399261845354602,2.1580463120328943,0.8015999539975667,1.2942028681664226,1.493408026850176,2.0706758837683594
69,0.25,0.09602380448242032,0.4180364223634916,1.2772837729471291,1.1177046375878774,1.3399188174034862,0.43834818262720887,0.998447528220737,0.5962057577231121,0.419853280417982
69,0.5,0.05996193933643435,0.636593603780371,0.9529250424946838,1.0561366016758882,0.8326035055657428,0.263286096933939,0.9049310336562826,0.446969441362711,0.3490377736783046
69,0.75,0.039099922613344586,0.7630303134517182,0.8554794616095762,0.9529250424946838,0.6339003183223326,0.09545556959230339,0.8640472883582504,0.13810989475973656,0.15262341214338448
69,1.0,0.03343775431315104,0.7973465513775332,0.8859316987418708,0.8859316987418708,0.5544868272862402,0.0223775315618866,0.5544868272862402,0.04018746921735783,0.05659341991636779
70,0.0,0.18777608067640908,0.07684869111952808,1.5318750329055604,1.7493256532418968,2.273170112116503,1.4224389891199962,1.7836116236333908,1.3901143383872636,1.4825184033490473
70,0.25,0.11577123485034692,0.4308414224121505,1.0510980648220993,1.1243288422211322,0.8576492501298958,0.6646756595169165,0.9609032344214654,0.7044341997205947,0.6641047813750447
70,0.5,0.0642590234737598,0.6840875503765108,0.9805852398720845,0.8498493523139246,0.3491396007077583,0.2993941795514843,0.669782675149861,0.4666088031401614,0.4924878839595408
70,0.75,0.033239446546647615,0.8365870750126094,0.6304121599302164,0.7165020939444275,0.23466534474323453,0.07027412613257411,0.3491396007077583,0.17688781260420683,0.17453159476258406
70,1.0,0.022712504069010417,0.8883399963204464,0.43893038207710333,0.43893038207710333,0.26180574400973455,0.016001602286024763,0.26180574400973455,0.009799532406589151,0.02115556999325463
71,0.0,0.18309140849569194,0.09204383762679902,2.4951376371272715,2.8338823387770447,2.228416284631578,0.9284421511229368,2.458469340827122,2.330023542763257,3.182257490397717
71,0.25,0.10976154038703141,0.4556890036250659,1.045971347853225,1.1081388291631526,0.7241523121690818,0.3151787863816651,0.7106097217100853,0.4129016905329195,0.4158956020912683
71,0.5,0.05694757973119504,0.7175951270788637,0.8822725629804324,0.9107333970395644,0.4592340907521191,0.19351721505984187,0.6315314957452642,0.3151787863816651,0.28999154974684416
71,0.75,0.024649526528182836,0.8777622079881924,0.6318757193337206,0.5796152159183805,0.31437383215282466,0.10077074209149828,0.3174773383556442,0.1477455449641809,0.132050458704839
71,1.0,0.012867380777994791,0.9361902463530519,0.5224509341138344,0.38417677746312506,0.17674804587642257,0.007332264781240383,0.17671268940236473,0.007332264781240383,0.09318708953162513
72,0.0,0.1545647485066447,0.06324213561146685,2.0133215412613765,1.7568104262630584,2.0454211003892624,1.4763517284974341,1.254937937616205,1.2529053966996742,1.6470052032120748
72,0.25,0.09592581595842468,0.4186302933551608,1.2078200994491795,1.2654301986369205,0.8525786937815099,0.45954028041506945,1.1444445183668108,0.5744566156943165,0.5966776818728761
72,0.5,0.053723682292046826,0.674401295397428,1.133633432879634,1.2005347959196513,0.81054111460071,0.34161799281920935,0.937734951090988,0.46029908651729556,0.46310725841982503
72,0.75,0.02795834750751117,0.8305551417382682,1.0958965697317353,1.0965892911507353,0.654584768912116,0.0958817092260631,0.7318050812084493,0.2426586880514776,0.11827087977724204
72,1.0,0.01862981160481771,0.8870918323776814,1.0158211904535506,0.9815263833981192,0.5584161229417077,0.0,0.4708537170011482,0.0,0.0073663117269404665
73,0.0,0.1902114464555091,0.02275082559890451,2.2176950605584693,2.380289148349334,2.140329980119077,1.250081507005632,2.3070557171761266,1.4862393459186478,3.3522780193500523
73,0.25,0.11894622795872829,0.3888900734584312,1.3911072190595917,1.4179248944973892,1.2836185327070666,0.4179929674400569,1.3407852622274277,0.6809036550151006,0.5276819142671911
73,0.5,0.06817773920517226,0.6497232916717663,1.190918549351153,1.190918549351153,0.9135105847772138,0.22142620980119432,0.9593728498053906,0.3860711289447636,0.33243124087246656
73,0.75,0.03790598019484094,0.8052504802389104,1.1208468107252827,1.2282087586220598,0.6580148184398809,0.02426792411756651,0.7628297907232877,0.12489341672244336,0.05596790977614319
73,1.0,0.028130950927734374,0.8554716391598634,0.984441958585279,0.984441958585279,0.5528055881478622,0.01067884155321508,0.5528055881478622,0.01067884155321508,0.010901926543368745
74,0.0,0.17616969598158416,0.05231371828078435,1.7464094969847395,1.7606781822335904,1.2556974494481494,0.9947076787669005,1.7464094969847395,1.2912740982667685,2.5201071719858703
74,0.25,0.11214387608718092,0.3967338573499577,0.7796062715144103,0.8897933477678919,0.7265763719650806,0.41735300490449845,0.8804794909216298,0.46558660128383167,0.5062957690578571
74,0.5,0.0663032453370377,0.6433286911845351,0.7796062715144103,0.8626009883272729,0.5644938448651544,0.34511865590619095,0.7796062715144103,0.46558660128383167,0.3736924295090205
74,0.75,0.038647803731154465,0.7920982197845168,0.6452068160910756,0.7410389400812676,0.31385290604166016,0.011946898760783142,0.42394264364978085,0.143848129774085,0.12121914320917426
74,1.0,0.02917755126953125,0.8430424431499027,0.5889059045302361,0.5889059045302361,0.21932506666544782,0.0,0.21932506666544782,0.0,0.01835785881937113
75,0.0,0.1607813989113409,0.045654758654930405,2.2141869674824193,2.275331209388696,2.4920947576271146,1.3226609586889424,2.122662530549661,1.4639900267651171,1.466140571913371
75,0.25,0.10180792570221504,0.3957018032994112,1.3223847240763291,1.0935982208825124,0.6874373772537012,0.6240520523690805,0.8850916225281651,0.7191410046865201,0.686403652148897
75,0.5,0.059502201860390576,0.6468145968407042,0.9501488507367242,0.9464752531819443,0.5136008320552037,0.31768940717020655,0.7319277718436297,0.5452353871199023,0.30278467632044226
75,0.75,0.0338642273858675,0.7989931392788097,0.8362465010182234,0.9501488507367242,0.5579497615246112,0.08259840921775208,0.39312567790400976,0.16019259146438003,0.09788933799572419
75,1.0,0.024894002278645834,0.8522374306137275,0.8148545894421488,0.8148545894421488,0.5048670421080601,0.006905079763754429,0.45269039615774886,0.006905079763754429,0.021825709891800216
76,0.0,0.1682755297702056,0.011371140237358524,2.7291958349532024,2.259160747566739,2.8920369358534685,1.7971959649516975,2.137486847935378,1.15054735523168,3.725104137104438
76,0.25,0.10504032159168364,0.382881792105497,1.1166386764294884,1.1522497833904026,0.7591487240016477,0.4851123217248414,0.9861086712620306,0.7380214905539333,0.8188695116197948
76,0.5,0.059859622793240155,0.6483211153236796,1.119673721232573,1.137019792664148,0.5097800730188453,0.12013465137818002,0.7872198155752699,0.3960529667918138,0.2832440999023902
76,0.75,0.03273343337487513,0.8076891098919067,1.009477154466424,1.0710762471479143,0.34490007442116166,0.08214023409135507,0.4788468025914199,0.09765364147429523,0.05957098023517915
76,1.0,0.023661753336588542,0.8609857758101781,0.7499826291690113,0.7499826291690113,0.2631078927987005,0.01626947220225361,0.16773435743004939,0.01626947220225361,0.04848531088507002
77,0.0,0.1694732091589331,0.07088529677610744,2.6130277925078076,1.935410765761162,2.296855315416849,0.7991870092606064,2.006077863872349,1.167001777330654,1.8929265604714942
77,0.25,0.10728697600375853,0.4118131864958158,1.2583591501718274,1.3749600256412577,0.8979182286834657,0.4322414057250512,1.0608189445104586,0.6087565037331331,0.5247712496376948
77,0.5,0.06234501826495457,0.6582015916839792,1.1434820129253183,1.3235397563495326,0.5422558444488175,0.3151913367353245,0.8293640625190619,0.3705823915951214,0.31524743964769186
77,0.75,0.03464733594252116,0.8100505123405978,0.8561323570834531,0.9838840331522078,0.6120119187368971,0.0977912859065384,0.5633956210695032,0.29399532958814234,0.1319426036025675
77,1.0,0.024193929036458332,0.8673599484656715,0.7427436579877167,0.7371195408521771,0.3975763376944883,0.02145771326033241,0.35887611269899367,0.02145771326033241,0.027503998119129847
78,0.0,0.18121071565323585,0.06054309659788193,1.5067217900635796,1.2501731745404356,1.2585389948100953,0.45106831860090324,1.1720244789784147,0.6529419822489615,1.5580789339423688
78,0.25,0.11799644926993393,0.3882669772371281,0.8251339237222055,1.1572721656851002,0.5699866134049785,0.3787147674371738,0.7206141187472497,0.5094748550831412,0.6812789163298874
78,0.5,0.07300737002483043,0.6215053976150717,0.7161159029069211,0.8050395681097484,0.4424644506518973,0.31236137935817965,0.5699866134049785,0.4073879071270312,0.2793819128445705
78,0.75,0.04624347791792537,0.7602583577317127,0.6261832101488096,0.6857095483408671,0.30755170794284936,0.050507880382497206,0.4424644506518973,0.07859530970625883,0.1197586496340648
78,1.0,0.03770477294921875,0.8045258575870512,0.5703338295728884,0.5703338295728884,0.23662441502619913,0.0,0.23662441502619913,0.0,0.04686122107827373
79,0.0,0.15887313831536914,0.04715685862707919,1.3882708387099,1.6723040667109217,0.47930100285364574,0.4082228099798044,0.7985621403159939,1.163776259669163,1.5976539108294787
79,0.25,0.10373139204917002,0.3778700005099882,0.7986070315501479,0.754528224707883,0.4030558782649223,0.3917859841372149,0.5678440989399576,0.366091298331753,0.37245061946399005
79,0.5,0.06445050751605691,0.6134574749648671,0.5840466112272225,0.7564755199020965,0.24518182370348995,0.1714271185739733,0.3595366899881469,0.3482667958604111,0.31252974121983357
79,0.75,0.04103048471602974,0.7539192819917164,0.5002635128778934,0.5002635128778934,0.23487393223390995,0.03814896754562369,0.22922921592464718,0.0906198184385687,0.08166572797992444
79,1.0,0.033471323649088544,0.7992554215905359,0.35832906702094647,0.35832906702094647,0.2529653252712478,0.00942586063436579,0.26500011678513147,0.0028654199385869106,0.024892386436192737
80,0.0,0.18771199498749055,0.06095985827806116,2.0427037385695144,2.408534324633763,1.9286390644485891,1.0081841393253228,1.9616729211376196,1.242114566402904,3.8222029360618137
80,0.25,0.12530955321245882,0.37313169243349664,0.8753796639518328,1.00217678543072,0.5682401463876658,0.5387819605477944,0.718015559969615,0.596968175956647,0.6420152634617011
80,0.5,0.08139406447725016,0.5928214718130549,0.740823108888776,0.740823108888776,0.3234942508363474,0.3073828257359139,0.6478970072573134,0.40247142430925464,0.591012921887824
80,0.75,0.05596552878186458,0.720029196416736,0.6359867626772768,0.6737691075650218,0.19236738024829947,0.11339662697398012,0.27056480669932625,0.2223848604459988,0.14724573639230698
80,1.0,0.049023946126302086,0.7547548662445398,0.40766554429063717,0.45613890148621294,0.09475105376787951,0.026221557170572396,0.09475105376787951,0.009111260933082121,0.08006719362106196
81,0.0,0.16821874702287354,0.0688575651612714,1.9574347140932389,2.653359126723558,2.101361549913804,1.4346585359489552,1.7991001534386157,1.6353132057544428,2.6832524971703435
81,0.25,0.10753442959292514,0.4047639019298189,1.7871521767816319,1.7458680474170762,1.245890747945623,0.7710980862977124,1.474288277320369,0.8594666448751127,0.914527854610327
81,0.5,0.06486756119047991,0.640938124091837,1.592791622492058,1.6442218920588232,1.124571435298634,0.31563914418984496,1.3753031112730412,0.6727525318714527,0.6789624592010739
81,0.75,0.04021814181553784,0.777380231647326,1.1569050811043553,1.2720846886069523,0.6401506636325394,0.09007548523908326,0.9236321687588429,0.1681859257775784,0.32802500101550436
81,1.0,0.03358617146809896,0.8140902245962854,1.0357900710246213,1.0357900710246213,0.6161238517034064,0.0,0.4630217622281805,0.016750771414280052,0.03380280617034259
82,0.0,0.18055274795355802,0.04666082043179853,2.4045740049296,2.3469789185508603,2.2730227073271294,1.8105813868922382,2.322729098148386,2.3061174871220658,3.078467552587142
82,0.25,0.11534431713103348,0.39096880048683325,1.636637176119791,1.1868974770194143,1.0217869622656508,0.610306470168382,1.0934490655857303,0.7190829646908128,0.8708813540709457
82,0.5,0.06806474474676044,0.6406103554231896,1.1749616213253375,1.1587702058232026,0.7290218024796218,0.2558843438412737,0.8193093345952889,0.5875352868464745,0.6340081399841324
82,0.75,0.03871403080073885,0.7955854852408678,0.9983010790580806,1.0939364497813813,0.5548060456821418,0.10726691822634393,0.6199345390570272,0.13996455262832797,0.1512420735364799
82,1.0,0.02729217529296875,0.8558941899398678,0.7335159325263589,0.7335159325263589,0.4963842862885599,0.0,0.3347295116840314,0.0,0.092382642815096
83,0.0,0.1605319951963098,0.03720784888078732,2.4226540373261685,2.4823320426392286,2.203903084638597,0.7321966154748623,2.048558243370252,0.8642465592497786,3.1079485392945116
83,0.25,0.10020535277643387,0.39901745421338863,0.9914223510357374,1.1348741840503465,0.8035106454395589,0.5358371549459946,0.7854938215438949,0.7171704689090745,0.7357850898150389
83,0.5,0.05695311521291491,0.6584231558218172,0.8823203517493994,0.9914223510357374,0.7288672376357965,0.21602847897557353,0.8042503744002261,0.4160083595059234,0.31002676682743413
83,0.75,0.030775282505752923,0.8154249537060732,0.8409407765019807,0.8409407765019807,0.5718694367888588,0.007162771907047727,0.7077980894101472,0.07533460073679521,0.09300348687571613
83,1.0,0.021671854654947916,0.8700228478661562,0.7901664774955179,0.7901664774955179,0.5312150843653853,0.0,0.5312150843653853,0.0,0.02697828845387562
84,0.0,0.16269095344247392,0.0343202741174462,2.1674998120093107,2.2565857867731722,1.5672837573279708,1.3547146078988703,1.282208469260496,1.5408195639246003,3.0407084955662356
84,0.25,0.104133837857856,0.38189595752028216,1.4794524253240695,1.3369889217328534,1.034512741770783,0.40785915469012934,0.6992597260801858,0.48361099141669683,0.5706950564664339
84,0.5,0.06332074129333928,0.6241490088970852,0.8973096180831419,1.0832999711128082,0.5909513729684477,0.15046491037207943,0.691094411905226,0.40785915469012934,0.3159725775226434
84,0.75,0.04025166374892373,0.7610794282478555,0.7864145893051955,0.8973096180831419,0.4350991084936595,0.06916670427864346,0.3959987249278356,0.09681731511983571,0.11055340227318311
84,1.0,0.03492660522460937,0.7926872155725927,0.5907705299831036,0.5907705299831036,0.3822252636426242,0.024798613889515764,0.3891846707009847,0.024798613889515764,0.05753884854982516
85,0.0,0.14844163878609734,0.06087667060649138,1.5386214306648753,1.6925395956989462,1.3539807645082078,0.46990986394575884,1.5391287359563819,0.7006541352550926,2.4590797695851734
85,0.25,0.09430263700257945,0.40338972840318466,0.875825749832245,1.1535298392639106,0.7197006988220664,0.42039921367288,0.829743817891142,0.5139958211157136,0.6580705661148158
85,0.5,0.05653531535767791,0.6423265465054468,0.7713907697468017,0.8236398047015427,0.592139091063558,0.2348298106958282,0.640336606268221,0.31082499698376864,0.3218687116169292
85,0.75,0.035139673851392744,0.777687124913278,0.609156155009174,0.6358782622825743,0.5210947820166325,0.10578851181503524,0.5536266002450532,0.17870096455925477,0.15055070726452868
85,1.0,0.03011571248372396,0.8094714636266779,0.5613718063077044,0.5613718063077044,0.45745478171360787,0.02089524436433976,0.45745478171360787,0.02089524436433976,0.0546822135231082
86,0.0,0.17721558014285732,0.10562283881056966,1.4963603332874982,1.5835098037771331,1.4212562481699536,0.6617350207108075,1.433363742121827,1.2103449867744018,2.2934063357089087
86,0.25,0.10882852883482436,0.4507607593121924,1.401980790637623,1.4874518822133496,1.0468986821503847,0.6617350207108075,1.3968138638571475,0.7747770579581754,0.6625322846308563
86,0.5,0.05962679785417047,0.6990736020352191,1.401980790637623,1.401980790637623,0.8793335219366156,0.3502480854411658,1.1470646145556032,0.6617350207108075,0.484609568991317
86,0.75,0.029610387200895687,0.8505613669796497,1.3402994675454067,1.3804373745614669,0.501193572525267,0.026778149025403764,0.5820076120196802,0.19219115224481698,0.032786112056726324
86,1.0,0.018779296875,0.9052240541454842,1.0733657766067495,1.0733657766067495,0.2813565549629402,0.0,0.2813565549629402,0.0,0.001765364969685379
87,0.0,0.16054408536357562,0.02700366028850243,1.9958820007405507,1.8920275308475993,1.7691416557152309,0.7338906733403121,2.086345220324546,1.0344388382289935,3.660780928711773
87,0.25,0.1048597735732862,0.364484990906229,1.1432155471771352,1.4952168122486569,0.8789291180509053,0.23777764181073735,1.0825229117622257,0.3086024664557385,0.38211816285786426
87,0.5,0.06494270180264586,0.6064071061736787,0.869878165434443,0.9026756353747487,0.5887713951044589,0.21791462800646855,0.6996623500616863,0.22241174939216535,0.318125387194101
87,0.75,0.04079287005165463,0.7527700060908509,0.6454888826178262,0.6454888826178262,0.42275303427464905,0.0424835468514857,0.4996363681273692,0.10596411439451003,0.08250243177775474
87,1.0,0.0324102783203125,0.8035736906577458,0.5343746447548483,0.5236734612217901,0.36401558105669096,0.007392848788072115,0.30815162205973934,0.007392848788072115,0.07132113901599269
88,0.0,0.17110204207462076,0.07084623803119561,1.4373746318502185,2.1693557933285206,1.2731871661676735,1.1092447559090317,1.4373746318502185,1.891629973242459,4.738105763977472
88,0.25,0.10845856579083649,0.41102582295103707,1.3308797921118298,1.1202239303832755,0.6068372127186876,0.4823263303358374,0.8521919386795958,0.6645740029814817,0.812757803333426
88,0.5,0.06419074398415217,0.6514181214129523,0.8058443922606386,0.8521919386795958,0.5368347664102373,0.21107537832429557,0.6959636575761294,0.4823263303358374,0.39297147512721153
88,0.75,0.0382985766545678,0.7920231334169413,0.7536562835202574,0.8058443922606386,0.4269388181821512,0.057202242315725016,0.44573858454023707,0.16954135581912055,0.11654100751835017
88,1.0,0.030782063802083332,0.8328408589630044,0.6446087962055742,0.6446087962055742,0.2638495934577918,0.027557567406546468,0.2638495934577918,0.016616344517700554,0.03533054114777201
89,0.0,0.19721174842014433,0.022020619418214538,2.603750835227487,2.715093812827064,1.847873875325945,1.4633769007163266,2.9468524754974794,2.116730588872855,3.534097418130159
89,0.25,0.12291548635077054,0.3904581640382807,1.1893881892438571,1.0737600129590419,0.5945748499761407,0.3287792858725709,0.6403560869657099,0.5725285279776244,0.5646330766033714
89,0.5,0.06857104087274775,0.6599540107736901,0.7955518214981794,0.7981495019018894,0.505545284942059,0.12780025320788013,0.5354167669275682,0.3690347132122156,0.25782524399414797
89,0.75,0.034178411986075984,0.8305081596244428,0.7955518214981794,0.7081408202056423,0.3088883550618391,0.03681835513259557,0.3346831234808576,0.07899271602440194,0.09942997804930087
89,1.0,0.019737599690755208,0.9021206105905387,0.5979152796506071,0.5979152796506071,0.29504606495231656,0.011535700695048945,0.29504606495231656,0.011535700695048945,0.030641814029280567
90,0.0,0.19082670753013858,0.06185109311459691,1.5327032343784595,2.1259910384860348,1.3992226907965346,1.0085679248882684,1.6484278429406913,1.967567255691506,2.1794809082672373
90,0.25,0.12397548560304893,0.3905073990719138,0.9300992143809026,0.9455568110033141,0.8145734293733256,0.39064454837398443,0.9093512628255098,0.5483347678190853,0.4269254956882378
90,0.5,0.0761536460412746,0.6256107925685606,0.9022841110277398,0.8839042159391397,0.6992216074690702,0.3148341708439659,0.7483067718993368,0.34994209257996545,0.3706674005505306
90,0.75,0.047361188844815584,0.7671612736045375,0.754041360519011,0.7810771149685252,0.5475907260779707,0.0634416336354775,0.6302792463291098,0.2227781658000083,0.06771017974591587
90,1.0,0.03759811401367188,0.8151588421798444,0.7373065394146181,0.7373065394146181,0.535779784188378,0.0,0.4890142647238349,0.0,0.037300929813113726
91,0.0,0.1730129585823667,0.0329875291373154,1.1090319470081056,1.3477317427873743,1.614598040905463,0.8196836446402926,1.1559068662321863,0.922828258175258,1.9082106949297497
91,0.25,0.11048965541458074,0.38244582623934253,1.0360984966925457,1.130454812592916,0.8944164276703361,0.3602975518621463,0.7204133153893224,0.5578820489636485,0.5477764993329401
91,0.5,0.06609680692131317,0.6305685013375227,0.7360909495898795,0.7567340716246633,0.4165993945620414,0.15696066324733238,0.6098461639466279,0.3602975518621463,0.28895785399956253
91,0.75,0.03983441310256404,0.7773555544318557,0.7060136121547487,0.7360909495898795,0.32506150887465424,0.0627940879047344,0.4165993945620414,0.14492733733086993,0.12096616159121254
91,1.0,0.03170247395833333,0.8228069855223415,0.5631317175886181,0.5631317175886181,0.3167517070842507,0.015279235339534125,0.35727539930329044,0.015915046436560942,0.09264789200378232
