seed,kappa,mean_upstream_share,regret_graph_uncalibrated,regret_no_graph_uncalibrated,regret_graph_recalibrated,regret_no_graph_recalibrated,regret_greedy_prob_consequence,regret_graph_true_probability,regret_no_graph_true_probability
42,0.0,0.0,2.569883266550619,1.7730860738261924,2.7999209555016478,1.7431636016081598,2.3000854369802255,0.931675285686083,0.3649628596223522
42,0.25,0.24625813465011825,3.482482251105779,2.660018209713513,3.542318151511523,3.052221921169547,3.738661521910558,0.683298230164155,1.5318066499200143
42,0.5,0.4925162693002365,5.434829878725083,4.5866989886650344,5.324463990585571,5.401028883795107,6.216986249905091,1.4746698177064275,3.7383990832818483
42,1.0,0.985032538600473,9.909550179486416,9.010085592090661,9.458780714256307,10.668667854568866,11.743660751416769,3.627438038313585,8.721608995528186
42,2.0,1.970065077200946,19.177982961913983,18.17585097984687,18.046406342502735,21.5229379770214,23.116001935345082,8.251966660432856,19.007021000925818
43,0.0,0.0,1.3733970254043584,1.2403954726057123,1.0757968903350559,0.8460431237866715,1.696067944265394,0.8684331914504924,0.36382520179674316
43,0.25,0.24594394945979597,1.4720045233913197,1.8107472340265929,1.1102637151983004,1.761176146352085,2.487698652199782,0.5084169726411858,1.590597788314227
43,0.5,0.49188789891959195,2.8799575381947022,3.6904445122639515,2.4540760568779376,3.9856546857339197,4.588674876950591,1.4577462706482152,4.126715891648132
43,1.0,0.9837757978391839,6.187117700952399,7.941093201889544,5.632954873388144,8.925865897648464,9.281881459603198,3.847658999813234,9.690206231466846
43,2.0,1.9675515956783678,13.333992562348442,16.974945117021377,12.52326704228932,19.338842857358202,19.200849160789005,9.160038994023978,21.34974144698498
44,0.0,0.0,3.6124972900163357,3.07794215297713,3.7799100023502774,1.8542759412653993,3.4762500625321024,0.40079047999438444,0.253291828652209
44,0.25,0.24396073785182268,4.847020486585819,4.615200753797467,4.887427188664873,2.8865019960251743,5.478815061186253,0.24761952882113292,1.2089168324544914
44,0.5,0.48792147570364536,6.864900919278796,6.935816590741183,6.778301611102961,4.702085286908414,8.264737295963812,0.8778058137713742,2.94789907238021
44,1.0,0.9758429514072907,11.509323231106407,12.185709711070388,11.168711902420739,8.941913315116608,14.445243211960758,2.746839830113629,7.034524998673476
44,2.0,1.9516859028145814,21.710952106964783,23.598280203931893,20.862316737259505,18.334353623736035,27.719039296157632,7.397692115001121,16.120561103462876
45,0.0,0.0,3.0823064367560846,2.4421978801365185,2.6490274945759325,1.8994782806695696,3.3284559936475375,0.6663484170953495,0.34468244889640687
45,0.25,0.24276820105341768,4.052209336539363,3.6374198051972826,3.3513095407988374,2.9328287533976436,5.0276466481005855,0.5582072803240408,1.1219292698658307
45,0.5,0.48553640210683535,5.956864317546774,5.7673938114821794,4.988343668245847,4.900931307349879,7.661589383777823,1.3848182247768932,2.833928172059359
45,1.0,0.9710728042136707,10.67940690138306,10.940574445873494,9.175644544961415,9.750369037075814,13.842707476953706,3.9512727355040624,7.1711585982679935
45,2.0,1.9421456084273414,20.724129605648386,21.88657325124882,18.149883834985303,20.048882033120435,26.80458119989828,9.683819293551096,16.445256987277844
46,0.0,0.0,1.1767997562031667,0.7059505561613832,1.3477426473479568,0.4506373414945415,2.2717684655797825,0.519475093204619,0.2693009369885999
46,0.25,0.24634522164234895,1.761600954443793,1.4612852997072423,2.0012820352489484,1.1835501067679104,3.468811247196669,0.8222083321283264,1.1102359613043973
46,0.5,0.4926904432846979,3.141348441197806,3.0115663317665167,3.4497677116633554,2.711409160554666,5.460800317327028,1.9198878595654492,2.746117274133553
46,1.0,0.9853808865693958,6.42895583235736,6.640240813536536,6.874851482143583,6.29523968577962,9.972890875239159,4.6433593320911655,6.5459923174433925
46,2.0,1.9707617731387916,13.290880559222046,14.18429972162221,14.011728967649674,13.749610680775277,19.283781935608886,10.377012221688119,14.43245234860865
47,0.0,0.0,2.068720092544254,1.269368735832785,2.240781327967568,1.5047673256429732,2.8003114249243595,0.7090600418548831,0.3717371553275086
47,0.25,0.23970624095916618,2.6547594871641707,2.1926391149207234,2.8936732650834074,2.6653992678606926,4.187738522300748,1.1167530430575994,1.5151649693373201
47,0.5,0.47941248191833236,4.087894886233073,3.963005498457676,4.393661206648289,4.673127214527426,6.4222616241261505,2.3715420487093013,3.505688787796089
47,1.0,0.9588249638366647,7.266259809319195,7.815832390479898,7.70573121472637,9.00067723280921,11.203401952725358,5.193214184961107,7.798830549662057
47,2.0,1.9176499276733294,13.98936920466059,15.88786572369338,14.696250780051571,18.022156818541816,21.132062159092698,11.202938006633758,16.75149362256309
48,0.0,0.0,2.291021265324673,1.5531187889833689,1.5937597943150479,0.9968436082783967,2.65885225124228,0.7492086454091975,0.3665214441378737
48,0.25,0.24472403408570848,3.2827702055759005,2.988957068959735,2.484642142506317,2.5528017542169152,4.486778420620567,0.6750046525183393,1.471558899659783
48,0.5,0.48944806817141695,5.356135010528163,5.506411213637108,4.457140355398593,5.190375764856441,7.396320454699918,1.6824165243285165,3.6582122198827562
48,1.0,0.9788961363428339,9.883406957792545,10.921861840351653,8.782679118543001,10.846066123495461,13.595946860218419,4.077782605308812,8.412061197688558
48,2.0,1.9577922726856678,19.486360754502584,22.30117299596219,17.98216654701315,22.705856742954666,26.543609573436754,9.416924669450566,18.46816905548144
49,0.0,0.0,2.6540055476167197,1.9347695919394994,1.908070873727155,2.20418073381083,3.4398303221798017,0.81851130717709,0.25925159497106165
49,0.25,0.2434001073468336,2.8074960598247003,2.49428817190136,1.9044427509780917,3.2768969372680203,4.581700725336731,0.7063695783331809,1.2883541757103387
49,0.5,0.4868002146936672,4.126854150227729,4.219674330058325,3.066682206424076,5.515480718920315,6.889438706688651,1.7600954276843481,3.483324334644607
49,1.0,0.9736004293873344,7.360879565273194,8.26575588061155,5.986470351555454,10.587957516464144,12.1002239036319,4.462856360626006,8.468573886752552
49,2.0,1.9472008587746688,14.191711486344843,16.720700072698776,12.188827732798927,21.095692202532746,22.884575388499286,10.23115931749004,18.80185408194916
50,0.0,0.0,3.288207218090605,3.143464424185794,4.110247116244238,2.829365918312817,3.745177118632739,0.9806477954381307,0.31224791352818215
50,0.25,0.24723067887865177,4.12446686836401,4.010651546595511,4.7701533344366,4.246649050752666,5.099938310718358,0.8199196445364691,1.6113558283639122
50,0.5,0.49446135775730354,6.261749640242812,6.1788617906105685,6.7310826742343295,6.964955304797883,7.755722624409344,1.9602146152402327,4.211486864804982
50,1.0,0.9889227155146071,11.225985716090577,11.204952810730845,11.342611885920007,13.091238344978478,13.756961783881536,4.930475088737808,10.101419469777397
50,2.0,1.9778454310292142,21.732160001055433,21.834836984240837,21.143372442560747,25.921506558608996,26.337142236095247,11.448698169002512,22.458986812991554
51,0.0,0.0,1.9101132071830875,1.589878504144167,1.5455461430844366,0.9862246938283192,2.3285002489064652,0.5202750453925091,0.3797373675405993
51,0.25,0.24538367514530712,3.2126080330492073,3.009244693831164,2.2307665573181623,2.4011698097966985,3.861208305578799,0.6521453539316724,1.4227261158017939
51,0.5,0.49076735029061425,5.277990667804943,5.191498692407663,3.6788747804414754,4.579002734654637,6.156804171140664,1.5469034713603662,3.228602672952576
51,1.0,0.9815347005812285,9.855404222666948,10.002654974911366,7.021739512038721,9.38131686972116,11.194644187615097,3.783067991568373,7.287004072604702
51,2.0,1.963069401162457,19.24724757993482,19.861983787462634,13.944485222776905,19.222961387398016,21.507340468107714,8.492413279528364,15.640823119452875
52,0.0,0.0,2.316133198629757,1.7103418965277228,1.9374814982594444,1.3886640299625128,3.296193014226901,0.5434954515672814,0.2788839475882128
52,0.25,0.24394526306487996,2.7799116327277886,2.109447361630231,2.217319866773096,1.8132833899464345,4.514553445044498,0.35208836119403486,1.1829507601532612
52,0.5,0.4878905261297599,4.245899176060647,3.51076193596748,3.4993673445215734,3.2401118591651255,6.73512298509695,1.162890380055586,3.0892266819531073
52,1.0,0.9757810522595198,7.689784545375403,6.825301367291104,6.575372582667569,6.605679080251548,11.688172347850866,3.296404700427729,7.413688808201869
52,2.0,1.9515621045190397,14.983997528398561,13.86082247433194,13.133825303353206,13.743255766818152,22.0007133177524,7.969875585565603,16.469055305093036
53,0.0,0.0,1.213339518265542,1.2931370765119823,1.4439378724518974,1.3092853298971932,2.8415037315395466,0.5841846893079321,0.19891385405824735
53,0.25,0.2435940810131584,2.721430298629002,3.057434219550373,2.164299092804754,3.567841680074139,5.480698890926419,0.8723960802273041,1.6785037121122741
53,0.5,0.4871881620263168,5.353292443593148,5.945502727189506,4.008431677758267,6.950169394851798,9.243665414914005,2.2843788357473613,4.281864934766986
53,1.0,0.9743763240526336,10.87047947315176,11.975102482098066,7.95015958729573,13.968287564037439,17.023061202519557,5.361807086417855,9.74205011970679
53,2.0,1.9487526481052673,22.23843893242912,24.367887392075318,16.167200806530673,28.33810930256891,32.91543817789068,11.850248987918974,20.99600588974647
54,0.0,0.0,1.8943534934919626,1.3310008681680756,2.222972063370662,0.9616784033129022,1.6108138239405037,0.6270807897942063,0.22587104391746493
54,0.25,0.24528282360887887,2.447873444873835,2.1708377294797856,2.900126530891555,1.679830511684969,2.820573095714167,0.8093500254201444,1.319618974467943
54,0.5,0.49056564721775775,3.833125731788556,3.842406926324344,4.409013333945296,3.229714955589884,4.862064703020678,1.8233515965789309,3.2450992405512977
54,1.0,0.9811312944355155,7.288687447279472,7.870602461674821,8.111844081714196,7.014540985061103,9.630105059295147,4.536411880557921,7.781116914379368
54,2.0,1.962262588871031,15.124450067201849,16.85163272131649,16.442144766192712,15.508832232944314,20.090824960784687,10.887171637456618,17.777791450976224
55,0.0,0.0,2.5124637143083532,1.9706559357195488,1.8901643315862486,1.515983958143437,3.320507088532082,0.7628480339176349,0.23938320489978082
55,0.25,0.24178653409012524,3.7609660287304507,3.2789605005733904,2.8303636233221994,2.6741763763549216,5.203238999903476,0.6662482969261703,1.4403431189931553
55,0.5,0.4835730681802505,6.1237341357384025,5.7015308580130295,4.884828707643919,4.946634587152147,8.200236703860668,1.6839143525204463,3.755568825672327
55,1.0,0.967146136360501,11.19361821364555,10.891019436783552,9.338106740178603,9.83589887263787,14.538579975666323,4.063594327600356,8.730368102922
55,2.0,1.934292272721002,21.68994982887,21.626560053734863,18.601226264658237,19.970990903019526,27.571829978687788,9.179517737170329,19.03653011683133
56,0.0,0.0,1.3312674200332708,1.0780263548871858,0.7902609088600911,0.7537933035164315,1.8297643410444095,0.5400256123358247,0.23634532481162296
56,0.25,0.2464697154496023,1.4252765713378608,1.4109873562654514,0.9542748774568679,1.513010117874387,2.820803012694057,0.4967056365881888,1.0810887092365817
56,0.5,0.4929394308992046,2.8732877370173924,3.0979503720186585,2.4722908604285863,3.6262289466072275,5.165843698718646,1.8073876752154945,3.279834108036482
56,1.0,0.9858788617984092,6.2720965820108745,6.9746629171596055,6.011109340006499,8.355453117707441,10.358711584402329,4.931538266104553,8.180111419270759
56,2.0,1.9717577235968184,13.447527562822074,15.105901298265564,13.466559589986446,18.19171475073199,21.12226064659376,11.55765273870685,18.358479332563547
57,0.0,0.0,2.7048375322183347,2.5588430489292193,2.7160357830830435,1.7675259861468078,2.979494845078534,0.5074982130976764,0.2946832041311893
57,0.25,0.24573371418923048,3.3537239345856733,3.558762864480542,3.4822904072182723,2.7666941727107144,4.119636299070095,0.8691134971836618,1.3058754191785624
57,0.5,0.49146742837846097,4.9955815296535775,5.5516538727325155,5.2415162240541235,4.7588335519751865,6.252748945762278,2.2236999739703265,3.3100388269265295
57,1.0,0.9829348567569219,8.729455161475926,9.987594330922889,9.210126299412366,9.1932707521907,10.969132680833127,5.383031369230082,7.7685240841090035
57,2.0,1.9658697135138439,16.585678286034465,19.24795110821742,17.535822311042466,18.450621013535397,20.790376011888554,12.090170020663322,17.07397045938768
58,0.0,0.0,3.106670200072074,2.3444681757995625,3.4067947479147733,1.7029528262796987,2.5086750740471473,0.9036107291932751,0.31173732627618733
58,0.25,0.24678293000945964,3.9766086015988833,3.0570017926511923,4.238949177087193,2.5443966315255864,3.936821411377565,0.9234361812488032,1.5591408539693816
58,0.5,0.4935658600189193,6.294005701540186,5.216994107917287,6.518562304674049,4.8332991351859675,6.812426447122448,2.390720331718825,4.254003080076984
58,1.0,0.9871317200378386,11.510978256915166,10.119157093941908,11.659966915340192,9.993282497999076,13.145814874104587,5.907466988151214,10.22590588778462
58,2.0,1.9742634400756771,22.54652025563729,20.525079953963257,22.544373024644585,20.91484611159757,26.41418861604103,13.542557188988269,22.771308391172113
59,0.0,0.0,3.0121684883006594,2.262383616164925,2.6908104223933265,1.9780701862344188,3.350237290270684,0.7006812451325004,0.33368547985702435
59,0.25,0.2426507789804517,3.8831634542904396,3.3601554616384703,3.668672613299492,3.0982296275650754,4.940745238461346,0.7631768642039276,1.3703943499122886
59,0.5,0.4853015579609034,5.71258338371581,5.416352270547634,5.6049597676412475,5.176814032331379,7.489678150087627,1.7840974467109731,3.365528183403228
59,1.0,0.9706031159218068,9.648530182804166,9.805852828603633,9.754641016562516,9.611089782101544,12.864650913577862,4.103045551962737,7.632902790622666
59,2.0,1.9412062318436136,17.80909187181419,18.87352203554866,18.34267160523808,18.768309372475187,23.90326453139147,9.029609853299291,16.456320095894682
60,0.0,0.0,2.230549771723531,1.4837590851373932,1.6765075846307695,1.2928335911823297,2.115066400756973,0.9407364771455491,0.18249255092683825
60,0.25,0.24567640539398394,2.3410789336793982,2.0306490290626584,1.9738112096723626,1.906867916862609,2.696633988751188,0.7956518326668061,1.3832519734567938
60,0.5,0.4913528107879679,3.6540058595466576,3.7799367368992307,3.473512598625234,3.723300006454309,4.480599340656767,1.8529649520993985,3.7864091598981133
60,1.0,0.9827056215759358,6.8092781513108775,7.807930592602133,7.0023338165607925,7.885582625667439,8.57794848449771,4.497009630994285,9.122141972810482
60,2.0,1.9654112431518715,13.490633588251853,16.234729157420475,14.430787105844445,16.58095871750612,17.143457625591964,10.155909842196593,20.1644184520477
61,0.0,0.0,1.7003704108757347,1.2614142119739142,1.612914191720165,0.9541339008775367,1.3786813023265552,0.6928445373587522,0.28947733787509833
61,0.25,0.2413858819652106,2.497056489684155,2.430432313279482,2.467670521029987,2.121109322092593,2.60495070755897,1.0952562328532167,1.293274693076114
61,0.5,0.4827717639304212,4.356368172561247,4.662076018653693,4.385052454408509,4.350710347376264,4.893845716859971,2.560293532416324,3.3596976523457442
61,1.0,0.9655435278608424,8.34802034097629,9.398392232062974,8.492845123826442,9.082941200604466,9.744664538122947,5.763396934203456,7.765572373545922
61,2.0,1.9310870557216848,16.679076735592332,19.218776716667605,17.056182520448203,18.895154964846938,19.794054238434796,12.51735579556373,16.925073873732288
62,0.0,0.0,3.1076109106962235,1.7510491541246438,2.142195514594505,1.0388815381907648,3.1157368465256354,0.8314852776877615,0.23210281177208003
62,0.25,0.24281174572032924,4.028619292523956,2.704510703075613,2.683462999779465,1.9910181090974106,4.715934850618083,0.6936225338795907,1.1741004668964479
62,0.5,0.4856234914406585,5.920432515318225,4.6287770929931185,4.1955353259308765,3.9139595209706215,7.2869376956770395,1.5265646310378997,3.086902962987324
62,1.0,0.971246982881317,10.072194342620833,8.845445254542142,7.587815359947797,8.127977726431084,12.79707876750905,3.5605842070687004,7.280643336883202
62,2.0,1.942493965762634,18.71887470120987,17.621938281624068,14.715532131965517,16.899170841335774,24.160517615156834,7.9717800631141245,16.01128078865878
63,0.0,0.0,2.804403435122424,2.099664548629761,3.1134093307910007,1.525035666691224,2.4857365794320003,0.991252439948795,0.3690523344917551
63,0.25,0.24597246485948748,3.810046093125152,3.521233680269063,4.028018632193721,2.851061168423257,4.245526224203729,0.8488306365001677,1.8269530898609787
63,0.5,0.49194492971897497,5.745719986592775,5.87283404737326,5.872659169061393,5.107117905620271,6.935347104440382,1.6364400685164355,4.214885080695126
63,1.0,0.9838898594379499,10.090433678167983,11.049400686221588,10.035306147436586,10.092597284654062,12.78835476955362,3.685024837188962,9.464114967003354
63,2.0,1.9677797188758999,19.229434952626946,21.85210785522679,18.810173995495745,20.51312993403053,24.9439439910887,8.231768265842618,20.412148630928414
64,0.0,0.0,3.0461200412627534,1.3485503767978457,2.9802253684882487,1.2487803097380947,2.688756420093199,0.6759456353042879,0.3276187692500798
64,0.25,0.24669348053892012,4.292715567599714,2.870578554412191,4.193899191142009,2.8049564555832944,4.350544875125195,0.9100266213926034,1.6965636592785813
64,0.5,0.49338696107784025,6.390205495034365,5.24350113312417,6.258467414893431,5.212027002526156,6.863227731254881,1.995002008578581,3.9164029504047164
64,1.0,0.9867739221556805,11.131294669805811,10.535455610450299,10.933713182298561,10.57227741631408,12.434702763416396,4.711062102852736,8.902190852559215
64,2.0,1.973547844311361,21.132120421773664,21.638011967527575,20.802852119533554,21.811425646314888,24.09630023016439,10.661829693825894,19.392414059293117
65,0.0,0.0,0.9838014882415393,0.7783649688018954,0.6521003331394013,0.6200996748643206,1.459847846914215,0.43296914146924337,0.19455721876357757
65,0.25,0.24637969359323644,1.7884652244446784,1.7725440226814158,1.4081981474174086,1.8016144139346864,2.7500412036393413,1.0858062311537537,1.36942734782275
65,0.5,0.4927593871864729,3.4949041249182073,3.668498240831326,3.0660711259657774,3.8849043172754136,4.942009724634829,2.6404184851086256,3.446072641152341
65,1.0,0.9855187743729458,7.49905538533028,8.051680136596133,6.97309054252753,8.642757583421826,9.91722022609082,6.340916452483384,8.190636687276424
65,2.0,1.9710375487458915,16.033660638312938,17.344346660284316,15.31343210780966,18.68476684787339,20.393943961161426,14.268215119391527,18.206067511683273
66,0.0,0.0,2.3959667251140218,1.916965885725574,2.235283147518743,1.2122161158278004,3.4091029134662563,0.5972116533868643,0.1182182631683304
66,0.25,0.24622079578681083,3.1089615100885624,2.658841437202369,2.78990833421895,1.9819560633002027,5.140070962210672,0.789241860437329,1.286318458603347
66,0.5,0.49244159157362166,5.163448060876561,4.742208754492651,4.686025286732644,4.093187776586092,8.212530776768602,2.322763833301366,3.7959104198519356
66,1.0,0.9848831831472433,10.12518174081174,9.761703967432311,9.331019770119156,9.168411781517023,15.210210984243531,6.24256835738845,9.667854920708123
66,2.0,1.9697663662944866,20.246752648735082,19.99879794136467,18.819112284945106,19.516963339431925,29.403674947246373,14.280280953615659,21.60984747047354
67,0.0,0.0,1.9698032662381308,1.2785679970995432,1.2591869582513766,0.7405825656050808,2.66448517889674,0.5739232247837549,0.14451228025822616
67,0.25,0.2376042826825277,2.397487849350455,2.5574415890338003,1.9018349146010962,2.0304988745577077,3.9450966542896424,1.3607647447022657,1.4310662828457055
67,0.5,0.4752085653650554,3.8790695807424527,4.8902123292476745,3.598380019230433,4.37431233178998,6.279605277962162,3.201503412900422,3.7715174337128303
67,1.0,0.9504171307301108,7.460262636394589,10.173783402543563,7.6094998213573035,9.679968839122637,11.566652118175398,7.501010342164818,9.070449328315192
67,2.0,1.9008342614602216,15.006301777325803,21.12457857876234,16.015392455238043,20.67493488341495,22.52439882822881,16.483677230320723,20.051966147146857
68,0.0,0.0,3.3271066825605544,2.5281836565672506,3.9401043251206715,3.0415684552646383,3.90046346177175,0.7651300839320356,0.401324523785604
68,0.25,0.2484322482941131,4.444258328661903,4.045733948431234,4.930152982833874,4.4113319677700815,5.516737998164274,0.6467008252890594,1.3960224383014577
68,0.5,0.4968644965882262,6.67970565751807,6.681579923049952,7.03849732330184,6.899391163030316,8.25130821731156,1.6465672494008459,3.509016035572074
68,1.0,0.9937289931764524,11.650349582031083,12.453021139088207,11.754935271038505,12.375258820351519,14.220197922406896,4.14604936442521,8.234752496913984
68,2.0,1.9874579863529047,21.892285077525685,24.296551217633123,21.488458812980298,23.627641781462444,26.45862497906603,9.4456612409424,17.986873066066437
69,0.0,0.0,2.429078392686762,1.6694752575238851,1.8134277308023172,1.043497728522226,2.285219280439577,0.8859316987418708,0.2047062362565839
69,0.25,0.2457954595829452,2.680715392206139,2.221700993682589,2.2279259888102274,2.0762939307923034,3.1759884202171804,0.6229462614929844,1.1639566841240594
69,0.5,0.4915909191658904,3.9188720871183307,3.760446425234136,3.628943942210924,4.09560982845511,5.053277255387627,1.3464805196368843,3.1097268273843497
69,1.0,0.9831818383317809,6.751596801617609,7.194348613012096,6.78739117368724,8.490652948455647,9.164266250403443,3.149960360599607,7.357678438579853
69,2.0,1.9663636766635617,13.038043080415093,14.683149838367001,13.725282486438857,17.90173603825565,18.00724109023389,7.377916892323924,16.474578510769675
70,0.0,0.0,2.13430615684058,1.7024011465149158,1.5318750329055604,1.333481975595447,2.473907521859985,0.43893038207710333,0.12319314923590241
70,0.25,0.24641808637650106,2.9779836799541215,2.7585475363589467,2.1779062410765846,2.57217720370744,4.101961680323257,0.4751474298386995,0.9139237717077435
70,0.5,0.4928361727530021,4.491966089910761,4.484998813046104,3.4942423360906787,4.48117731866256,6.400320725629626,1.181669364443394,2.3749592810227114
70,1.0,0.9856723455060042,8.441906827489504,8.859877284085883,7.048890443784444,9.22115346623832,11.919014733907943,3.51668915131836,6.21900621731811
70,2.0,1.9713446910120085,16.832205783835263,18.1000517073536,14.648604140360078,19.191523242577944,23.446820231652566,8.677146206256225,14.397517571097126
71,0.0,0.0,3.072769549690264,1.883918140392069,2.4951376371272715,1.7512699576424495,3.9260926280796298,0.5224509341138344,0.17445721548799042
71,0.25,0.24569544605752572,3.3935545175054074,2.623891259325802,2.926390246037812,2.6601897215149393,5.536620898082106,0.6645168318451624,1.0165977778783883
71,0.5,0.49139089211505144,4.617309022883006,4.266833915822048,4.260612392510865,4.472079022949913,8.050118705647066,1.7095522671390597,2.7617078778312987
71,1.0,0.9827817842301029,7.75362379487143,8.241524990047765,7.6178624466901965,8.784663387053115,13.765920082010211,4.488428898959967,6.940733838970232
71,2.0,1.9655635684602057,14.2893935802216,16.454047379872407,14.595502796422124,17.672972356632727,25.460663076109768,10.309322403974988,15.561926002621476
72,0.0,0.0,1.8619027280531952,2.094155623653961,2.0133215412613765,1.3549690046197043,2.3549329263860272,1.0158211904535506,0.4037712902081694
72,0.25,0.24782775771435672,2.8960255648555915,3.5238423763888704,2.8421960060624656,3.133167394919724,4.077752959572194,1.0346690730184775,2.0852714865655457
72,0.5,0.49565551542871344,5.074213334915299,6.0975940623810345,4.815135404120866,6.055430718477027,6.944637926015645,2.1975818888406877,4.910836616180205
72,1.0,0.9913110308574269,9.981852908445774,11.796361467776478,9.31227823364867,12.45122139900269,13.229671892313604,5.074671553896167,11.113230908820526
72,2.0,1.9826220617148538,20.17432094861431,23.57108517167501,18.683752785811976,25.61999165316172,26.17692871801728,11.20603977711471,23.895208387208754
73,0.0,0.0,2.438502786966751,1.7637374065132292,2.2176950605584693,1.5873415395789152,2.7372208885006444,0.984441958585279,0.334209069286203
73,0.25,0.24191048712195717,2.842547123178406,2.500602776679557,2.186044537911357,2.325420455137703,4.338688229473547,0.6491379724889725,1.264365290753858
73,0.5,0.48382097424391435,4.421109007956915,4.4119856954127386,3.328911563831099,4.238016919263373,7.114673119013361,1.4883515349594916,3.369039060788424
73,1.0,0.9676419484878287,8.11142613139333,8.767944886758585,6.14783896954998,8.59640320139414,13.199836251972386,3.699972013780041,8.111579954736897
73,2.0,1.9352838969756574,15.917855457052497,17.905658348236443,12.211488859774079,17.73897084444195,25.7959575966766,8.549008050207306,18.022456821420292
74,0.0,0.0,1.5818183313885754,1.4704260475436115,1.7464094969847395,1.2451628654993954,1.5480613611354954,0.5889059045302361,0.19832803431333446
74,0.25,0.2459553872245421,1.8825960287842918,2.116366254430318,1.9878436967869675,2.0389526931170963,2.1906826401908006,0.5381358143350212,1.0878127590796396
74,0.5,0.4919107744490842,2.9816798543976972,3.560612589534742,3.02758402480697,3.631048648952543,3.6316100474638517,1.2856718523574955,2.7756036120636907
74,1.0,0.9838215488981684,6.058539216269253,7.327796970388249,5.985756391491577,7.693932271268011,7.392156572654585,3.6594356390471035,7.029877028676481
74,2.0,1.9676430977963368,12.731676011280797,15.381583803363753,12.421519196129282,16.339117587167607,15.432667694304598,8.926381283694923,16.057841933170494
75,0.0,0.0,2.6076705526417356,1.9931926009570873,2.2141869674824193,1.5173595974168848,2.7504976870016264,0.8148545894421488,0.3507222447484253
75,0.25,0.2470675698685983,3.9206367170828287,3.480514132172175,3.3423457593415833,2.7914407103144754,4.476547845880589,0.9843808579109634,1.6412750770920184
75,0.5,0.4941351397371966,6.083313591336065,5.817546373199434,5.320215261012947,4.915232533024152,7.052308714571666,2.0036178361919497,3.781538619247783
75,1.0,0.9882702794743932,10.678941673544387,10.761885188955716,9.546228598057496,9.43309051214544,12.474104785655697,4.312366126455743,8.332340037261133
75,2.0,1.9765405589487863,20.28356917566458,21.063934158171946,18.41162660985009,18.882177808091512,23.73106826552737,9.34323404468688,17.847314210991385
76,0.0,0.0,2.0870033692289667,1.8809493364059904,2.7291958349532024,1.6317525171182297,2.118008196329214,0.7499826291690113,0.23688430309903197
76,0.25,0.24169109599573252,3.351607780317579,3.344614328994112,3.501429594369199,3.1910535384992045,4.094157812864751,0.9171251545351993,1.5195762948212632
76,0.5,0.48338219199146504,5.928289941348908,6.12035707152495,5.585741103727912,6.062432309822896,7.382385179343004,2.396345429844075,4.114346036486211
76,1.0,0.9667643839829301,11.615233805194407,12.205422098369354,10.287943664228123,12.338769394253006,14.49241945408221,5.888365522244612,9.837465061598891
76,2.0,1.9335287679658602,23.34878287627123,24.7352134954441,20.052010128614313,25.251104906499165,29.072149346946503,13.23206705043168,21.643364455210076
77,0.0,0.0,2.0623608241937745,1.727506320010292,2.6130277925078076,1.1281509824507339,2.3568752203091776,0.7427436579877167,0.31376524920057136
77,0.25,0.24478167837232395,2.6057383687716253,2.826789463481134,3.1057785167709255,2.1571711362776966,3.339328086341027,0.9930006716270725,1.448213676150658
77,0.5,0.4895633567446479,4.315848328449164,5.092805022051635,4.7652616561337595,4.352923705204404,5.488513367472564,2.409990100366116,3.7493945182004893
77,1.0,0.9791267134892958,8.151097126520881,10.039865017909335,8.49925681357604,9.159457721774402,10.20191280845222,5.658997836560786,8.766785081016678
77,2.0,1.9582534269785916,16.30863948953305,20.421029776493413,16.45429189532922,19.259570521783132,20.115756457280327,12.644058075818918,19.288610973517905
78,0.0,0.0,1.5351143539566294,1.321563271908417,1.5067217900635796,0.7123496465469827,2.0436815304522895,0.5703338295728884,0.2255583127447096
78,0.25,0.24749460072891202,2.201432317016412,2.059990549475259,1.9671897862775154,1.6561307433921115,2.8484350232111524,0.46735234786979163,1.3863121118611161
78,0.5,0.49498920145782405,3.9404990642272253,3.871166611193132,3.5004065666424538,3.672660624388243,4.725937300121075,1.4371196503176407,3.6198146951284684
78,1.0,0.9899784029156481,7.9192561805105015,7.99414235649067,7.067463749234037,8.20634400824224,8.98156547580254,3.87727787707513,8.587443483524964
78,2.0,1.9799568058312962,16.325081055575822,16.688404489584343,14.649888756915857,17.72202141844889,17.941132469664183,9.205904973088764,18.971011702816554
79,0.0,0.0,2.042369526728862,1.7424673895819751,1.3882708387099,1.3719920461199138,2.8158195305834965,0.35832906702094647,0.2669837820711791
79,0.25,0.24663408595987724,3.187943310535559,3.1150138118809707,2.1560680503201297,2.5148494424910837,4.650839454460879,0.8782469531779498,1.3068185150387706
79,0.5,0.4932681719197545,5.323425537021279,5.477468676859047,3.9137737046093832,4.647615281541334,7.475767821017342,2.388073282013977,3.3365616906854143
79,1.0,0.986536343839509,9.91757180181952,10.525560218642,7.75236682501469,9.236328771468607,13.448806365957012,5.730907751512802,7.719229853805473
79,2.0,1.973072687679018,19.41654057739629,20.932419548188193,15.740229311805649,18.72443199730344,25.705559701816696,12.727252936490856,16.795242426025936
80,0.0,0.0,1.441487183966217,1.4467860618946418,2.0427037385695144,1.2646569027988335,2.70028039354537,0.40766554429063717,0.28211816225120856
80,0.25,0.2436603391796754,2.1940388603243264,2.462036176844947,2.980237672752196,2.4955878676135512,4.478615505300155,0.8291175043590897,1.4112954453516409
80,0.5,0.4873206783593508,3.850633821071085,4.38132957618393,4.821814891323584,4.630562116816975,7.160993901443646,2.1546127488162483,3.4445160128408077
80,1.0,0.9746413567187016,7.901460185025201,8.957552817322494,9.242605770926957,9.638147057684307,13.26338713619117,5.543239680191107,8.248593590279654
80,2.0,1.9492827134374031,16.745903686966813,18.85279007363306,18.82697830416714,20.39610771345258,26.210964379719655,13.063284316974318,18.5995395191909
81,0.0,0.0,2.3987185345549165,2.328639652531109,1.9574347140932389,1.7719451040021283,3.731955172375592,1.0357900710246213,0.2682982051149452
81,0.25,0.24306421666839298,3.0977760088984496,3.6673731325192307,2.3564119308022384,3.224839058905303,5.29778851518148,0.9874332951089002,1.4289707546773514
81,0.5,0.48612843333678596,4.801252333841802,6.010525463107257,3.759807998111114,5.682151864408354,7.868040708587216,1.9434953697930268,3.5940621548396336
81,1.0,0.9722568666735719,8.84429717043389,11.332922310988522,7.20269231943422,11.232869662119754,13.644637282103986,4.491711705866521,8.560337141869525
81,2.0,1.9445137333471438,17.212531236298275,22.259860399431545,14.370605354760698,22.616449650222876,25.479974821817905,9.87028877069406,18.77503150860963
82,0.0,0.0,2.6003595457502513,2.132329041561917,2.4045740049296,1.8818608842418598,3.22607182388046,0.7335159325263589,0.24606668806330845
82,0.25,0.24619632066721675,3.845791894232974,3.6482176464649,3.422028289834145,3.3624758419747423,5.345594497369632,0.5750694394300808,1.5053683805037963
82,0.5,0.4923926413344335,5.998746513513709,6.071628522165895,5.347004845536674,5.750613070505665,8.372639441656816,1.3241452171318429,3.6721923437423243
82,1.0,0.984785282668867,10.55164139115766,11.165435912650423,9.443943596024212,10.773873166649992,14.673714969313664,3.0692824116179054,8.252825909301805
82,2.0,1.969570565337734,20.135179531855044,21.830799079028793,18.115569482408716,21.298141744348015,27.753614410036732,7.037305185999344,17.891841425830194
83,0.0,0.0,2.162127194075282,1.510412069713368,2.4226540373261685,0.9236557042753191,2.704487108093929,0.7901664774955179,0.312375567348937
83,0.25,0.24276343665626832,2.454039581593804,1.9254845708074413,2.4902082839158766,1.3375342215531987,3.766308602109973,0.47871100584990245,0.9312386073653727
83,0.5,0.48552687331253663,3.7764485564740085,3.3710536592631684,3.5882591178672385,2.7819093261928174,5.858626683487671,1.197752121566026,2.580598234743519
83,1.0,0.9710537466250733,7.30846852291819,7.149393852858452,6.67156280245365,6.557861552155714,10.930464862926897,3.523036369681904,6.766519506183556
83,2.0,1.9421074932501465,15.087521362863129,15.421087147105652,13.553183078683276,14.824778911138253,21.78915412886198,8.888617772970463,15.853374956120263
84,0.0,0.0,1.7473173253351888,1.6592244456654726,2.1674998120093107,2.3071918458095695,2.5509284466966733,0.5907705299831036,0.2584111160493876
84,0.25,0.2441287168625815,2.776037125415428,3.013054549207027,3.1683577771968316,4.068837806724815,4.1048528943986184,1.0755843066319812,1.7389010067671506
84,0.5,0.488257433725163,4.949779386354294,5.511907113607208,5.314238203242951,6.975506228498631,6.803799802959134,2.705420544139429,4.364413358343484
84,1.0,0.976514867450326,9.872557296153559,11.084905630329047,10.18129244325678,13.364136459967881,12.776987008001697,6.540386407075857,10.19073144941774
84,2.0,1.953029734900652,19.9202499127299,22.43303946075065,20.11753772026219,26.34353371988402,24.92549821506475,14.412454929926582,22.045504428544007
85,0.0,0.0,1.770963141595871,1.5912026830222317,1.5386214306648753,0.814385352765072,2.1658612256040897,0.5613718063077044,0.20320965647738376
85,0.25,0.24236377374150891,3.1889591331530482,3.092217167637642,2.6066563242535494,2.5282078032433617,4.6267329853367585,0.6898745959352652,1.6135710767958642
85,0.5,0.48472754748301783,5.335959489051362,5.322236016594189,4.40369558218336,4.97103461806276,7.816609109410564,1.5473817499040194,3.7529368614555096
85,1.0,0.9694550949660357,9.973371375213333,10.125684888872627,8.341185272408325,10.200099422066955,14.539772531923518,3.6058072322067574,8.375079605140115
85,2.0,1.9389101899320713,20.238405537879544,20.72279302377177,17.206375043200524,21.648439420417446,28.97630976729164,8.712868587154617,18.609575482851596
86,0.0,0.0,2.25372196201576,1.7111425547284682,1.4963603332874982,1.0970432125288028,2.094288911728455,1.0733657766067495,0.1365814504796674
86,0.25,0.24095341697154585,2.315167763688464,2.104870400514642,1.3422705880316244,1.4123943276514979,2.513758530894478,0.8743385436556252,0.9770431605064971
86,0.5,0.4819068339430917,3.48941341093348,3.611398091873184,2.3009806883480906,2.8405452883465045,4.046027995632869,1.788111156276841,2.9303047161056384
86,1.0,0.9638136678861834,6.572279568154499,7.358828337321199,4.952775751712011,6.431222072467449,7.8449417878405825,4.350031244250204,7.571202690034909
86,2.0,1.9276273357723668,13.17611810524238,15.291795050863243,10.694472101085694,14.050681863355408,15.880875594902022,9.911977642842999,17.291104860539463
87,0.0,0.0,1.7485050830218825,1.7168215013446115,1.9958820007405507,1.1300615041541846,2.6225564396218886,0.5343746447548483,0.15709424993417542
87,0.25,0.24686077647676186,1.9678175890803402,2.4349480198655726,2.44877885226785,1.9708273487367194,3.628804725580835,0.6879683418767399,1.0039412440298747
87,0.5,0.4937215529535237,2.9318583474288573,3.8978027906765362,3.646403956085237,3.5563214456092282,5.379781263829869,1.586290291288634,2.5955164904155197
87,1.0,0.9874431059070474,5.4124237323734405,7.375996200546069,6.594138031967475,7.27979350760188,9.43421820857543,3.9354180583600282,6.331150851434529
87,2.0,1.9748862118140948,10.677741683508714,14.636570201531356,12.793793364978285,15.030924812833462,17.847279279312886,8.937860773749037,14.106606754718712
88,0.0,0.0,2.211969732452843,1.9121437785312025,1.4373746318502185,2.491325838164755,3.5159677206188746,0.6446087962055742,0.1751515064433704
88,0.25,0.24616770663478257,3.0454520853293445,3.1444415288056575,1.8521877938402724,3.7252499858664123,5.101508328958431,0.9233035235527893,0.9535316646471017
88,0.5,0.49233541326956515,4.831559977427673,5.329364818301997,3.2196264950521822,5.911799672789954,7.639674476519815,2.1546237901218888,2.6845373620727173
88,1.0,0.9846708265391303,8.997298702161572,10.292734337831803,6.548026838013243,10.878421987174193,13.30952971217988,5.210787263797215,6.740071697461133
88,2.0,1.9693416530782606,17.551496363588967,20.442193588851183,13.427547735895018,21.03438682790238,24.87196039545961,11.545834423107635,15.073860580197618
89,0.0,0.0,2.013138114134108,2.162071556302493,2.603750835227487,2.2184290334398042,3.6150024221813624,0.5979152796506071,0.31513426065836825
89,0.25,0.2425602849943683,3.1505748861190455,3.6006566684193047,3.653299347787595,3.6594231014167917,5.683736774233324,1.0712741667486227,1.5534762436693939
89,0.5,0.4851205699887366,5.293950123829063,6.045180246261168,5.7087863260727545,6.106355635118831,8.758409592010366,2.5505715195716903,3.797756692405585
89,1.0,0.9702411399774732,10.015070110442366,11.368596913138163,10.254129793836341,11.434590213716206,15.342124738757661,5.94353573641115,8.720687101071178
89,2.0,1.9404822799549464,19.875908396893237,22.434028560116474,19.76341504258778,22.50965768413522,28.928153345476517,13.148062483314334,18.985146231626572
90,0.0,0.0,2.1696635909064526,1.8607396480113039,1.5327032343784595,1.4426570326801595,3.153415713534912,0.7373065394146181,0.19163167510063772
90,0.25,0.24452795315546935,3.0874354771503363,2.914665148344227,2.0200246608591215,2.56460171937519,4.610358013486234,0.6383610299798193,1.3147814734608403
90,0.5,0.4890559063109387,5.346375582706486,5.3097588679893875,3.8485143066519925,5.027714625382401,7.408468532749708,1.8805837398572578,3.779099491133252
90,1.0,0.9781118126218774,9.994247142971744,10.229937656432753,7.635484947390864,10.08393178655001,13.134680920429844,4.495020508765265,8.83772687563112
90,2.0,1.9562236252437548,19.580869562078647,20.3611745318957,15.500305527444652,20.48724540746133,24.87798499436616,10.01477334515721,19.245860943203127
91,0.0,0.0,2.081883067603229,1.7612836541213994,1.1090319470081056,0.922828258175258,2.784826127639491,0.5631317175886181,0.20557313294708024
91,0.25,0.24279163437939988,3.719555324396822,3.6359992477844685,1.9558855497399747,2.642839106806207,5.10302216698102,0.966824879275805,1.9009725738414147
91,0.5,0.48558326875879976,6.378827796183316,6.532315056440439,3.824339367464745,5.38445017043,8.442818421315451,2.392118255955893,4.61797222972865
91,1.0,0.9711665375175995,12.234266675901836,12.86184060989791,8.098140939059817,11.404566233823232,15.659304866129844,5.779598945461601,10.588865477648653
91,2.0,1.942333075035199,24.37219133075058,25.94793861222439,17.07279097766167,23.87184525602123,30.51932465117028,12.981607219884722,22.957698868900366
