resource_model,sigma_obs,policy,rule,param,n_seeds,n_inspected_median,regret_median,regret_ci_low,regret_ci_high,loss_epoch1_median,loss_epoch2_median,effect_vs_direct_platt,effect_ci_low,effect_ci_high,p_value,worse_fraction,holm_p
shared,0.05,direct_only_platt,none,0.0,50,0.0,6.142526295673434,5.6630396847417614,6.63530774308839,171.23785118789596,156.90872125114765,,,,,,
shared,0.05,direct_only_uncalibrated,uncalibrated,0.0,50,0.0,7.439097117763168,7.134672592795454,7.701219670356892,171.59280865278956,158.39096500196678,1.453270616946753,1.131413056434459,1.820428184571341,1.2434497875801753e-14,0.98,3.730349362740526e-14
shared,0.05,direct_only_greedy,greedy,0.0,50,0.0,7.379915782074164,6.689480204016604,7.947260091883777,171.16643890025625,157.14133574980968,1.2330043200943521,0.7810921226871801,1.727404087886303,9.979758868183808e-07,0.78,1.9959517736367616e-06
shared,0.05,direct_only_true_probability,true_probability,0.0,50,0.0,1.458431629469203,1.3237836344384277,1.697980529198476,169.72622012818985,153.67165913201103,-4.755756630534449,-4.98356762228981,-4.101245867120468,1.7763568394002505e-15,0.0,2.842170943040401e-14
shared,0.05,gate_u0.62,gate,0.62,50,0.0,6.544892836213819,6.117880169587295,6.974291953042268,171.4500797879115,157.27103066480748,0.0,0.0,0.25292322598599526,0.00039814247498266234,0.36,0.00039814247498266234
shared,0.05,gate_u0.45,gate,0.45,50,42.5,23.360126520158786,22.29149094488548,24.887379027028317,180.56907092508055,165.21915600508805,17.44253112380906,16.35075171631442,18.86181435943703,1.7763568394002505e-15,1.0,2.842170943040401e-14
shared,0.05,gate_u0.30,gate,0.3,50,69.0,34.60118031564738,34.532460104757206,34.837040711333486,186.3264439786241,170.14940601594688,28.635797108304473,27.824031448701703,29.2512910247396,1.7763568394002505e-15,1.0,2.842170943040401e-14
shared,0.05,inspect_top30_uncertainty_x_consequence,top_uncertainty_consequence,30.0,50,30.0,18.450209082011753,18.09026266269433,19.09647838431448,177.7785765353122,162.52282481050867,12.395613020479175,12.027115467435067,12.713040440429308,1.7763568394002505e-15,1.0,2.842170943040401e-14
shared,0.05,inspect_top60_uncertainty_x_consequence,top_uncertainty_consequence,60.0,50,60.0,31.545823943550914,31.342637547974192,31.66518640219857,184.59659848309371,168.83988214572466,25.406584472977585,24.80698257970941,26.141746522368038,1.7763568394002505e-15,1.0,2.842170943040401e-14
shared,0.05,inspect_top120_uncertainty_x_consequence,top_uncertainty_consequence,120.0,50,69.0,34.60118031564738,34.532460104757206,34.81503783446965,186.3264439786241,170.14940601594688,28.613768945230873,27.824031448701703,29.2512910247396,1.7763568394002505e-15,1.0,2.842170943040401e-14
shared,0.05,inspect_top30_consequence,top_consequence,30.0,50,30.0,17.354554775013668,17.22520526574121,17.6795801735785,177.84318412297193,161.34814058999797,11.2785051872155,10.814978662323114,11.796083731301735,1.7763568394002505e-15,1.0,2.842170943040401e-14
shared,0.05,inspect_top60_consequence,top_consequence,60.0,50,60.0,30.882007251264668,30.70321885754356,31.045893656954718,184.72325073910548,167.9781137286042,24.72641721714058,24.272338301545567,25.411500523322275,1.7763568394002505e-15,1.0,2.842170943040401e-14
shared,0.05,inspect_top120_consequence,top_consequence,120.0,50,69.0,34.13635924751637,34.065946077005236,34.306605527495606,186.3264439786241,169.68362893442537,28.076885605101467,27.482099870485882,28.667886695781533,1.7763568394002505e-15,1.0,2.842170943040401e-14
shared,0.05,inspect_top30_score,top_score,30.0,50,30.0,18.776443572928628,18.535612894615127,19.396208592859722,178.3757715790457,162.2757603354567,12.905471645548829,12.558213667017384,13.439853311041475,1.7763568394002505e-15,1.0,2.842170943040401e-14
shared,0.05,inspect_top60_score,top_score,60.0,50,60.0,31.408486903338627,31.259761500724608,31.617837731791518,184.8661493609865,168.2717418354846,25.239830133667965,24.774679047975894,25.838004724556015,1.7763568394002505e-15,1.0,2.842170943040401e-14
shared,0.05,inspect_top120_score,top_score,120.0,50,69.0,34.25573943767682,34.160361113818986,34.37387403760488,186.3264439786241,169.7901713347763,27.940301197532307,27.613619790059488,28.80099364475268,1.7763568394002505e-15,1.0,2.842170943040401e-14
shared,0.05,inspect_random60,random,60.0,50,60.0,31.93061731408173,31.67569015757001,32.18338332347179,184.7876868001882,168.98540182571116,25.888131383094475,25.55691288014117,26.23814732298041,1.7763568394002505e-15,1.0,2.842170943040401e-14
shared,0.2,direct_only_platt,none,0.0,50,0.0,6.142526295673434,5.6630396847417614,6.63530774308839,171.23785118789596,156.90872125114765,,,,,,
shared,0.2,direct_only_uncalibrated,uncalibrated,0.0,50,0.0,7.439097117763168,7.134672592795454,7.701219670356892,171.59280865278956,158.39096500196678,1.453270616946753,1.131413056434459,1.820428184571341,1.2434497875801753e-14,0.98,3.730349362740526e-14
shared,0.2,direct_only_greedy,greedy,0.0,50,0.0,7.379915782074164,6.689480204016604,7.947260091883777,171.16643890025625,157.14133574980968,1.2330043200943521,0.7810921226871801,1.727404087886303,9.979758868183808e-07,0.78,1.9959517736367616e-06
shared,0.2,direct_only_true_probability,true_probability,0.0,50,0.0,1.458431629469203,1.3237836344384277,1.697980529198476,169.72622012818985,153.67165913201103,-4.755756630534449,-4.98356762228981,-4.101245867120468,1.7763568394002505e-15,0.0,2.842170943040401e-14
shared,0.2,gate_u0.62,gate,0.62,50,0.0,6.544892836213819,6.117880169587295,6.974291953042268,171.4500797879115,157.27103066480748,0.0,0.0,0.25292322598599526,0.00039814247498266234,0.36,0.00039814247498266234
shared,0.2,gate_u0.45,gate,0.45,50,42.5,23.59288923009632,22.53729771796725,25.070273769095934,180.56907092508055,165.42890660429123,17.45141809286116,16.369418770680312,18.97364500945585,1.7763568394002505e-15,1.0,2.842170943040401e-14
shared,0.2,gate_u0.30,gate,0.3,50,69.0,34.853523154352416,34.69193918990294,34.98196373685536,186.3264439786241,170.56851648829536,28.80388219054811,28.08129101397043,29.41492656417023,1.7763568394002505e-15,1.0,2.842170943040401e-14
shared,0.2,inspect_top30_uncertainty_x_consequence,top_uncertainty_consequence,30.0,50,30.0,18.670874519961274,18.254352732746327,19.07046573335566,177.7785765353122,162.50007080205432,12.527305037270594,12.247842476390474,12.886965436735863,1.7763568394002505e-15,1.0,2.842170943040401e-14
shared,0.2,inspect_top60_uncertainty_x_consequence,top_uncertainty_consequence,60.0,50,60.0,31.788313194165028,31.534460967379633,32.028469621652846,184.59659848309371,169.1281525994964,25.76880699730023,25.014982639530672,26.236259284719836,1.7763568394002505e-15,1.0,2.842170943040401e-14
shared,0.2,inspect_top120_uncertainty_x_consequence,top_uncertainty_consequence,120.0,50,69.0,34.838667610131466,34.70734027456177,35.00790184417832,186.3264439786241,170.56851648829536,28.85175731574816,28.08129101397043,29.426658768133223,1.7763568394002505e-15,1.0,2.842170943040401e-14
shared,0.2,inspect_top30_consequence,top_consequence,30.0,50,30.0,17.905298404620083,17.611916825533683,18.169455945773763,177.84318412297193,162.08122027263613,12.097154384716987,11.351367270433855,12.24531749019332,1.7763568394002505e-15,1.0,2.842170943040401e-14
shared,0.2,inspect_top60_consequence,top_consequence,60.0,50,60.0,31.084655370006175,30.938266191899828,31.2889122084959,184.72325073910548,168.12848122991696,24.881080000825477,24.386976500226353,25.646007562064085,1.7763568394002505e-15,1.0,2.842170943040401e-14
shared,0.2,inspect_top120_consequence,top_consequence,120.0,50,69.0,34.32831816807246,34.26692356401756,34.483114350632206,186.3264439786241,169.90785492716557,28.327051536212025,27.70645784025868,28.856730243071638,1.7763568394002505e-15,1.0,2.842170943040401e-14
shared,0.2,inspect_top30_score,top_score,30.0,50,30.0,18.93854284493952,18.663858681449558,19.551716564925982,178.3757715790457,162.628324686317,13.210235434006023,12.773610859754655,13.52753800614596,1.7763568394002505e-15,1.0,2.842170943040401e-14
shared,0.2,inspect_top60_score,top_score,60.0,50,60.0,31.61447181138584,31.48051945498156,31.8019796204359,184.8661493609865,168.56822766105427,25.366648857995187,24.962194445665062,25.969594715935614,1.7763568394002505e-15,1.0,2.842170943040401e-14
shared,0.2,inspect_top120_score,top_score,120.0,50,69.0,34.379536563095655,34.24432297121564,34.606827369640314,186.3264439786241,170.19232219880882,28.22889164076804,27.738037446274802,28.999859229854223,1.7763568394002505e-15,1.0,2.842170943040401e-14
shared,0.2,inspect_random60,random,60.0,50,60.0,32.00935070553726,31.773315503520017,32.3469072491026,184.7876868001882,169.32283966255397,26.145240530632122,25.741378045233148,26.486867570980795,1.7763568394002505e-15,1.0,2.842170943040401e-14
budget_only,0.05,direct_only_platt,none,0.0,50,0.0,6.142526295673434,5.6630396847417614,6.63530774308839,171.23785118789596,156.90872125114765,,,,,,
budget_only,0.05,direct_only_uncalibrated,uncalibrated,0.0,50,0.0,7.439097117763168,7.134672592795454,7.701219670356892,171.59280865278956,158.39096500196678,1.453270616946753,1.131413056434459,1.820428184571341,1.2434497875801753e-14,0.98,1.3677947663381929e-13
budget_only,0.05,direct_only_greedy,greedy,0.0,50,0.0,7.379915782074164,6.689480204016604,7.947260091883777,171.16643890025625,157.14133574980968,1.2330043200943521,0.7810921226871801,1.727404087886303,9.979758868183808e-07,0.78,6.9858312077286655e-06
budget_only,0.05,direct_only_true_probability,true_probability,0.0,50,0.0,1.458431629469203,1.3237836344384277,1.697980529198476,169.72622012818985,153.67165913201103,-4.755756630534449,-4.98356762228981,-4.101245867120468,1.7763568394002505e-15,0.0,2.842170943040401e-14
budget_only,0.05,gate_u0.62,gate,0.62,50,0.0,6.200235360744017,5.689957469133742,6.546765555249067,171.23785118789596,156.90872125114765,0.0,0.0,0.0,0.9291527647091152,0.14,1.0
budget_only,0.05,gate_u0.45,gate,0.45,50,42.5,5.3362274938425,4.803667629178449,6.047193018580459,171.36049233284606,156.39196720801982,-0.3548684974708465,-0.9402861952094099,-0.11877750087577965,0.00021178724761483636,0.26,0.0010589362380741818
budget_only,0.05,gate_u0.30,gate,0.3,50,143.5,18.420548756505355,17.266525151807286,19.491378264748562,178.17799623079603,161.7096152912854,12.331777298042482,11.214720450156477,13.392234445993495,1.7763568394002505e-15,1.0,2.842170943040401e-14
budget_only,0.05,inspect_top30_uncertainty_x_consequence,top_uncertainty_consequence,30.0,50,30.0,5.383061464541811,5.091818430933286,5.7138849096207815,171.2971028657169,155.8308438511561,-0.6909703199331432,-0.9780010043029961,-0.21009189630160563,0.0009149367393188612,0.3,0.003659746957275445
budget_only,0.05,inspect_top60_uncertainty_x_consequence,top_uncertainty_consequence,60.0,50,60.0,5.74170216434905,5.260520249871519,6.14975548952043,172.05840810110325,156.14082346143698,-0.6604503956593817,-1.55674656105424,-0.07654882607410786,0.04193213473556767,0.34,0.12579640420670302
budget_only,0.05,inspect_top120_uncertainty_x_consequence,top_uncertainty_consequence,120.0,50,120.0,14.888732681980201,14.265496681526344,15.266032574125875,176.43363236355466,159.9495699225896,8.533104659230446,7.790155343773989,9.662174908208186,1.7763568394002505e-15,1.0,2.842170943040401e-14
budget_only,0.05,inspect_top30_consequence,top_consequence,30.0,50,30.0,4.5984706628415495,4.287068720548973,5.041185754423793,171.58255364291188,155.34729211371433,-1.063986266952952,-1.583254123798099,-0.6910142928919072,6.616929226765933e-12,0.06,6.616929226765933e-11
budget_only,0.05,inspect_top60_consequence,top_consequence,60.0,50,60.0,4.69524404158301,4.326133202050365,4.961068542699962,171.70714280444645,154.96052583787366,-1.428276995814855,-1.9466828111204109,-0.7554521083479244,9.051156624195755e-08,0.18,7.240925299356604e-07
budget_only,0.05,inspect_top120_consequence,top_consequence,120.0,50,120.0,15.12228882795398,14.892624948474236,15.360496421614698,176.962274560406,160.30699742547526,9.055781146395958,8.475488171132437,9.587515795688063,1.7763568394002505e-15,1.0,2.842170943040401e-14
budget_only,0.05,inspect_top30_score,top_score,30.0,50,30.0,6.1188932186341844,5.456486945693655,6.636577881903918,171.97879856400968,155.81760906203937,0.37599087711245716,-0.519509767872421,0.8265490794676964,0.5086300594933544,0.58,1.0
budget_only,0.05,inspect_top60_score,top_score,60.0,50,60.0,7.873221761446501,7.258203495157886,8.221905390636095,172.68818938859243,156.09594524889891,2.0879881321822324,0.899301806736446,2.9616082666792636,3.288899332076767e-05,0.7,0.000197333959924606
budget_only,0.05,inspect_top120_score,top_score,120.0,50,120.0,17.20293858078162,16.580990680817308,18.035701343793107,177.37515116669988,160.79815559552745,11.422987335609577,10.604975528854766,12.146195038193042,1.7763568394002505e-15,1.0,2.842170943040401e-14
budget_only,0.05,inspect_random60,random,60.0,50,60.0,5.2917483564290535,4.6456419373416225,5.887680279640563,171.28593460598745,156.00930122784757,-0.7604140550707825,-1.106264215295937,-0.5665088759901664,1.158324636207908e-08,0.12,1.0424921725871172e-07
budget_only,0.2,direct_only_platt,none,0.0,50,0.0,6.142526295673434,5.6630396847417614,6.63530774308839,171.23785118789596,156.90872125114765,,,,,,
budget_only,0.2,direct_only_uncalibrated,uncalibrated,0.0,50,0.0,7.439097117763168,7.134672592795454,7.701219670356892,171.59280865278956,158.39096500196678,1.453270616946753,1.131413056434459,1.820428184571341,1.2434497875801753e-14,0.98,1.3677947663381929e-13
budget_only,0.2,direct_only_greedy,greedy,0.0,50,0.0,7.379915782074164,6.689480204016604,7.947260091883777,171.16643890025625,157.14133574980968,1.2330043200943521,0.7810921226871801,1.727404087886303,9.979758868183808e-07,0.78,8.42769797948506e-06
budget_only,0.2,direct_only_true_probability,true_probability,0.0,50,0.0,1.458431629469203,1.3237836344384277,1.697980529198476,169.72622012818985,153.67165913201103,-4.755756630534449,-4.98356762228981,-4.101245867120468,1.7763568394002505e-15,0.0,2.842170943040401e-14
budget_only,0.2,gate_u0.62,gate,0.62,50,0.0,6.200235360744017,5.689957469133742,6.546765555249067,171.23785118789596,156.90872125114765,0.0,0.0,0.0,0.9291527647091152,0.14,0.9291527647091152
budget_only,0.2,gate_u0.45,gate,0.45,50,42.5,5.5291798419310965,4.928497401875177,6.243238881492335,171.36049233284606,156.49012869867124,-0.23703291358592082,-0.8132048776881617,0.01562391578809752,0.008848884696840642,0.4,0.04424442348420321
budget_only,0.2,gate_u0.30,gate,0.3,50,143.5,18.77213312150448,17.4637687085214,19.70279572071331,178.17799623079603,162.012780574918,12.499773083502674,11.418527960561875,13.57111022961115,1.7763568394002505e-15,1.0,2.842170943040401e-14
budget_only,0.2,inspect_top30_uncertainty_x_consequence,top_uncertainty_consequence,30.0,50,30.0,5.5163085188675325,5.204326900082918,5.922012247772102,171.2971028657169,156.14858651858168,-0.4798408744214555,-0.8578854508429288,-0.019345513543555626,0.021794286702137455,0.36,0.08717714680854982
budget_only,0.2,inspect_top60_uncertainty_x_consequence,top_uncertainty_consequence,60.0,50,60.0,5.910842038676833,5.4317458796015785,6.39749677686018,172.05840810110325,156.22193568418444,-0.5492540437643925,-1.146826730515298,0.09727549746756381,0.12799334338745183,0.4,0.25598668677490366
budget_only,0.2,inspect_top120_uncertainty_x_consequence,top_uncertainty_consequence,120.0,50,120.0,15.165243088512597,14.33436739725272,15.48374142629904,176.43363236355466,160.24014421468183,8.679349775752172,8.05055466421777,9.956981114517475,1.7763568394002505e-15,1.0,2.842170943040401e-14
budget_only,0.2,inspect_top30_consequence,top_consequence,30.0,50,30.0,4.828600978904717,4.505510233103308,5.361548446164363,171.58255364291188,155.541746674205,-0.8317292756212566,-1.314444362215454,-0.24901761488240481,1.0490046520317264e-07,0.18,1.0490046520317264e-06
budget_only,0.2,inspect_top60_consequence,top_consequence,60.0,50,60.0,4.765097159194482,4.457487730941182,5.066055120986448,171.70714280444645,155.19972287453817,-1.4578821916011009,-1.8541603071396935,-0.5438365980119207,9.364108866094512e-07,0.24,8.42769797948506e-06
budget_only,0.2,inspect_top120_consequence,top_consequence,120.0,50,120.0,15.34548636686776,15.079408650455633,15.556889493605297,176.962274560406,160.4471990081823,9.343687715649764,8.469181431716805,9.785767111904477,1.7763568394002505e-15,1.0,2.842170943040401e-14
budget_only,0.2,inspect_top30_score,top_score,30.0,50,30.0,6.432622653538857,5.7451914834401805,6.884662491138442,171.97879856400968,156.17734924051862,0.5213702772510942,0.040660659865247126,1.1224996279441655,0.07719592312590784,0.64,0.23158776937772352
budget_only,0.2,inspect_top60_score,top_score,60.0,50,60.0,8.067805199316723,7.683730538603215,8.301412862496875,172.68818938859243,156.3934393257902,2.2290890294068504,1.128710180724397,3.027260851517781,5.070202146129077e-06,0.72,3.351972640786016e-05
budget_only,0.2,inspect_top120_score,top_score,120.0,50,120.0,17.386321299371417,16.85393469162858,18.25599946815916,177.37515116669988,161.04367043261814,11.714064077425292,10.97333705699387,12.409858029546939,1.7763568394002505e-15,1.0,2.842170943040401e-14
budget_only,0.2,inspect_random60,random,60.0,50,60.0,5.453403273752116,4.8764258278336285,6.053115681098444,171.28593460598745,156.277124753949,-0.5491816353005561,-0.9566973518940358,-0.29436269577382745,4.788532343980023e-06,0.2,3.351972640786016e-05
dedicated,0.05,direct_only_platt,none,0.0,50,0.0,6.142526295673434,5.6630396847417614,6.63530774308839,171.23785118789596,156.90872125114765,,,,,,
dedicated,0.05,direct_only_uncalibrated,uncalibrated,0.0,50,0.0,7.439097117763168,7.134672592795454,7.701219670356892,171.59280865278956,158.39096500196678,1.453270616946753,1.131413056434459,1.820428184571341,1.2434497875801753e-14,0.98,1.865174681370263e-13
dedicated,0.05,direct_only_greedy,greedy,0.0,50,0.0,7.379915782074164,6.689480204016604,7.947260091883777,171.16643890025625,157.14133574980968,1.2330043200943521,0.7810921226871801,1.727404087886303,9.979758868183808e-07,0.78,9.979758868183808e-06
dedicated,0.05,direct_only_true_probability,true_probability,0.0,50,0.0,1.458431629469203,1.3237836344384277,1.697980529198476,169.72622012818985,153.67165913201103,-4.755756630534449,-4.98356762228981,-4.101245867120468,1.7763568394002505e-15,0.0,2.842170943040401e-14
dedicated,0.05,gate_u0.62,gate,0.62,50,0.0,6.200235360744017,5.689957469133742,6.546765555249067,171.23785118789596,156.90872125114765,0.0,0.0,0.0,0.9291527647091152,0.14,1.0
dedicated,0.05,gate_u0.45,gate,0.45,50,42.5,5.3362274938425,4.803667629178449,6.047193018580459,171.36049233284606,156.39196720801982,-0.3548684974708465,-0.9402861952094099,-0.11877750087577965,0.00021178724761483636,0.26,0.0014825107333038545
dedicated,0.05,gate_u0.30,gate,0.3,50,143.5,5.605636323542882,5.1077272893870145,6.3188469174252475,171.7422468950818,155.51849120385427,-0.3620791105547312,-1.2264534351719476,0.752870147411187,0.35718707191412413,0.44,1.0
dedicated,0.05,inspect_top30_uncertainty_x_consequence,top_uncertainty_consequence,30.0,50,30.0,5.383061464541811,5.091818430933286,5.7138849096207815,171.2971028657169,155.8308438511561,-0.6909703199331432,-0.9780010043029961,-0.21009189630160563,0.0009149367393188612,0.3,0.005489620435913167
dedicated,0.05,inspect_top60_uncertainty_x_consequence,top_uncertainty_consequence,60.0,50,60.0,5.74170216434905,5.260520249871519,6.14975548952043,172.05840810110325,156.14082346143698,-0.6604503956593817,-1.55674656105424,-0.07654882607410786,0.04193213473556767,0.34,0.20966067367783836
dedicated,0.05,inspect_top120_uncertainty_x_consequence,top_uncertainty_consequence,120.0,50,120.0,6.613462015906066,5.761799413162862,7.040515248007239,172.0122362480574,155.57253498500492,0.18770835677145215,-0.6956591672052355,0.992760261771366,0.38817752503383396,0.52,1.0
dedicated,0.05,inspect_top30_consequence,top_consequence,30.0,50,30.0,4.5984706628415495,4.287068720548973,5.041185754423793,171.58255364291188,155.34729211371433,-1.063986266952952,-1.583254123798099,-0.6910142928919072,6.616929226765933e-12,0.06,8.602007994795713e-11
dedicated,0.05,inspect_top60_consequence,top_consequence,60.0,50,60.0,4.69524404158301,4.326133202050365,4.961068542699962,171.70714280444645,154.96052583787366,-1.428276995814855,-1.9466828111204109,-0.7554521083479244,9.051156624195755e-08,0.18,9.95627228661533e-07
dedicated,0.05,inspect_top120_consequence,top_consequence,120.0,50,120.0,7.29653747582023,6.888654043996041,7.5367100268441725,173.1686817653624,156.49049747071712,0.9836274250123438,0.375776637276374,1.7820168220370647,0.00012454807471407037,0.76,0.000996384597712563
dedicated,0.05,inspect_top30_score,top_score,30.0,50,30.0,6.1188932186341844,5.456486945693655,6.636577881903918,171.97879856400968,155.81760906203937,0.37599087711245716,-0.519509767872421,0.8265490794676964,0.5086300594933544,0.58,1.0
dedicated,0.05,inspect_top60_score,top_score,60.0,50,60.0,7.873221761446501,7.258203495157886,8.221905390636095,172.68818938859243,156.09594524889891,2.0879881321822324,0.899301806736446,2.9616082666792636,3.288899332076767e-05,0.7,0.000296000939886909
dedicated,0.05,inspect_top120_score,top_score,120.0,50,120.0,9.713132450613244,8.938536065515535,11.184287558627602,173.5211376709506,156.9155415174439,3.5522484963798604,2.6665338406143575,5.029147850320101,1.1368683772161603e-12,0.94,1.5916157281026244e-11
dedicated,0.05,inspect_random60,random,60.0,50,60.0,5.2917483564290535,4.6456419373416225,5.887680279640563,171.28593460598745,156.00930122784757,-0.7604140550707825,-1.106264215295937,-0.5665088759901664,1.158324636207908e-08,0.12,1.3899895634494897e-07
dedicated,0.2,direct_only_platt,none,0.0,50,0.0,6.142526295673434,5.6630396847417614,6.63530774308839,171.23785118789596,156.90872125114765,,,,,,
dedicated,0.2,direct_only_uncalibrated,uncalibrated,0.0,50,0.0,7.439097117763168,7.134672592795454,7.701219670356892,171.59280865278956,158.39096500196678,1.453270616946753,1.131413056434459,1.820428184571341,1.2434497875801753e-14,0.98,1.865174681370263e-13
dedicated,0.2,direct_only_greedy,greedy,0.0,50,0.0,7.379915782074164,6.689480204016604,7.947260091883777,171.16643890025625,157.14133574980968,1.2330043200943521,0.7810921226871801,1.727404087886303,9.979758868183808e-07,0.78,1.1236930639313414e-05
dedicated,0.2,direct_only_true_probability,true_probability,0.0,50,0.0,1.458431629469203,1.3237836344384277,1.697980529198476,169.72622012818985,153.67165913201103,-4.755756630534449,-4.98356762228981,-4.101245867120468,1.7763568394002505e-15,0.0,2.842170943040401e-14
dedicated,0.2,gate_u0.62,gate,0.62,50,0.0,6.200235360744017,5.689957469133742,6.546765555249067,171.23785118789596,156.90872125114765,0.0,0.0,0.0,0.9291527647091152,0.14,1.0
dedicated,0.2,gate_u0.45,gate,0.45,50,42.5,5.5291798419310965,4.928497401875177,6.243238881492335,171.36049233284606,156.49012869867124,-0.23703291358592082,-0.8132048776881617,0.01562391578809752,0.008848884696840642,0.4,0.061942192877884494
dedicated,0.2,gate_u0.30,gate,0.3,50,143.5,5.8026665295020905,5.365014421273372,6.516731011214972,171.7422468950818,155.7505200044962,-0.10361845622858823,-1.0491471597861164,0.9721099075942732,0.6321732707310517,0.5,1.0
dedicated,0.2,inspect_top30_uncertainty_x_consequence,top_uncertainty_consequence,30.0,50,30.0,5.5163085188675325,5.204326900082918,5.922012247772102,171.2971028657169,156.14858651858168,-0.4798408744214555,-0.8578854508429288,-0.019345513543555626,0.021794286702137455,0.36,0.13076572021282473
dedicated,0.2,inspect_top60_uncertainty_x_consequence,top_uncertainty_consequence,60.0,50,60.0,5.910842038676833,5.4317458796015785,6.39749677686018,172.05840810110325,156.22193568418444,-0.5492540437643925,-1.146826730515298,0.09727549746756381,0.12799334338745183,0.4,0.44687349211292116
dedicated,0.2,inspect_top120_uncertainty_x_consequence,top_uncertainty_consequence,120.0,50,120.0,6.6887388172627595,6.086969129265071,7.313573476900075,172.0122362480574,155.80590612194425,0.5063974940364062,-0.46130478247536644,1.2498680212195836,0.11171837302823029,0.56,0.44687349211292116
dedicated,0.2,inspect_top30_consequence,top_consequence,30.0,50,30.0,4.828600978904717,4.505510233103308,5.361548446164363,171.58255364291188,155.541746674205,-0.8317292756212566,-1.314444362215454,-0.24901761488240481,1.0490046520317264e-07,0.18,1.3637060476412444e-06
dedicated,0.2,inspect_top60_consequence,top_consequence,60.0,50,60.0,4.765097159194482,4.457487730941182,5.066055120986448,171.70714280444645,155.19972287453817,-1.4578821916011009,-1.8541603071396935,-0.5438365980119207,9.364108866094512e-07,0.24,1.1236930639313414e-05
dedicated,0.2,inspect_top120_consequence,top_consequence,120.0,50,120.0,7.368935686739718,7.009991568114882,7.675956240443838,173.1686817653624,156.65360621313874,1.067202648312474,0.6004930568324198,2.1149970430472536,9.372738659862989e-06,0.76,7.498190927890391e-05
dedicated,0.2,inspect_top30_score,top_score,30.0,50,30.0,6.432622653538857,5.7451914834401805,6.884662491138442,171.97879856400968,156.17734924051862,0.5213702772510942,0.040660659865247126,1.1224996279441655,0.07719592312590784,0.64,0.3859796156295392
dedicated,0.2,inspect_top60_score,top_score,60.0,50,60.0,8.067805199316723,7.683730538603215,8.301412862496875,172.68818938859243,156.3934393257902,2.2290890294068504,1.128710180724397,3.027260851517781,5.070202146129077e-06,0.72,4.788532343980023e-05
dedicated,0.2,inspect_top120_score,top_score,120.0,50,120.0,9.95766950143178,9.159180572363653,11.3146347436915,173.5211376709506,157.1610563545346,3.733962972528957,2.966204832603051,5.147317750016583,1.2434497875801753e-13,0.94,1.7408297026122455e-12
dedicated,0.2,inspect_random60,random,60.0,50,60.0,5.453403273752116,4.8764258278336285,6.053115681098444,171.28593460598745,156.277124753949,-0.5491816353005561,-0.9566973518940358,-0.29436269577382745,4.788532343980023e-06,0.2,4.788532343980023e-05
