variant,alpha,rho,eta,n_seeds,regret_median,regret_ci_low,regret_ci_high,regret_mean,win_vs_dsmp_direct,median_effect_vs_dsmp_direct,p_vs_dsmp_direct,win_vs_greedy_cost_risk,median_effect_vs_greedy_cost_risk,p_vs_greedy_cost_risk,win_vs_risk_only,median_effect_vs_risk_only,p_vs_risk_only,win_vs_robust_topsis,median_effect_vs_robust_topsis,p_vs_robust_topsis,win_vs_static_rcm,median_effect_vs_static_rcm,p_vs_static_rcm
recalibrated,0.2,0.3,0.5,50,2.4166254463547006,2.2412050264823904,2.6755867658126533,2.51375403362697,0.2,-0.1534341409300879,1.9767201369091936e-06,0.74,0.3068548398056805,0.008848884696840642,0.76,0.3486072517527816,0.0011471783973160399,0.86,0.5575752000600289,1.080529443697742e-09,1.0,4.504253450608346,1.7763568394002505e-15
recalibrated,0.2,0.35,0.45,50,2.2396909140629475,2.0864689133662466,2.6323413082489537,2.3686336904787213,0.38,-0.04821719685013193,0.0320635128716165,0.72,0.3033801196768451,0.0005086665780176247,0.76,0.3997370930255215,3.128163219123792e-05,0.9,0.7140780993842384,6.616929226765933e-12,1.0,4.659650013337057,1.7763568394002505e-15
recalibrated,0.2,0.4,0.4,50,2.149063865357661,1.9480480750414557,2.380795385386449,2.237819258151572,0.6,0.05791391883194308,0.49032624846387485,0.72,0.516468018504824,1.4422642710343325e-05,0.76,0.6093912862688029,5.572207957271758e-07,0.94,0.8467761288635103,1.1368683772161603e-12,1.0,4.756831983032328,1.7763568394002505e-15
recalibrated,0.2,0.45,0.35,50,2.0518779187732576,1.8282956556217942,2.2906991946411353,2.1591714544725265,0.64,0.09408321972505007,0.05935623218713815,0.76,0.5049560996616123,3.38235121510877e-06,0.82,0.613056973350993,1.7394549622906652e-07,0.96,0.8495841220070162,7.638334409421077e-14,1.0,4.868278199702189,1.7763568394002505e-15
recalibrated,0.2,0.5,0.3,50,1.9533818654820152,1.8105118775434779,2.1609295517745863,2.019793898025225,0.8,0.18921021104473823,3.128163219123792e-05,0.84,0.5663762214896337,4.440531498062228e-09,0.92,0.6465397746653991,2.2601653881793027e-10,0.98,1.0384170209071897,5.329070518200751e-15,1.0,4.873025908740161,1.7763568394002505e-15
recalibrated,0.25,0.25,0.5,50,2.5731657341396073,2.3128236905930066,2.7425465777727993,2.567406410399195,0.18,-0.2499647225768058,3.256713547727941e-07,0.72,0.1945710295571672,0.01806109651468013,0.76,0.2344079367876617,0.0021981232450851707,0.86,0.5005530128655096,7.546860913976161e-09,1.0,4.275363697411834,1.7763568394002505e-15
recalibrated,0.25,0.3,0.45,50,2.4380543607712895,2.171030289150167,2.6877402301686004,2.4313326639291106,0.38,-0.14189787068200133,0.003505585565059998,0.7,0.3595528376660724,0.002525686043762576,0.74,0.436975558059828,0.000251529064962952,0.88,0.6580927299563513,4.792291008470784e-10,1.0,4.480125864895257,1.7763568394002505e-15
recalibrated,0.25,0.35,0.4,50,2.1791994782228556,2.0115133689070603,2.4153530785917487,2.269357666853368,0.58,0.08571341129739096,1.0,0.72,0.46144730358327024,2.5552926345540072e-05,0.76,0.528816866268329,6.354784893858323e-07,0.96,0.7814160101411005,4.4941828036826337e-13,1.0,4.749111678674382,1.7763568394002505e-15
recalibrated,0.25,0.4,0.35,50,2.026262963125717,1.8577951777380406,2.3321248076584027,2.156746884608917,0.64,0.10138413750330244,0.05060520369320898,0.8,0.5025771878138272,1.206143563692308e-06,0.84,0.6002346915484651,3.623269506647375e-08,0.94,0.8462398159276461,4.440892098500626e-14,1.0,4.830968576139696,1.7763568394002505e-15
recalibrated,0.25,0.45,0.3,50,1.951314816371962,1.8327920394645787,2.189139304917664,2.0572923018005778,0.78,0.17454794999753176,0.0001362867761987019,0.82,0.568127392751208,5.802245794939154e-09,0.9,0.6238856553928258,3.134559278805682e-10,0.98,0.8684637355165847,3.552713678800501e-15,1.0,4.878547606680172,1.7763568394002505e-15
recalibrated,0.25,0.5,0.25,50,1.9389582683713655,1.7645344313056626,2.1565347198930453,1.9793779472634936,0.78,0.37017307419040435,2.4281497463363166e-05,0.9,0.6640366050312281,4.440531498062228e-09,0.92,0.6790956228030325,1.5961560961841315e-09,0.96,1.1264438134497539,3.0020430585864233e-13,1.0,4.921866265525864,1.7763568394002505e-15
recalibrated,0.3,0.2,0.5,50,2.624832505236384,2.4370262734226174,2.944526779709946,2.6791886567566165,0.12,-0.3374242343762006,3.134559278805682e-10,0.7,0.15654306581123478,0.16588679879439283,0.74,0.19729563891883117,0.045027510990479414,0.84,0.44882159478054007,4.56562391448756e-07,1.0,4.321932068654064,1.7763568394002505e-15
recalibrated,0.3,0.25,0.45,50,2.3721143616377134,2.224861669486927,2.653671865099568,2.447136003664445,0.38,-0.10041142739402176,0.005579489549422334,0.76,0.3435653906561953,0.001282241835095732,0.8,0.3808216213374749,0.000251529064962952,0.88,0.6530706532760462,4.3148595807451784e-10,1.0,4.453062236712995,1.7763568394002505e-15
recalibrated,0.3,0.3,0.4,50,2.214055259989564,2.0167394950660906,2.5131223553419266,2.278777106014688,0.58,0.07866108862405952,0.81837027658068,0.74,0.42603106616360265,1.5207189122179443e-05,0.78,0.4672231270749876,2.8391607465039215e-07,0.94,0.7845305662661275,5.453415496958769e-13,1.0,4.751434067341506,1.7763568394002505e-15
recalibrated,0.3,0.35,0.35,50,2.0539916803248985,1.9025319844991202,2.305363604325521,2.1875711355036644,0.68,0.10478028179323928,0.18125476399734453,0.78,0.5301310102375538,1.1326234101716182e-06,0.82,0.6272383239506638,1.9077969426462005e-08,0.94,0.7721557216359827,4.440892098500626e-14,1.0,4.787692717687065,1.7763568394002505e-15
recalibrated,0.3,0.4,0.3,50,1.9563770016583106,1.8074367922360466,2.3289568500863425,2.099114393402674,0.7,0.1969334485044527,0.004316904154682888,0.82,0.5644468775703331,4.2698192537216073e-07,0.84,0.6201443667306279,1.9077969426462005e-08,0.94,0.9142636560648043,1.2434497875801753e-13,1.0,4.886317534826432,1.7763568394002505e-15
recalibrated,0.3,0.45,0.25,50,1.9104012564290542,1.7432975922760965,2.0989857527287086,1.9990007383257995,0.78,0.30369818649258207,0.00014903614355255002,0.9,0.6066368460571709,3.094002387626915e-08,0.9,0.6535465785905643,4.440531498062228e-09,0.94,1.1056612850124594,1.1368683772161603e-12,1.0,4.905975869057741,1.7763568394002505e-15
recalibrated,0.3,0.5,0.2,50,1.8620002749340614,1.7101937379892398,2.0910288019045993,1.909813988844242,0.84,0.4251746598861246,1.5471859846627467e-06,0.88,0.7397646590551261,8.008242957657785e-10,0.9,0.7829577884911032,2.5226754019058717e-10,0.96,1.1797228646745737,3.0890845437170356e-12,1.0,4.986542726864883,1.7763568394002505e-15
recalibrated,0.35,0.15,0.5,50,2.9090258603185077,2.5157101467906386,3.2658884254018643,2.8292805951820856,0.08,-0.4675212321027544,4.218847493575595e-12,0.48,-0.00653618944262746,0.38817752503383396,0.5,0.011863116469172041,0.7887529519630228,0.7,0.30531826057264766,0.0024399375469918994,1.0,4.0788942634393095,1.7763568394002505e-15
recalibrated,0.35,0.2,0.45,50,2.5955596959322946,2.2172394368993196,2.9760234928279488,2.5892230751530314,0.24,-0.28821260374959934,1.6455253124547653e-06,0.7,0.2573016791776155,0.04719429796794117,0.72,0.30433494299740005,0.00784436585604098,0.82,0.5813297456134592,4.2364032282193875e-08,1.0,4.346440321104154,1.7763568394002505e-15
recalibrated,0.35,0.25,0.4,50,2.224280633313654,2.117143549592015,2.5453178356549415,2.366096185828309,0.44,-0.05517971749067385,0.08401577354329604,0.74,0.42051964776661066,0.00032407658280853013,0.78,0.5143841631041539,2.3068974657647345e-05,0.86,0.7733484943790501,2.630606843467831e-11,1.0,4.688999097966345,1.7763568394002505e-15
recalibrated,0.35,0.3,0.35,50,2.2100658800994637,1.9956622502299979,2.415153186269521,2.2252340348804904,0.62,0.1117747790227952,0.5918179227766114,0.76,0.4629430422281047,5.6804637029728156e-06,0.82,0.5726417426232899,1.507920117660433e-07,0.92,0.7508120083108167,3.0020430585864233e-13,1.0,4.748979063870223,1.7763568394002505e-15
recalibrated,0.35,0.35,0.3,50,2.06202605160054,1.795566402652696,2.4193926413499867,2.12240916174383,0.66,0.20253288131866043,0.04610038786489312,0.82,0.6115131998488721,2.649707155910619e-07,0.84,0.6283342782022885,1.370373858833318e-08,0.96,0.9048205747429421,1.5631940186722204e-13,1.0,4.8955857649844035,1.7763568394002505e-15
recalibrated,0.35,0.4,0.25,50,1.9005361563401948,1.6977303307525062,2.137512685913265,1.9874403394765239,0.8,0.3110516909742955,4.011462634423424e-05,0.88,0.664640671825282,1.6183291151605772e-08,0.88,0.7245606155084658,1.7568968502246207e-09,0.94,1.0496127027546862,9.769962616701378e-14,1.0,4.972135918705689,1.7763568394002505e-15
recalibrated,0.35,0.45,0.2,50,1.8540677356569262,1.6730498467155712,2.0557947845276487,1.9266248562907253,0.82,0.4186198664283296,6.010637926934237e-06,0.88,0.7076861834403019,5.802245794939154e-09,0.88,0.7365908180237994,1.4492140820721033e-09,0.94,1.2162147729478505,4.218847493575595e-12,1.0,5.009998161537112,1.7763568394002505e-15
recalibrated,0.35,0.5,0.15,50,1.777013524726243,1.6136886446835774,2.0387510517888217,1.8564487030829797,0.84,0.3944435966902944,4.2698192537216073e-07,0.86,0.765225022729652,3.134559278805682e-10,0.88,0.7938944240754751,1.1467804483800137e-10,0.96,1.2500780988903557,1.1368683772161603e-12,1.0,5.044541929398449,1.7763568394002505e-15
recalibrated,0.4,0.1,0.5,50,3.1471283162664747,2.6216576657385673,3.3949389023582204,2.9711482371778732,0.1,-0.6140478117939239,7.94031507211912e-13,0.36,-0.2192480963986867,0.012568191503659065,0.38,-0.10505234445953704,0.07395602411280144,0.64,0.17236932905368008,0.15714035289247086,1.0,3.8149894501290333,1.7763568394002505e-15
recalibrated,0.4,0.15,0.45,50,2.711028297305873,2.3376584053546168,3.0040206458453027,2.7004671702032663,0.16,-0.42575868408646045,3.0854181432005134e-09,0.54,0.12415891124715017,0.5148085516941183,0.58,0.1514150392692386,0.16293225736063377,0.76,0.38619637014653563,1.1033688904760197e-05,1.0,4.229220991231017,1.7763568394002505e-15
recalibrated,0.4,0.2,0.4,50,2.2848156665602346,2.133311625086492,2.6081396102990797,2.4345804718850825,0.38,-0.143756111908786,0.001909205638362721,0.76,0.36497183115351106,0.0005294876867694143,0.82,0.49337349712229184,4.213757459226031e-05,0.88,0.7409838993873024,5.610267805877811e-11,1.0,4.653484400201279,1.7763568394002505e-15
recalibrated,0.4,0.25,0.35,50,2.217239866981572,2.048516995753374,2.3555836849056675,2.2551948113745475,0.54,0.04752081700955557,0.969474172425139,0.8,0.4398516611377943,1.0633089786438177e-06,0.86,0.5361809459137845,6.220717985172541e-08,0.94,0.7752755487521625,7.638334409421077e-14,1.0,4.705111076620824,1.7763568394002505e-15
recalibrated,0.4,0.3,0.3,50,1.9790695521908646,1.7653430286682124,2.372430454056712,2.120917693895513,0.64,0.16602198793421508,0.0362699414949752,0.8,0.5471287343704461,6.78354924232849e-07,0.84,0.6546750441819995,3.623269506647375e-08,0.96,0.9050671989171235,5.861977570020827e-14,1.0,4.964726928847497,1.7763568394002505e-15
recalibrated,0.4,0.35,0.25,50,2.0479805863246554,1.7501570308796277,2.2684027260565927,2.0598928278456285,0.7,0.22318809303861542,0.0037864469724659955,0.84,0.6392843451455406,1.8673260271384606e-07,0.86,0.6665932824413119,5.802245794939154e-09,0.94,0.9828133443685942,5.453415496958769e-13,1.0,4.9334585830326745,1.7763568394002505e-15
recalibrated,0.4,0.4,0.2,50,1.876701377319634,1.6601482443423983,2.0610787348900135,1.9804956055834373,0.76,0.30450216915900796,0.00015581408102782746,0.86,0.6771049819110004,2.2451841275028528e-08,0.88,0.7307297102578048,3.0854181432005134e-09,0.9,1.1629939663922926,8.842704346534447e-12,1.0,5.027966980088678,1.7763568394002505e-15
recalibrated,0.4,0.45,0.15,50,1.8823472544021627,1.6001223733372427,2.1081438966548376,1.903592939913088,0.78,0.36114235236996706,8.398093875428003e-06,0.84,0.6766927695116323,3.7055123414120317e-09,0.88,0.7282244260139521,1.3149694666481082e-09,0.94,1.1770750682000255,2.239985974483716e-12,1.0,4.982364477079585,1.7763568394002505e-15
recalibrated,0.4,0.5,0.1,50,1.7824594224047559,1.5521074344154213,2.0936187409179094,1.839354902124225,0.82,0.4216054866426475,3.486415511844143e-07,0.88,0.7307062766449235,1.2871659293978155e-10,0.9,0.840814199935167,5.610267805877811e-11,0.96,1.2680913621241814,1.9539925233402755e-13,1.0,5.106348859871332,1.7763568394002505e-15
recalibrated,0.45,0.05,0.5,50,3.2863131542686546,2.9870869891360883,3.599000282017343,3.180328162575553,0.08,-0.9440534920450148,1.9539925233402755e-13,0.22,-0.3454295671600818,1.9767201369091936e-06,0.24,-0.33107205596111555,4.6469730756726335e-05,0.5,0.017616822734865423,0.4042577575813002,1.0,3.719658064886289,1.7763568394002505e-15
recalibrated,0.45,0.1,0.45,50,2.9955323216462943,2.512144655997223,3.330882133505469,2.837238400984702,0.14,-0.5028381194884304,2.0232171493717033e-10,0.46,-0.029798210844134587,0.3325668996889135,0.5,-0.013729498984929478,0.7160933233749613,0.7,0.31894366141219166,0.005758302166270823,1.0,3.9975782156469393,1.7763568394002505e-15
recalibrated,0.45,0.15,0.4,50,2.6445809140655996,2.2429080449036434,2.8625309930788063,2.5906445689405175,0.28,-0.20878879231466385,1.367585375788849e-05,0.64,0.2470517011239508,0.11171837302823029,0.68,0.2584362563944893,0.016185270214664982,0.76,0.5118776039830095,5.951474850718341e-07,1.0,4.313336985726423,1.7763568394002505e-15
recalibrated,0.45,0.2,0.35,50,2.3320370877117824,2.133311625086492,2.458687555912249,2.3568376417640273,0.4,-0.06522464469901479,0.08401577354329604,0.78,0.3998806774159931,6.206318512269604e-05,0.84,0.5065132623983999,5.070202146129077e-06,0.92,0.7542341640005077,3.6148861681795097e-12,1.0,4.615320784761693,1.7763568394002505e-15
recalibrated,0.45,0.25,0.3,50,2.0925885713583483,1.9091117251372793,2.2565857867731722,2.1605169506325037,0.58,0.10943509580440036,0.1255634661063354,0.86,0.5436920504270972,2.1499046276574063e-07,0.88,0.6960456733311986,1.158324636207908e-08,0.96,0.904990782998297,1.5631940186722204e-13,1.0,4.7851188627439285,1.7763568394002505e-15
recalibrated,0.45,0.3,0.25,50,1.9949820280048414,1.736372563968331,2.3058577674402727,2.0849327049001722,0.64,0.240061589503469,0.012931948668784443,0.86,0.5903141232974036,1.507920117660433e-07,0.88,0.6817273625864146,6.917133532624575e-09,0.96,0.960773329622171,7.638334409421077e-14,1.0,4.911509321174904,1.7763568394002505e-15
recalibrated,0.45,0.35,0.2,50,1.8974853271312355,1.6174007719812202,2.2198214403659335,1.9956415812917903,0.74,0.29624156531698986,0.00035222154756553437,0.84,0.7018529940165763,8.403119267086367e-08,0.86,0.7826358308907686,1.158324636207908e-08,0.9,1.1063507987792889,1.5448975432263978e-11,1.0,5.030592735206611,1.7763568394002505e-15
recalibrated,0.45,0.4,0.15,50,1.8701719626978957,1.56192096721756,2.1921905549562695,1.9477778240310357,0.78,0.32138036553197935,8.630484972549368e-05,0.82,0.7104065436176512,1.9077969426462005e-08,0.84,0.8207910788745636,6.3368066349767105e-09,0.9,1.1502760670434782,7.65609797781508e-12,1.0,5.061632391492921,1.7763568394002505e-15
recalibrated,0.45,0.45,0.1,50,1.797788115609677,1.5805267016729374,2.0913548155484567,1.846429807709846,0.82,0.4465868145923082,1.6455253124547653e-06,0.88,0.758266165968621,4.3148595807451784e-10,0.88,0.8586941730264641,9.07522945681194e-11,0.94,1.2604185424653735,3.6770586575585185e-13,1.0,5.129201022510841,1.7763568394002505e-15
recalibrated,0.45,0.5,0.05,50,1.702333234277134,1.5179330273848564,2.0992854462156743,1.7802254001584112,0.8,0.5090152490055715,4.56562391448756e-07,0.92,0.8128536686266159,4.9604764740251994e-11,0.94,0.8902599072100941,1.34718902700115e-11,0.96,1.3399368625540689,1.2434497875801753e-13,1.0,5.139029619193451,1.7763568394002505e-15
recalibrated,0.5,0.0,0.5,50,3.4200255565345543,3.236867834400686,3.774883303549018,3.4622455595816266,0.04,-1.2253867578773168,1.2434497875801753e-14,0.16,-0.7693719227302012,5.897913268881894e-10,0.2,-0.7693719227302012,1.260182003193222e-08,0.32,-0.3684548788991293,0.00046924742287757226,1.0,3.395642568281332,1.7763568394002505e-15
recalibrated,0.5,0.05,0.45,50,3.190504645448513,3.030712458183075,3.433600988332927,3.0773232198978677,0.1,-0.8743976851697681,3.6148861681795097e-12,0.28,-0.35645721696093347,0.00010867611974241242,0.32,-0.20210439017569115,0.001715436079566146,0.48,-0.04391800270981605,0.9237813566146151,1.0,3.7273100559775116,1.7763568394002505e-15
recalibrated,0.5,0.1,0.4,50,2.790379540148109,2.331338197368197,3.087700493637257,2.715502394414517,0.2,-0.40301433597340974,1.0642100534141719e-08,0.58,0.0870670524727899,0.7521534307154649,0.62,0.1343231908347775,0.2695104487517437,0.72,0.38452671540079564,6.825250486741652e-05,1.0,4.189059559725763,1.7763568394002505e-15
recalibrated,0.5,0.15,0.35,50,2.5329547786865447,2.1659180506002698,2.8387510188408527,2.498295691111414,0.36,-0.2466354229153751,0.0004885945525092694,0.64,0.28687773093051305,0.011529687649083797,0.7,0.3717444005950057,0.001282241835095732,0.86,0.559185702435812,3.3822118439275073e-09,1.0,4.488587737135433,1.7763568394002505e-15
recalibrated,0.5,0.2,0.3,50,2.24428933152781,2.0394264592664797,2.51478239379,2.2665681522764403,0.5,0.012071790394543314,0.8258163298101913,0.8,0.5169969960032574,5.367254770405339e-06,0.84,0.5864038482019396,3.7312124412380854e-07,0.94,0.8694195731737722,1.3535839116229909e-12,1.0,4.635464906643762,1.7763568394002505e-15
recalibrated,0.5,0.25,0.25,50,2.0448237531500837,1.7711842067432289,2.3299773393598002,2.1250887166224173,0.58,0.09169517736643229,0.056738698656332076,0.82,0.5351546024540568,3.0412363649645613e-07,0.84,0.64379641462628,1.158324636207908e-08,0.96,0.9629835791717483,7.638334409421077e-14,1.0,4.851925234798756,1.7763568394002505e-15
recalibrated,0.5,0.3,0.2,50,1.9474581061763416,1.7073772407688352,2.2459028815948443,2.0824215904808976,0.64,0.1971764014918591,0.026848578410895385,0.78,0.6680804144921524,6.78354924232849e-07,0.82,0.7220275704701322,7.798730550234723e-08,0.88,1.076455383959214,2.994404724177002e-11,1.0,4.912478276608965,1.7763568394002505e-15
recalibrated,0.5,0.35,0.15,50,1.9550520116181929,1.6136886446835774,2.272925518188785,1.9929319244654198,0.76,0.3065034281153345,0.0001941578147395262,0.84,0.6746379053024754,2.6378053519238165e-08,0.86,0.7630123248957545,7.546860913976161e-09,0.9,1.0857938541246597,1.7687185049908294e-11,1.0,5.041118467366601,1.7763568394002505e-15
recalibrated,0.5,0.4,0.1,50,1.7506024955008996,1.5082510314217665,2.0958425091462516,1.8580141389780545,0.84,0.4175747728793624,7.723469384046666e-07,0.86,0.7942482515048823,1.3149694666481082e-09,0.86,0.8599567150776153,2.2601653881793027e-10,0.92,1.2730709032386471,1.1368683772161603e-12,1.0,5.173250818173443,1.7763568394002505e-15
recalibrated,0.5,0.45,0.05,50,1.8184157783859831,1.5072228262473288,2.163174594197855,1.8278939753944166,0.8,0.4298217222381169,1.9767201369091936e-06,0.88,0.8315587901406758,1.080529443697742e-09,0.88,0.8902599072100941,1.616786704516926e-10,0.94,1.308086237150718,4.4941828036826337e-13,1.0,4.975941066900816,1.7763568394002505e-15
recalibrated,0.5,0.5,0.0,50,1.843468142862747,1.4528703712545337,2.1243533943159036,1.7934689672143243,0.8,0.41869980761003944,4.880519277605799e-07,0.94,0.798511498369038,2.630606843467831e-11,0.96,0.8335109559292562,8.842704346534447e-12,0.98,1.3086017041090088,1.2434497875801753e-13,1.0,4.958285435893629,1.7763568394002505e-15
recalibrated,0.55,0.0,0.45,50,3.3295978655809364,3.0985859840155525,3.736138275138369,3.336760839580626,0.06,-1.146627371110398,4.440892098500626e-14,0.16,-0.7076999469099832,4.945666454148068e-08,0.18,-0.6375819440579846,5.215646012857178e-07,0.38,-0.22179744585606898,0.011200519477185367,1.0,3.440926030426425,1.7763568394002505e-15
recalibrated,0.55,0.05,0.4,50,3.096823855796032,2.9495303186878203,3.257342291868614,2.933250550798685,0.16,-0.6647649091715095,1.1467804483800137e-10,0.38,-0.15710796762924417,0.024847675451864504,0.44,-0.0262562192845337,0.1255634661063354,0.6,0.14094184577601254,0.11171837302823029,1.0,3.849438451072004,1.7763568394002505e-15
recalibrated,0.55,0.1,0.35,50,2.6165036198248544,2.2025338219376067,2.9984545442112562,2.6132848466633782,0.26,-0.3476498385118276,2.2310435863204248e-06,0.6,0.2070105067848118,0.19095974436218555,0.66,0.24311845789198117,0.03205348601661129,0.76,0.48755308894014604,1.4543591948523726e-06,1.0,4.320907372542919,1.7763568394002505e-15
recalibrated,0.55,0.15,0.3,50,2.3428292274776084,2.092939582185295,2.719307153525449,2.399419482341421,0.48,-0.04532982226413651,0.07237748012944856,0.66,0.3877822844941363,0.0005966978973450665,0.72,0.42788791173019547,2.9747345218211763e-05,0.92,0.777127290220136,1.0206946399193839e-10,1.0,4.590572931473417,1.7763568394002505e-15
recalibrated,0.55,0.2,0.25,50,2.172015078681369,1.9456322691704315,2.4448831771097073,2.205263854764086,0.58,0.07414720606200831,0.4963885938865378,0.82,0.548715939015338,5.215646012857178e-07,0.86,0.5834039342879862,1.9077969426462005e-08,0.96,0.8881946065200736,7.638334409421077e-14,1.0,4.752012483993937,1.7763568394002505e-15
recalibrated,0.55,0.25,0.2,50,2.0046017710009636,1.7464094969847395,2.2291276054447025,2.0947809614213075,0.6,0.2082966336144665,0.03048635454688231,0.76,0.6269571169102761,3.256713547727941e-07,0.8,0.6694276834744812,2.6378053519238165e-08,0.88,1.104064687719756,1.1727507853720454e-11,1.0,4.823848472918229,1.7763568394002505e-15
recalibrated,0.55,0.3,0.15,50,1.9450754037012956,1.633185343565117,2.303665441059536,2.06653598173295,0.66,0.24507747341361608,0.00939211543820484,0.78,0.6876731678462704,4.880519277605799e-07,0.82,0.7178599247918669,8.403119267086367e-08,0.9,1.0857938541246597,3.863753761379485e-11,1.0,5.0518099779103665,1.7763568394002505e-15
recalibrated,0.55,0.35,0.1,50,1.8256375706316845,1.5624681404462137,2.180156579859201,1.8989818526267868,0.78,0.3421719319344021,7.518488965629899e-06,0.84,0.7523947791184611,4.8571529021046445e-09,0.84,0.8183529418130604,7.237197507947712e-10,0.94,1.2659605535234277,3.6770586575585185e-13,1.0,5.0121771200692535,1.7763568394002505e-15
recalibrated,0.55,0.4,0.05,50,1.986705525517337,1.5249541789040961,2.163174594197855,1.8523923085991407,0.8,0.3931487297781331,2.2310435863204248e-06,0.88,0.7957632202215024,3.134559278805682e-10,0.88,0.8759860202758603,1.1467804483800137e-10,0.94,1.2210740914413805,3.6770586575585185e-13,1.0,4.956536108687615,1.7763568394002505e-15
recalibrated,0.55,0.45,0.0,50,1.8987654041714848,1.4888918854422144,2.1366632913528463,1.8315789768644777,0.76,0.4177684574568872,6.358623311442102e-06,0.94,0.798511498369038,7.237197507947712e-10,0.94,0.8136868917931963,1.1467804483800137e-10,0.96,1.3049410130568049,3.6770586575585185e-13,1.0,4.916581536805481,1.7763568394002505e-15
recalibrated,0.6,0.0,0.4,50,3.219410821292769,2.988529739592916,3.6334663631768933,3.191292182300352,0.08,-0.9473371179051071,1.5631940186722204e-13,0.22,-0.570045304182969,3.38235121510877e-06,0.26,-0.4376776055165692,3.457260659445183e-05,0.46,-0.21233986478544864,0.24513084584396871,1.0,3.6666798689709026,1.7763568394002505e-15
recalibrated,0.6,0.05,0.35,50,2.9935099065124717,2.50628619959852,3.245242980261068,2.8123478731810536,0.2,-0.44890895415502996,1.9077969426462005e-08,0.48,-0.05278557423632435,0.34720687274462314,0.52,0.05611835287045608,0.893447016970665,0.64,0.24972871547035425,0.004459422606641894,1.0,4.115376859285021,1.7763568394002505e-15
recalibrated,0.6,0.1,0.3,50,2.5727328415404145,2.1104938761741217,2.913321667782526,2.560075793391417,0.24,-0.25177184495557015,3.128163219123792e-05,0.56,0.24366701984388328,0.0857934137886982,0.64,0.30858431182946333,0.010566648384996213,0.78,0.5721368415826618,1.507920117660433e-07,1.0,4.387824794431182,1.7763568394002505e-15
recalibrated,0.6,0.15,0.25,50,2.4342229433505196,2.0612922967925016,2.6680791156584007,2.367699509120539,0.5,-0.025367078423045086,0.16293225736063377,0.72,0.43272169940257754,0.0001941578147395262,0.76,0.46000365222788275,1.1033688904760197e-05,0.9,0.8193996462332507,1.0206946399193839e-10,1.0,4.5419305109926995,1.7763568394002505e-15
recalibrated,0.6,0.2,0.2,50,2.2056302763828057,1.9261056501503333,2.4488864638330483,2.2278986184559204,0.5,0.007253701085119246,0.6947463342363385,0.72,0.5831835632359486,4.268415494834699e-06,0.74,0.6280735325394886,4.56562391448756e-07,0.88,0.9599222127956466,8.060396794462577e-11,1.0,4.709634922334956,1.7763568394002505e-15
recalibrated,0.6,0.25,0.15,50,1.9695730025995886,1.7021269143732962,2.303665441059536,2.1004577969644385,0.64,0.20886406020646575,0.02898427633581413,0.78,0.6142612994956806,2.4721383162784605e-07,0.78,0.6771663679031406,2.070065541204258e-08,0.9,1.0476936084155142,7.94031507211912e-13,1.0,4.903411354692551,1.7763568394002505e-15
recalibrated,0.6,0.3,0.1,50,1.9398070301803756,1.7117305558328155,2.172148602186354,1.9785968585014087,0.68,0.28180940151045775,0.0002624791416003802,0.82,0.713352736954306,3.348859145546612e-08,0.82,0.8053005567417699,4.440531498062228e-09,0.94,1.1234576731070263,4.4941828036826337e-13,1.0,4.901696237366082,1.7763568394002505e-15
recalibrated,0.6,0.35,0.05,50,1.8860502857537398,1.503410549261835,2.2303766191620014,1.8737587236338344,0.78,0.34165069914305946,7.518488965629899e-06,0.88,0.815324524764506,1.192391962945294e-09,0.88,0.8436680071940259,2.5226754019058717e-10,0.94,1.260574781127474,5.453415496958769e-13,1.0,4.901385818278314,1.7763568394002505e-15
recalibrated,0.6,0.4,0.0,50,1.8987654041714848,1.6144930767137926,2.1723379865277597,1.8577966566780424,0.76,0.37943842715320386,4.788532343980023e-06,0.94,0.7740460677487135,2.5226754019058717e-10,0.94,0.798511498369038,4.3806736016449577e-11,0.96,1.276038629223649,3.0020430585864233e-13,1.0,4.916581536805481,1.7763568394002505e-15
recalibrated,0.65,0.0,0.35,50,3.110991128435714,2.983701709270349,3.502407853422568,3.054309001910783,0.18,-0.7725747179994045,1.0206946399193839e-10,0.26,-0.3470536973316598,0.0009871220775430345,0.32,-0.3012732397558153,0.008848884696840642,0.5,-0.017341886376414095,0.8482444441392172,1.0,3.786905619701784,1.7763568394002505e-15
recalibrated,0.65,0.05,0.3,50,2.793951075866815,2.290203304245935,3.105414624761039,2.728660248529078,0.18,-0.3533588894829194,3.7312124412380854e-07,0.5,0.006248085497844613,0.9466061989829431,0.54,0.11342834870382035,0.4042577575813002,0.7,0.39963793952692583,0.0005510827602233093,1.0,4.320879393238613,1.7763568394002505e-15
recalibrated,0.65,0.1,0.25,50,2.5787706441033293,2.1058523273294374,2.779084680455694,2.49408183247927,0.32,-0.21121018351780663,0.0021981232450851707,0.64,0.3294688566354722,0.009674503529771172,0.68,0.4334229340416016,0.0010251160635235124,0.88,0.6770969841502819,8.22989321136447e-09,1.0,4.381326218442169,1.7763568394002505e-15
recalibrated,0.65,0.15,0.2,50,2.3491259307528907,2.014481231874811,2.5569263734987544,2.3126959150041904,0.48,-0.058112031941931264,0.5984627102635613,0.72,0.5323912150414571,0.0002409992117797799,0.76,0.5534769468207088,2.3068974657647345e-05,0.86,0.8169951453525357,2.5633326572460646e-09,1.0,4.629495357955108,1.7763568394002505e-15
recalibrated,0.65,0.2,0.15,50,2.1566567349293138,1.8672787360937435,2.4278780515749374,2.1901760257082272,0.56,0.0931569719383134,0.39349457563481494,0.78,0.5337180365863929,1.6455253124547653e-06,0.8,0.5973774567778207,1.4032918471684752e-07,0.88,0.8781412563326398,5.707434524993005e-12,1.0,4.716556247573706,1.7763568394002505e-15
recalibrated,0.65,0.25,0.1,50,1.9450754037012956,1.7445074334558655,2.237798690623279,2.0399773845187976,0.66,0.21290204970860316,0.0021981232450851707,0.8,0.6694675065079281,1.2141019567479816e-07,0.82,0.7537209704474037,1.260182003193222e-08,0.94,1.1234576731070263,6.590283874174929e-13,1.0,4.872781746566986,1.7763568394002505e-15
recalibrated,0.65,0.3,0.05,50,1.9344872217328515,1.5153734895821884,2.194846469832754,1.9131791838298091,0.76,0.3018922778630042,1.8759072675678112e-05,0.86,0.7495042842342343,4.057499225496031e-09,0.86,0.8047038401851978,9.785132704109856e-10,0.94,1.1932215935483867,5.453415496958769e-13,1.0,4.883681607635339,1.7763568394002505e-15
recalibrated,0.65,0.35,0.0,50,1.9245553139064384,1.5047236750261987,2.2161596846350875,1.8707247651532584,0.78,0.3198689164868824,3.801371960321376e-06,0.9,0.798511498369038,1.3149694666481082e-09,0.9,0.9185297366376801,2.8132163265581767e-10,0.96,1.3049410130568049,5.453415496958769e-13,1.0,4.910421497966922,1.7763568394002505e-15
recalibrated,0.7,0.0,0.3,50,3.023168985285025,2.72629066510053,3.432929646141986,2.923480156340002,0.18,-0.4997397064489064,8.855280952957401e-10,0.38,-0.2697537758278514,0.03996834652842374,0.4,-0.2263151908144181,0.19427670053532076,0.54,0.11955141393923441,0.12080975020940343,1.0,3.9670684140944843,1.7763568394002505e-15
recalibrated,0.7,0.05,0.25,50,2.5971022539381607,2.1552906716334945,3.0120064402133266,2.635194389988013,0.3,-0.22258588229635734,0.0001941578147395262,0.52,0.030891881263826804,0.3829036913273498,0.56,0.14624310380162342,0.10525460779046192,0.72,0.46921016832135365,2.0810681753857807e-05,1.0,4.38955004962834,1.7763568394002505e-15
recalibrated,0.7,0.1,0.2,50,2.542325680307812,2.1793035293580054,2.738075131136489,2.445279857816712,0.34,-0.16219695237258236,0.020665866669398625,0.64,0.21384278831023096,0.005758302166270823,0.72,0.31384649414799526,0.00032407658280853013,0.84,0.6267286408347843,4.8571529021046445e-09,1.0,4.407039356869376,1.7763568394002505e-15
recalibrated,0.7,0.15,0.15,50,2.250369513171364,1.9791004255082925,2.503547897519155,2.266029010842719,0.5,-0.02215473955033076,0.969474172425139,0.76,0.4727732520463519,2.4281497463363166e-05,0.8,0.5506677958938724,1.859966783257505e-06,0.88,0.8038722700992764,4.3806736016449577e-11,1.0,4.6460918690836195,1.7763568394002505e-15
recalibrated,0.7,0.2,0.1,50,1.9612251457396326,1.7214332937521135,2.3104539634248704,2.0760445558622944,0.64,0.1896825795654138,0.01531204751384152,0.78,0.6410530970057948,7.235236054725647e-08,0.8,0.7064392059888007,6.3368066349767105e-09,0.94,1.0745016558855127,7.638334409421077e-14,1.0,4.9269577155697135,1.7763568394002505e-15
recalibrated,0.7,0.25,0.05,50,1.9979916643294757,1.7117305558328155,2.251399373768635,1.9844826487585534,0.66,0.23714969072413794,0.0006983914307809869,0.82,0.6683380330703983,3.094002387626915e-08,0.84,0.7495042842342343,3.7055123414120317e-09,0.94,1.1247829737936712,1.5631940186722204e-13,1.0,4.854072753136251,1.7763568394002505e-15
recalibrated,0.7,0.3,0.0,50,1.9850358461269195,1.575908529495746,2.2121179041834296,1.9108558132700382,0.76,0.3021940062434112,2.4281497463363166e-05,0.88,0.7783919323694874,2.1246773229677274e-09,0.88,0.798511498369038,3.8819791825517314e-10,0.96,1.2723344239739731,6.590283874174929e-13,1.0,4.883523381767844,1.7763568394002505e-15
recalibrated,0.75,0.0,0.25,50,2.8423471749553926,2.4343655959355317,3.184476951964996,2.860673565706344,0.18,-0.4064064155785019,1.158324636207908e-08,0.36,-0.2263151908144181,0.174987615360088,0.42,-0.1509364247558409,0.5024899674262855,0.58,0.18899770653503367,0.028256978552906986,1.0,4.1333340616725,1.7763568394002505e-15
recalibrated,0.75,0.05,0.2,50,2.6051298276011607,2.11966391743519,2.9667699190461008,2.5867595790709315,0.32,-0.1994488569327615,0.0008806696990912855,0.56,0.03347953403309134,0.2373529877703877,0.66,0.20224688646000288,0.04944640680060175,0.76,0.48197939030620773,4.268415494834699e-06,1.0,4.4007550326580684,1.7763568394002505e-15
recalibrated,0.75,0.1,0.15,50,2.441858484424799,2.0186672482259667,2.7298535352161366,2.399287503881992,0.42,-0.08177337380374183,0.09513333936720869,0.7,0.3672444476965211,0.0011471783973160399,0.76,0.4268997258964333,7.155652345502972e-05,0.84,0.6457873597135517,2.81308842886574e-09,1.0,4.5421249289890255,1.7763568394002505e-15
recalibrated,0.75,0.15,0.1,50,2.1063713394166825,1.8905920906596378,2.408581290524225,2.199703824219981,0.58,0.09802332569196892,0.35217499509373695,0.78,0.540297672929043,2.670359481982132e-06,0.8,0.6058705344183295,1.6198182883897516e-07,0.88,0.8479380921012876,8.842704346534447e-12,1.0,4.752568830225968,1.7763568394002505e-15
recalibrated,0.75,0.2,0.05,50,2.017689641219661,1.7878335874504643,2.338688022998184,2.0940020362589093,0.58,0.11248973199207057,0.05060520369320898,0.76,0.5817400152481298,2.1499046276574063e-07,0.8,0.6758359313743227,1.370373858833318e-08,0.96,0.8553875314612611,1.7763568394002505e-14,1.0,4.773170648719372,1.7763568394002505e-15
recalibrated,0.75,0.25,0.0,50,2.042500002452101,1.6900532266115533,2.2122399300814664,1.9865835395830294,0.66,0.2527846177609945,0.0006457255474483503,0.86,0.7486087357908104,2.2451841275028528e-08,0.86,0.7641323344464581,2.3344064459251967e-09,0.96,1.1700699034099244,1.9539925233402755e-13,1.0,4.8563952146335225,1.7763568394002505e-15
recalibrated,0.8,0.0,0.2,50,2.7237413716693624,2.417878140188293,3.0273836752236254,2.767571437445909,0.2,-0.2674888613593396,9.051156624195755e-08,0.42,-0.1302497531483624,0.46061015880625966,0.5,-0.019470371013838417,0.9618478594751583,0.66,0.3122222194204909,0.001190697289374043,1.0,4.391070417479185,1.7763568394002505e-15
recalibrated,0.8,0.05,0.15,50,2.5873657863667887,2.265368727621251,2.7965114362395127,2.5371998998342575,0.34,-0.1463657544641137,0.004757046552823496,0.6,0.21857646683221787,0.07556206690378708,0.66,0.3113019399361576,0.010261609457190346,0.76,0.5651592322609957,1.0633089786438177e-06,1.0,4.38742627744702,1.7763568394002505e-15
recalibrated,0.8,0.1,0.1,50,2.2821640458019203,1.9797846678886069,2.6351539921042786,2.3252793361928563,0.5,0.0015263741734656833,0.559104623193516,0.72,0.4141614162673761,0.00014903614355255002,0.76,0.5176509469320365,1.1645574410579229e-05,0.86,0.6932847019302812,3.489741828843762e-10,1.0,4.634853559962821,1.7763568394002505e-15
recalibrated,0.8,0.15,0.05,50,2.1034717956723767,1.8672269566453394,2.406798924806523,2.1996923035333733,0.54,0.025648938254946074,0.4042577575813002,0.78,0.46534484742970506,5.070202146129077e-06,0.82,0.5547545235850322,2.4721383162784605e-07,0.92,0.8458996843056781,3.0890845437170356e-12,1.0,4.7256046290612375,1.7763568394002505e-15
recalibrated,0.8,0.2,0.0,50,2.0466326052733734,1.6900532266115533,2.3469797088244873,2.068122981406511,0.6,0.18010516560187284,0.014890897756602683,0.8,0.6477860210293755,2.1499046276574063e-07,0.84,0.6921111425287876,1.4895306321704993e-08,0.96,1.0169271383096259,3.0020430585864233e-13,1.0,4.73051785120478,1.7763568394002505e-15
recalibrated,0.85,0.0,0.15,50,2.690103019170124,2.4605177127675972,2.863783625761461,2.702628935870247,0.28,-0.28633651351238143,7.111603951059919e-06,0.46,-0.06694421799966221,0.9847343420165711,0.56,0.09259998412915138,0.47831983611594175,0.66,0.45194893574166883,0.0002624791416003802,1.0,4.288010417451218,1.7763568394002505e-15
recalibrated,0.85,0.05,0.1,50,2.5858187063653872,2.122775263993333,2.7751739064575958,2.5031817755337546,0.42,-0.13602314858110276,0.013686934524772099,0.6,0.18140357578866428,0.04830953815983641,0.64,0.34918364071789654,0.006730459669450184,0.74,0.5418277518417938,5.572207957271758e-07,1.0,4.396756142952341,1.7763568394002505e-15
recalibrated,0.85,0.1,0.05,50,2.23261777007734,1.9454249092241866,2.4859013141775392,2.29794039591177,0.52,0.015215287596120675,0.7304479390240814,0.68,0.3861577077081506,0.0002308749851795966,0.74,0.48099792509492545,1.2965142769161275e-05,0.88,0.7535778364504893,9.07522945681194e-11,1.0,4.6166850383395115,1.7763568394002505e-15
recalibrated,0.85,0.15,0.0,50,2.2312093794158017,1.7330958091866506,2.393027097393611,2.153016097147941,0.56,0.18388439186963978,0.13549845162767582,0.78,0.5461438039561557,1.9767201369091936e-06,0.82,0.6645430895481184,9.745764195656648e-08,0.92,0.9222260037237788,3.0890845437170356e-12,1.0,4.708296862848442,1.7763568394002505e-15
recalibrated,0.9,0.0,0.1,50,2.671740245408415,2.5232308540142014,2.9533866768568515,2.675742001267454,0.3,-0.27384772849011085,2.9747345218211763e-05,0.44,-0.06324642973994798,0.9618478594751583,0.48,-0.007523524410672167,0.40970358186013023,0.68,0.4245604109069063,0.0001302957841744501,1.0,4.232014137648832,1.7763568394002505e-15
recalibrated,0.9,0.05,0.05,50,2.502735941702255,2.109150839300726,2.732629558611322,2.464179845303121,0.4,-0.13502258831384495,0.03048635454688231,0.58,0.08768246494388166,0.04294367729928261,0.66,0.28553606079067606,0.004043947968749961,0.78,0.5242794258193015,1.7394549622906652e-07,1.0,4.4205069727687345,1.7763568394002505e-15
recalibrated,0.9,0.1,0.0,50,2.28263096325351,2.0460477261322865,2.4931530601816583,2.2785137512134797,0.46,-0.034695269603602696,0.9010179923007229,0.72,0.4167413220021672,8.237559280566131e-05,0.78,0.4778534425389296,3.586156610779767e-06,0.9,0.7997094875046713,2.0232171493717033e-10,1.0,4.576174186136598,1.7763568394002505e-15
recalibrated,0.95,0.0,0.05,50,2.578175370093007,2.378049402903372,2.85108496614363,2.6134344685238027,0.38,-0.28048452974788063,0.0003825853095680287,0.5,-0.008580753990102608,0.5398998476772991,0.58,0.0807172984572162,0.1329605561585705,0.72,0.44401980184314027,4.4254613142058474e-05,1.0,4.2685908826478,1.7763568394002505e-15
recalibrated,0.95,0.05,0.0,50,2.4521619598173316,2.354657884263659,2.6181098633647792,2.4509170096432147,0.38,-0.11452704300300809,0.026848578410895385,0.58,0.09310259994238379,0.023585311964122724,0.7,0.20788722439584717,0.0013303578723942167,0.84,0.5213375845171839,4.578190981874286e-08,1.0,4.347950718581302,1.7763568394002505e-15
recalibrated,1.0,0.0,0.0,50,2.5657235171052264,2.3440637743910315,2.919765676706092,2.583667385607021,0.3,-0.25008031021086197,0.0003378810943459598,0.52,0.016196100562808624,0.35718707191412413,0.62,0.11029609440835486,0.06346609527860991,0.78,0.4060456363633733,3.38235121510877e-06,1.0,4.283667101145326,1.7763568394002505e-15
uncalibrated,0.2,0.3,0.5,50,2.6689516824380064,2.4036873178787204,2.9576840175054735,2.6629294206075933,0.18,-0.4125164904014582,1.5961560961841315e-09,0.5,0.002283160004665774,0.49032624846387485,0.58,0.1445471541086789,0.13807290852462017,0.86,0.38596600078079746,1.3149694666481082e-09,1.0,4.216739557498201,1.7763568394002505e-15
uncalibrated,0.2,0.35,0.45,50,2.4522296490445115,2.2066606277089704,2.7085305311214514,2.5076585208083246,0.18,-0.22613205270474168,1.0633089786438177e-06,0.64,0.24785261152383953,0.017101069545240932,0.7,0.28216345422106315,0.0014315119741414861,0.96,0.5375155743393947,5.453415496958769e-13,1.0,4.405735641978666,1.7763568394002505e-15
uncalibrated,0.2,0.4,0.4,50,2.3122000368445583,2.0423418246440406,2.5587475606363483,2.359824540209522,0.4,-0.1069756469838552,0.024847675451864504,0.74,0.35536993837948216,7.155652345502972e-05,0.76,0.4623185183723564,7.518488965629899e-06,0.96,0.7550238110530643,3.375077994860476e-14,1.0,4.574016477566815,1.7763568394002505e-15
uncalibrated,0.2,0.45,0.35,50,2.108334959297224,1.9042452737074314,2.460180482972199,2.2289487477908136,0.46,-0.009980882446200212,0.7160933233749613,0.8,0.4231201285504227,3.801371960321376e-06,0.82,0.5375597853124816,3.256713547727941e-07,0.96,0.8474155804637604,7.94031507211912e-13,1.0,4.70374272772348,1.7763568394002505e-15
uncalibrated,0.2,0.5,0.3,50,2.043975827235954,1.8144542110613031,2.2967169337932916,2.1158625370323016,0.58,0.10291913405271202,0.024847675451864504,0.82,0.5057023733688055,3.486415511844143e-07,0.86,0.5360509086312106,3.918623114884667e-08,0.94,0.9113074017427181,1.9539925233402755e-13,1.0,4.786683851433423,1.7763568394002505e-15
uncalibrated,0.25,0.25,0.5,50,2.6576774759481196,2.4267942828531375,2.9228689288760137,2.7419712363163007,0.08,-0.4245981281508193,4.218847493575595e-12,0.42,-0.055475940081834096,0.8858855663449852,0.5,-0.0008998815376486391,0.5398998476772991,0.84,0.3447666900181332,1.4032918471684752e-07,1.0,4.227525106585404,1.7763568394002505e-15
uncalibrated,0.25,0.3,0.45,50,2.578583842954643,2.3696387149718845,2.7760099729215995,2.579611138305463,0.18,-0.35549026871981937,9.772863407420118e-09,0.56,0.06170183090341652,0.11848533640686121,0.64,0.14717549857058998,0.012568191503659065,0.94,0.5130282983461427,1.8989254613188677e-12,1.0,4.272784113362661,1.7763568394002505e-15
uncalibrated,0.25,0.35,0.4,50,2.372897422877159,2.117075766620431,2.6333928531937687,2.40611177872988,0.26,-0.13277512979837525,0.001084304825423952,0.76,0.3416711076267944,0.0001941578147395262,0.8,0.40588458607693667,1.603124333549033e-05,0.96,0.6826467002725991,1.6058265828178264e-12,1.0,4.528888579166193,1.7763568394002505e-15
uncalibrated,0.25,0.4,0.35,50,2.108334959297224,1.9253631391675297,2.4393676171581973,2.244098632905742,0.5,-0.0034975843560260955,1.0,0.82,0.4827931894765527,4.028586058524297e-06,0.84,0.5040555967068627,3.9920236538648624e-07,0.96,0.8533159591967632,6.590283874174929e-13,1.0,4.714061378545537,1.7763568394002505e-15
uncalibrated,0.25,0.45,0.3,50,2.069870687008219,1.8044396430763214,2.4223022915992516,2.157720948844709,0.56,0.053435845672908044,0.056738698656332076,0.8,0.5102873907411976,3.486415511844143e-07,0.84,0.5381196523352259,2.434094703573919e-08,0.98,0.8484674792166089,7.638334409421077e-14,1.0,4.767153958308043,1.7763568394002505e-15
uncalibrated,0.25,0.5,0.25,50,2.0106499257822747,1.7894021691601836,2.21331861711289,2.0427046071847594,0.74,0.1801209315734411,9.915398697479816e-05,0.86,0.545992363298268,1.080529443697742e-09,0.88,0.6416876552668782,1.616786704516926e-10,0.98,0.9469574760650232,5.329070518200751e-15,1.0,4.802420391471358,1.7763568394002505e-15
uncalibrated,0.3,0.2,0.5,50,2.939523609375996,2.7335189143824437,3.100944300206245,2.9090453110592374,0.04,-0.6287947670428622,1.7763568394002505e-14,0.34,-0.17792241100090678,0.01958777690517799,0.4,-0.15769152455708024,0.16588679879439283,0.7,0.1496037135670889,0.00197803909377825,1.0,4.066390495570516,1.7763568394002505e-15
uncalibrated,0.3,0.25,0.45,50,2.560959690028568,2.397334590069036,2.874695273516423,2.679373271215979,0.08,-0.4149753198741024,1.0192735544478637e-11,0.5,0.014149883864533308,0.5655778099255286,0.54,0.0901308351484289,0.1976349682926415,0.88,0.43211636043045587,1.6183291151605772e-08,1.0,4.270295749150108,1.7763568394002505e-15
uncalibrated,0.3,0.3,0.4,50,2.495896656392347,2.2799733539772973,2.669071171709419,2.5252436760680994,0.14,-0.2604321599359025,3.348859145546612e-08,0.66,0.20051856379436117,0.01855822259070905,0.7,0.2273888183487287,0.001715436079566146,0.96,0.5130282983461427,5.707434524993005e-12,1.0,4.455436484187345,1.7763568394002505e-15
uncalibrated,0.3,0.35,0.35,50,2.211516280263055,2.0696673940430372,2.5007614958907567,2.339166261955773,0.34,-0.11201032048315085,0.008266007901109705,0.8,0.4000337947816064,2.0810681753857807e-05,0.82,0.4623185183723564,2.1002898957789284e-06,0.98,0.7550238110530643,5.453415496958769e-13,1.0,4.587537968532274,1.7763568394002505e-15
uncalibrated,0.3,0.4,0.3,50,2.0963709431879494,1.9041895047145403,2.3208548095904575,2.1751824118843928,0.58,0.029185681722736945,0.0843733910111204,0.82,0.5117312829952283,2.8391607465039215e-07,0.84,0.5560589521216315,2.434094703573919e-08,0.98,0.8778683008673624,7.638334409421077e-14,1.0,4.750232969869927,1.7763568394002505e-15
uncalibrated,0.3,0.45,0.25,50,2.0083335554680417,1.7626043518009282,2.279560598084416,2.073183811554488,0.74,0.16381353091011874,0.00012454807471407037,0.84,0.519134353582217,2.1246773229677274e-09,0.86,0.5560589521216315,1.8094681308866711e-10,0.98,0.9307742859258639,1.2434497875801753e-14,1.0,4.863195226350086,1.7763568394002505e-15
uncalibrated,0.3,0.5,0.2,50,1.8877884489286743,1.758575067698814,2.1774032240224104,1.9705777444424217,0.78,0.19196447314587317,3.9920236538648624e-07,0.86,0.6283717622302447,4.3806736016449577e-11,0.88,0.7169419200510134,4.218847493575595e-12,0.96,1.0887105996752808,8.881784197001252e-15,1.0,4.903315326695719,1.7763568394002505e-15
uncalibrated,0.35,0.15,0.5,50,3.186412235169257,2.8994460076955306,3.332677601414991,3.1369459713902446,0.0,-0.8339323359306832,1.7763568394002505e-15,0.2,-0.3396312214302242,7.235236054725647e-08,0.28,-0.31137806331145157,1.9760169596594324e-05,0.44,-0.028175453122898375,0.5655778099255286,1.0,3.834993776020184,1.7763568394002505e-15
uncalibrated,0.35,0.2,0.45,50,2.767507623914227,2.4878661091102856,2.9584541831785116,2.809301613764863,0.04,-0.4812384778261247,1.2434497875801753e-14,0.42,-0.10582037173305991,0.26120880915335754,0.46,-0.09405197486636041,0.8035269768960163,0.86,0.2782740469816787,1.3667570399888973e-06,1.0,4.155575692939635,1.7763568394002505e-15
uncalibrated,0.35,0.25,0.4,50,2.578583842954643,2.424981999402064,2.7751671070042265,2.6309267372171066,0.1,-0.39521026048012686,1.6058265828178264e-12,0.58,0.1478576064812387,0.2954728324166016,0.62,0.18005978351671104,0.04944640680060175,0.9,0.47110954997556576,5.318447904301138e-10,1.0,4.255034604255044,1.7763568394002505e-15
uncalibrated,0.35,0.3,0.35,50,2.445407460452074,2.1547677400275695,2.6609682569427804,2.443240041322381,0.18,-0.1704811940944495,1.8091017647158827e-05,0.72,0.27908140657127944,0.0009149367393188612,0.76,0.39917136418267773,5.121092026350027e-05,0.98,0.6065977945978318,1.1368683772161603e-12,1.0,4.463054882411157,1.7763568394002505e-15
uncalibrated,0.35,0.35,0.3,50,2.1209829927802417,1.9446799544541733,2.45838795846642,2.2468708911917004,0.44,-0.005034992338465827,0.8489339097874008,0.82,0.4315553811974979,2.36936675790389e-06,0.84,0.5312961439479977,2.1499046276574063e-07,0.98,0.8297354035361906,1.9539925233402755e-13,1.0,4.707121737794537,1.7763568394002505e-15
uncalibrated,0.35,0.4,0.25,50,2.017381422264606,1.899364752090271,2.138952845966898,2.102240663155087,0.68,0.07976742950026505,0.0009149367393188612,0.84,0.5535262583184135,5.310079487230723e-09,0.86,0.6402477522438232,4.3148595807451784e-10,0.98,0.9771932363202609,1.7763568394002505e-14,1.0,4.850717892666708,1.7763568394002505e-15
uncalibrated,0.35,0.45,0.2,50,1.9472094670063456,1.7542863889504332,2.21331861711289,1.9997053841681902,0.84,0.1928396510628687,1.2389409082689218e-06,0.88,0.5941284451043884,2.3080204414327454e-11,0.9,0.6894643737349355,3.0890845437170356e-12,1.0,1.0271189308159165,1.7763568394002505e-15,1.0,4.899865238867719,1.7763568394002505e-15
uncalibrated,0.35,0.5,0.15,50,1.8178789868483989,1.6711269299559746,1.9655050702680574,1.8779859050186951,0.92,0.31974534439120816,1.54429974258478e-07,0.9,0.8317371355766596,2.239985974483716e-12,0.92,0.8317371355766596,3.6770586575585185e-13,1.0,1.174084953491743,1.7763568394002505e-15,1.0,5.044630117458382,1.7763568394002505e-15
uncalibrated,0.4,0.1,0.5,50,3.441912555137989,3.190557360230713,3.631382173260002,3.3533146195042667,0.0,-1.0817497162224754,1.7763568394002505e-15,0.1,-0.6469479639085733,4.3806736016449577e-11,0.18,-0.5499888604684031,1.260182003193222e-08,0.3,-0.2448964522649817,7.500770700019643e-05,1.0,3.573375296923402,1.7763568394002505e-15
uncalibrated,0.4,0.15,0.45,50,3.0160404500819737,2.854900846400625,3.2480442971875636,3.0374009611518704,0.02,-0.7222521283888597,3.552713678800501e-15,0.28,-0.23587672160229545,4.6469730756726335e-05,0.32,-0.22456626415601022,0.0035436448551049438,0.58,0.07919488119551943,0.21148488261323095,1.0,3.9074478756703286,1.7763568394002505e-15
uncalibrated,0.4,0.2,0.4,50,2.685792124303532,2.453172020010612,2.9282922413777754,2.727657853302786,0.08,-0.4629095733104691,4.4941828036826337e-13,0.48,-0.06356014156496315,0.8258163298101913,0.52,0.018499045891260835,0.4490067617286915,0.86,0.3911338586007673,3.348859145546612e-08,1.0,4.230659273599855,1.7763568394002505e-15
uncalibrated,0.4,0.25,0.35,50,2.546164533722802,2.3313203205706543,2.7048375322183347,2.5549457567324882,0.12,-0.293307752466319,7.279245275409363e-09,0.64,0.2844060770694483,0.029727315082014982,0.68,0.2844060770694483,0.0022762251098509267,0.96,0.47110954997556576,2.239985974483716e-12,1.0,4.399170808495342,1.7763568394002505e-15
uncalibrated,0.4,0.3,0.3,50,2.218461846394902,2.06823468140189,2.4583745580115846,2.32868608444044,0.24,-0.06766003672954923,0.0025325910524721437,0.74,0.3835344093813404,1.7805245978053108e-05,0.78,0.48167629574282955,5.951474850718341e-07,0.98,0.7656275123004406,1.9539925233402755e-13,1.0,4.6412870426072175,1.7763568394002505e-15
uncalibrated,0.4,0.35,0.25,50,2.0607371201691222,1.8554535955386342,2.2973138605818946,2.1361515216724545,0.7,0.06771305305971964,0.0008901641446254349,0.82,0.5249957747468557,1.4895306321704993e-08,0.84,0.5621501437173322,8.008242957657785e-10,0.98,0.9659375973981525,3.375077994860476e-14,1.0,4.836815804044349,1.7763568394002505e-15
uncalibrated,0.4,0.4,0.2,50,1.9110997252923738,1.7065594729745328,2.1509384347581495,1.9797039242908006,0.88,0.19615443923416365,1.4280124167862343e-07,0.88,0.6499218156689608,1.7687185049908294e-11,0.9,0.7399408287486295,2.239985974483716e-12,0.98,1.1200492254377252,8.881784197001252e-15,1.0,4.924068739443243,1.7763568394002505e-15
uncalibrated,0.4,0.45,0.15,50,1.8204454232567286,1.6797291836227686,2.0499331971513186,1.9072206157327094,0.9,0.2730683374904288,2.0202842737161678e-07,0.9,0.7760285079272649,6.590283874174929e-13,0.92,0.7865896702254531,1.5631940186722204e-13,1.0,1.1668130735970124,1.7763568394002505e-15,1.0,5.014974090495286,1.7763568394002505e-15
uncalibrated,0.4,0.5,0.1,50,1.7296846544824973,1.5750547415855038,1.9574714136586806,1.8001942399296025,0.92,0.3577829027703672,4.3148595807451784e-10,0.98,0.8530105524113623,8.881784197001252e-15,0.98,0.8530105524113623,5.329070518200751e-15,1.0,1.2521765776734668,1.7763568394002505e-15,1.0,5.160485361744875,1.7763568394002505e-15
uncalibrated,0.45,0.05,0.5,50,3.7309198896726343,3.622674412584331,3.9127921220573114,3.722738026046599,0.0,-1.4714201457242808,1.7763568394002505e-15,0.02,-1.0418238707148362,2.4868995751603507e-14,0.08,-1.0084504271677162,6.590283874174929e-13,0.1,-0.6303017388817977,7.151434999741468e-11,1.0,3.17739722306203,1.7763568394002505e-15
uncalibrated,0.45,0.1,0.45,50,3.274266927863877,3.015009165333339,3.4383773620614875,3.2572606580608254,0.0,-0.9398858767855813,1.7763568394002505e-15,0.16,-0.4903600391462817,8.855280952957401e-10,0.2,-0.447945436946128,2.4721383162784605e-07,0.38,-0.08142144167658216,0.016185270214664982,1.0,3.707425284012814,1.7763568394002505e-15
uncalibrated,0.45,0.15,0.4,50,2.9321117087218767,2.557107808114523,3.168164128508181,2.931147595111739,0.04,-0.5914038690118986,4.440892098500626e-14,0.3,-0.19245331406607136,0.004178445711550793,0.36,-0.1816689539584928,0.06930163067169381,0.7,0.13627440837359472,0.0032054206503495664,1.0,4.079526724614425,1.7763568394002505e-15
uncalibrated,0.45,0.2,0.35,50,2.6668265501256627,2.4320491430378106,2.7983457126001525,2.6459163879458303,0.08,-0.4039689261638415,1.3535839116229909e-12,0.56,0.09238586923382286,0.3044806608698192,0.58,0.1785409770767501,0.04830953815983641,0.9,0.46812804533131214,5.897913268881894e-10,1.0,4.255034604255044,1.7763568394002505e-15
uncalibrated,0.45,0.25,0.3,50,2.437755039479967,2.203948835906459,2.6011393310542985,2.4458693085492613,0.14,-0.1726307476010902,1.1796658295450646e-08,0.68,0.3076439512937412,0.00043263448054275955,0.74,0.3257460625446953,2.4281497463363166e-05,0.96,0.6450807232704392,3.375077994860476e-14,1.0,4.494514265117687,1.7763568394002505e-15
uncalibrated,0.45,0.3,0.25,50,2.1376365414178196,1.938792093703649,2.349480762767172,2.2196266312867805,0.36,0.0,0.9479667982801983,0.78,0.4463578435991451,2.305757291765076e-07,0.84,0.5375152118704278,1.158324636207908e-08,0.98,0.8601240766896296,5.329070518200751e-15,1.0,4.766644048757868,1.7763568394002505e-15
uncalibrated,0.45,0.35,0.2,50,1.950034457019342,1.8225096208217337,2.154449056741683,2.057840940920312,0.86,0.11502070748709059,6.179676298849371e-08,0.84,0.6038544775668555,3.489741828843762e-10,0.88,0.7405826041524222,2.630606843467831e-11,0.98,1.0819673573629558,5.329070518200751e-15,1.0,4.924354545277595,1.7763568394002505e-15
uncalibrated,0.45,0.4,0.15,50,1.8038205222217414,1.6320469873871275,1.9950855700377872,1.9093366465987225,0.88,0.2736051666885686,8.02500876772779e-08,0.88,0.7387154490320569,2.239985974483716e-12,0.92,0.8070505737706526,1.9539925233402755e-13,1.0,1.1898344821469067,1.7763568394002505e-15,1.0,5.035841171325416,1.7763568394002505e-15
uncalibrated,0.45,0.45,0.1,50,1.7525651393264354,1.5416397685065704,1.9695631878268585,1.8099404965606163,0.92,0.3577829027703672,1.080529443697742e-09,0.94,0.8536944590694873,4.440892098500626e-14,0.96,0.8536944590694873,1.2434497875801753e-14,1.0,1.2809518246692875,1.7763568394002505e-15,1.0,5.112079885822695,1.7763568394002505e-15
uncalibrated,0.45,0.5,0.05,50,1.722830121238232,1.4669150065657988,1.832387139987031,1.7501973366666455,0.94,0.4148392421983118,1.5448975432263978e-11,0.96,0.8865463633829336,5.861977570020827e-14,0.96,0.9017563508404152,3.375077994860476e-14,1.0,1.3009278541902347,1.7763568394002505e-15,1.0,5.189067417640217,1.7763568394002505e-15
uncalibrated,0.5,0.0,0.5,50,4.176696497274932,3.958735079787445,4.387418502726973,4.186749190222111,0.0,-1.9513832192946978,1.7763568394002505e-15,0.02,-1.430659537604825,3.552713678800501e-15,0.02,-1.3582226705501483,3.552713678800501e-15,0.02,-1.0874319036436901,5.329070518200751e-15,1.0,2.780308550487348,1.7763568394002505e-15
uncalibrated,0.5,0.05,0.45,50,3.6479626242493595,3.446270506875542,3.77540855725441,3.6257180517717327,0.0,-1.3456525120774785,1.7763568394002505e-15,0.02,-0.9560287301712975,2.4868995751603507e-14,0.1,-0.8910469597629884,5.707434524993005e-12,0.18,-0.4707020365346466,3.7055123414120317e-09,1.0,3.2820900294836832,1.7763568394002505e-15
uncalibrated,0.5,0.1,0.4,50,3.2263676045898535,2.99055199231897,3.4632144045073865,3.2221558443835407,0.02,-0.9146340020166264,3.552713678800501e-15,0.18,-0.4140628601586229,5.897913268881894e-10,0.2,-0.39456419566623424,6.354784893858323e-07,0.46,-0.08676881323276575,0.07237748012944856,1.0,3.720124878384567,1.7763568394002505e-15
uncalibrated,0.5,0.15,0.35,50,2.7545931296928785,2.473810600383217,3.0524286610810236,2.7934008520918443,0.02,-0.48667939639824453,3.552713678800501e-15,0.44,-0.058827151853421356,0.215052456193769,0.48,-0.038151745318984354,0.8407540567937097,0.86,0.324268893291503,3.486415511844143e-07,1.0,4.142294087932015,1.7763568394002505e-15
uncalibrated,0.5,0.2,0.3,50,2.502880434929935,2.4136512723333112,2.7186628399324597,2.5944301369092826,0.06,-0.28602916160888014,3.375077994860476e-14,0.6,0.17675651815950744,0.10525460779046192,0.66,0.1967432158354825,0.013686934524772099,0.92,0.48402370025179664,5.610267805877811e-11,1.0,4.356851474142161,1.7763568394002505e-15
uncalibrated,0.5,0.25,0.25,50,2.3909669491883108,2.1017791591683306,2.5182173039293048,2.3512459103941064,0.0,-0.04946532283672411,7.952884142692727e-07,0.72,0.3350944187004359,3.818192634774675e-05,0.74,0.40419867973369605,1.206143563692308e-06,0.96,0.710722760191743,4.440892098500626e-14,1.0,4.617009874689543,1.7763568394002505e-15
uncalibrated,0.5,0.3,0.2,50,2.0406515570007713,1.8810878076530844,2.303577231977215,2.1387604175965613,0.6,0.06003676810610159,0.00015819266733098166,0.82,0.538249031224197,6.917133532624575e-09,0.86,0.5846307803825965,5.318447904301138e-10,0.98,0.9897023856886307,5.329070518200751e-15,1.0,4.836998075032227,1.7763568394002505e-15
uncalibrated,0.5,0.35,0.15,50,1.8042465750926766,1.6922437485965531,2.053527734921758,1.9446551864004988,0.9,0.22496280375551692,9.464115928229098e-08,0.88,0.7130853682682243,8.842704346534447e-12,0.92,0.7545527578478897,4.4941828036826337e-13,1.0,1.1406186549977235,1.7763568394002505e-15,1.0,4.988989206899177,1.7763568394002505e-15
uncalibrated,0.5,0.4,0.1,50,1.7666887582641664,1.5992338258022016,1.9535973121889654,1.848432800789742,0.92,0.30822480985087,1.8094681308866711e-10,0.94,0.8046091720141817,9.769962616701378e-14,0.96,0.8652018618136168,1.2434497875801753e-14,1.0,1.2783961625652722,1.7763568394002505e-15,1.0,5.113829150375707,1.7763568394002505e-15
uncalibrated,0.5,0.45,0.05,50,1.7130831974984204,1.4660991885431542,1.8827277386172794,1.771571429044469,0.96,0.3680630771164317,2.3080204414327454e-11,0.94,0.8714588046355942,1.2434497875801753e-13,0.94,0.8911557832447699,5.861977570020827e-14,1.0,1.3009278541902347,1.7763568394002505e-15,1.0,5.186709390637105,1.7763568394002505e-15
uncalibrated,0.5,0.5,0.0,50,1.753706523399984,1.437068474384928,1.8566706434232714,1.7062708003737959,0.92,0.5013511752882494,1.0192735544478637e-11,0.98,0.9226392073331482,2.433608869978343e-13,0.98,0.9578329980289482,1.2434497875801753e-13,0.98,1.3168548350526237,3.552713678800501e-15,1.0,5.224493843488929,1.7763568394002505e-15
uncalibrated,0.55,0.0,0.45,50,4.089967861422295,3.8267348578128946,4.243255421652748,4.036722294805895,0.0,-1.825916395880995,1.7763568394002505e-15,0.02,-1.3284314410738887,3.552713678800501e-15,0.04,-1.2728190102771606,8.881784197001252e-15,0.04,-0.8754710446906273,1.2434497875801753e-14,1.0,2.866054500776329,1.7763568394002505e-15
uncalibrated,0.55,0.05,0.4,50,3.5243106456910596,3.2788010358716235,3.5830551550767495,3.4418997959524797,0.0,-1.2055468423338453,1.7763568394002505e-15,0.08,-0.7627947665636441,7.94031507211912e-13,0.12,-0.7144992112955322,3.134559278805682e-10,0.24,-0.25404588860166655,6.358623311442102e-06,1.0,3.4290715748553993,1.7763568394002505e-15
uncalibrated,0.55,0.1,0.35,50,3.0603498510203195,2.8994460076955306,3.2387537864220803,3.0803407834108483,0.0,-0.6769470753066145,1.7763568394002505e-15,0.24,-0.31332192319995045,3.38235121510877e-06,0.28,-0.2616286882174137,0.0002857006608838475,0.54,0.03461282946909705,0.7089524432753507,1.0,3.858143786964206,1.7763568394002505e-15
uncalibrated,0.55,0.15,0.3,50,2.677090773331713,2.4968133600653903,2.9701357577257546,2.7323593321300996,0.04,-0.42493463349435956,8.881784197001252e-15,0.52,0.003950130015283548,0.7740531775538848,0.6,0.045401564069223355,0.4151920088524754,0.86,0.3771767623130273,4.578190981874286e-08,1.0,4.233356166927692,1.7763568394002505e-15
uncalibrated,0.55,0.2,0.25,50,2.4618743219378416,2.2932289556629826,2.6417723232582944,2.48587958987798,0.08,-0.17094763726815643,2.964333500367118e-09,0.64,0.288692478608354,0.0027053239960554976,0.7,0.288692478608354,0.00012454807471407037,0.96,0.5659116718963162,1.2434497875801753e-13,1.0,4.506832352791861,1.7763568394002505e-15
uncalibrated,0.55,0.25,0.2,50,2.190816661679648,2.055465318782177,2.3987185345549165,2.242733369012657,0.0,0.0,1.0,0.78,0.46650812960740495,1.0490046520317264e-07,0.82,0.5035320487533994,3.3822118439275073e-09,0.98,0.7984298732085051,1.2434497875801753e-14,1.0,4.70035493097852,1.7763568394002505e-15
uncalibrated,0.55,0.3,0.15,50,1.854604817093346,1.7779302887794253,2.1505242686655777,2.0070083422586764,0.82,0.16846068490612254,1.0832872057396115e-08,0.84,0.6513043810421522,1.7687185049908294e-11,0.86,0.7350134120586631,3.6148861681795097e-12,1.0,1.138172440705759,1.7763568394002505e-15,1.0,4.9672686256695755,1.7763568394002505e-15
uncalibrated,0.55,0.35,0.1,50,1.7872084087048847,1.610547674655919,1.9750237840294176,1.8724778766965937,0.94,0.26954590750575846,3.1004179851351556e-08,0.92,0.7437266981062294,3.6770586575585185e-13,0.94,0.842157852280792,7.638334409421077e-14,1.0,1.216900964282857,1.7763568394002505e-15,1.0,5.067569346908826,1.7763568394002505e-15
uncalibrated,0.55,0.4,0.05,50,1.6665073248988733,1.4745998806088352,1.8300636742480094,1.763356246336732,0.96,0.3320294346660546,1.1368683772161603e-12,0.96,0.8383515906850789,1.7763568394002505e-14,0.96,0.9130921202794582,1.2434497875801753e-14,1.0,1.302336112396489,1.7763568394002505e-15,1.0,5.182144864407263,1.7763568394002505e-15
uncalibrated,0.55,0.45,0.0,50,1.7536751019458734,1.454231180597374,1.8832347804430896,1.732977317002651,0.9,0.4286121545066237,3.40367733997482e-11,0.98,0.8868075146815357,2.433608869978343e-13,0.98,0.9578329980289482,1.5631940186722204e-13,0.98,1.3168548350526237,3.552713678800501e-15,1.0,5.203258770586459,1.7763568394002505e-15
uncalibrated,0.6,0.0,0.4,50,3.865828751388605,3.6388601730294425,4.1123567316510234,3.8875746494433305,0.0,-1.72211381422332,1.7763568394002505e-15,0.02,-1.2374900410529364,5.329070518200751e-15,0.04,-1.1902928397103807,5.861977570020827e-14,0.08,-0.7161253172094746,2.433608869978343e-13,1.0,3.046359585114999,1.7763568394002505e-15
uncalibrated,0.6,0.05,0.35,50,3.378144224237019,3.0740010342724986,3.5678139627218,3.351173397577565,0.0,-1.1647116837075657,1.7763568394002505e-15,0.08,-0.7249765355686151,4.218847493575595e-12,0.14,-0.5628313750586358,2.81308842886574e-09,0.32,-0.15699900883981854,0.0004885945525092694,1.0,3.5064608658281315,1.7763568394002505e-15
uncalibrated,0.6,0.1,0.3,50,2.938759766172808,2.731684903104849,3.164860576943198,2.9490480363776834,0.0,-0.6001235097208308,1.7763568394002505e-15,0.28,-0.1957930216224355,0.00046924742287757226,0.34,-0.1448262399652549,0.016185270214664982,0.68,0.10377769888259536,0.007158095833210254,1.0,3.9946614336273,1.7763568394002505e-15
uncalibrated,0.6,0.15,0.25,50,2.5477506922098456,2.406795081174337,2.797810340865932,2.60847601922576,0.04,-0.2929548706868417,2.4868995751603507e-14,0.6,0.11594381168552559,0.11619549807268115,0.68,0.1517609300102407,0.01186723909238907,0.96,0.4458414612096391,1.0192735544478637e-11,1.0,4.411150400224301,1.7763568394002505e-15
uncalibrated,0.6,0.2,0.2,50,2.325537794226477,2.151332394789293,2.5411752822772655,2.3582697903305387,0.1,-0.08324613825794813,7.559954091727397e-07,0.72,0.3076439512937412,3.128163219123792e-05,0.74,0.3741699724605212,7.239255257474042e-07,0.96,0.7024838889812628,3.375077994860476e-14,1.0,4.59244581409618,1.7763568394002505e-15
uncalibrated,0.6,0.25,0.15,50,2.0671633202942985,1.917559686204413,2.316133198629757,2.1577824746065413,0.68,0.06515088118914036,4.6665014937680554e-07,0.8,0.4957635596719854,3.3822118439275073e-09,0.84,0.5913633733589592,1.8094681308866711e-10,0.98,0.9104012314514591,3.552713678800501e-15,1.0,4.815052856399802,1.7763568394002505e-15
uncalibrated,0.6,0.3,0.1,50,1.8176481144803347,1.6626805150412451,2.0734868178851116,1.928178742069714,0.9,0.2640467715076369,6.473637765071737e-08,0.9,0.7625579915736722,1.8989254613188677e-12,0.92,0.7740819658383487,3.6770586575585185e-13,1.0,1.220572401899247,1.7763568394002505e-15,1.0,5.042767844783583,1.7763568394002505e-15
uncalibrated,0.6,0.35,0.05,50,1.7646651346931748,1.5539982558694874,1.9184894547494622,1.800219869731007,0.94,0.32842320696033767,8.842704346534447e-12,0.96,0.8274177151843816,1.2434497875801753e-13,0.96,0.9130921202794582,5.861977570020827e-14,1.0,1.3059880216093944,1.7763568394002505e-15,1.0,5.1518048986858105,1.7763568394002505e-15
uncalibrated,0.6,0.4,0.0,50,1.7390516844147186,1.4633033720594995,1.9025583656134835,1.7422755293314696,0.94,0.4286121545066237,4.218847493575595e-12,0.98,0.9137474714124494,8.881784197001252e-15,0.98,0.9739525900887713,8.881784197001252e-15,1.0,1.2889747977002628,1.7763568394002505e-15,1.0,5.205505441360998,1.7763568394002505e-15
uncalibrated,0.65,0.0,0.35,50,3.6712268470065794,3.5385224541199705,3.9466961667231457,3.689579441891348,0.0,-1.5225632761801933,1.7763568394002505e-15,0.04,-0.9920469356554378,3.375077994860476e-14,0.1,-0.9024715706220547,1.1727507853720454e-11,0.14,-0.6311657725416921,1.7568968502246207e-09,1.0,3.1805062503954673,1.7763568394002505e-15
uncalibrated,0.65,0.05,0.3,50,3.3099243571906953,3.028025786472355,3.4588573781609,3.2634266396428564,0.0,-0.934186346925074,1.7763568394002505e-15,0.16,-0.435628929741398,1.8094681308866711e-10,0.18,-0.3934406967462536,9.051156624195755e-08,0.4,-0.12511024857300868,0.019067043399514816,1.0,3.659781252617776,1.7763568394002505e-15
uncalibrated,0.65,0.1,0.25,50,2.873071318352487,2.6794469496689857,3.1256061610872052,2.8576225548819285,0.02,-0.5587880372637244,5.329070518200751e-15,0.34,-0.11908155549332378,0.012568191503659065,0.4,-0.09448660521373142,0.17191424676435396,0.8,0.22956758878284234,1.7805245978053108e-05,1.0,4.008005558126698,1.7763568394002505e-15
uncalibrated,0.65,0.15,0.2,50,2.402430305410647,2.269267980621368,2.6661504300992505,2.4884324655728993,0.02,-0.17441594959227302,1.7112150878431092e-09,0.64,0.22681577831936295,0.001539555129280501,0.72,0.24631658771947684,6.206318512269604e-05,0.98,0.5753595533616647,3.375077994860476e-14,1.0,4.470189448985138,1.7763568394002505e-15
uncalibrated,0.65,0.2,0.15,50,2.1906829350215418,2.0328452211662693,2.438502786966751,2.2601430198165366,0.4,0.0,0.31555382520750797,0.76,0.3743444134600509,3.9920236538648624e-07,0.82,0.4397474781351036,4.8571529021046445e-09,0.98,0.7786463628087148,5.329070518200751e-15,1.0,4.697511699970846,1.7763568394002505e-15
uncalibrated,0.65,0.25,0.1,50,1.950182622611507,1.7842074579506146,2.1775461264583384,2.0190185719216713,0.92,0.18186262589499336,2.2017304240204127e-08,0.9,0.5925241634855212,1.8989254613188677e-12,0.92,0.7004490843931706,3.6770586575585185e-13,1.0,1.1075174246898882,1.7763568394002505e-15,1.0,4.929828709473483,1.7763568394002505e-15
uncalibrated,0.65,0.3,0.05,50,1.7438256159437486,1.6173434269315408,1.9596680717792907,1.845400780301348,0.94,0.2784072075450865,2.630606843467831e-11,0.94,0.8039180451014545,1.2434497875801753e-13,0.94,0.8278168847821945,7.638334409421077e-14,1.0,1.268797863948862,1.7763568394002505e-15,1.0,5.069457191919568,1.7763568394002505e-15
uncalibrated,0.65,0.35,0.0,50,1.7450203881859778,1.5405282895044934,1.8358409847772192,1.7715913833358696,0.92,0.3754005451178841,2.3080204414327454e-11,0.98,0.8124179305992527,1.7763568394002505e-14,0.98,0.9335424662503158,1.2434497875801753e-14,1.0,1.2889747977002628,1.7763568394002505e-15,1.0,5.166292848467222,1.7763568394002505e-15
uncalibrated,0.7,0.0,0.3,50,3.619554073955584,3.4040244291515194,3.6915337109434994,3.5593620987366617,0.0,-1.2400517859495324,1.7763568394002505e-15,0.02,-0.7657685716889233,1.2434497875801753e-14,0.1,-0.7469987143270345,1.34718902700115e-11,0.18,-0.3286496081851453,6.710043898294771e-08,1.0,3.3335695554941225,1.7763568394002505e-15
uncalibrated,0.7,0.05,0.25,50,3.1165528963028635,2.9476765168443833,3.298527182400278,3.13962600916654,0.02,-0.7756610096907366,5.329070518200751e-15,0.2,-0.3784660683287484,4.2364032282193875e-08,0.24,-0.3710700986541582,1.2965142769161275e-05,0.5,0.0009723750309973411,0.7160933233749613,1.0,3.844010936801169,1.7763568394002505e-15
uncalibrated,0.7,0.1,0.2,50,2.7630023379902298,2.4488052916073997,2.9751686772545725,2.7022331943462814,0.02,-0.39390235884596336,5.329070518200751e-15,0.56,0.05274211402047513,0.6806447467771797,0.62,0.09776049771576822,0.14874176207376877,0.84,0.41220584680142736,4.945666454148068e-08,1.0,4.25797448970242,1.7763568394002505e-15
uncalibrated,0.7,0.15,0.15,50,2.3108769267905274,2.150633708099889,2.601068183071273,2.374006786003739,0.18,-0.0816101565371099,1.2841054282120012e-06,0.72,0.30642225256143263,8.398093875428003e-06,0.76,0.38202896406176023,1.507920117660433e-07,0.98,0.6675032226769559,3.552713678800501e-15,1.0,4.597328439428864,1.7763568394002505e-15
uncalibrated,0.7,0.2,0.1,50,2.0976893530200016,1.947660988172501,2.2812091206499474,2.167022340598775,0.72,0.06963579480384396,0.0001537422019073124,0.88,0.4496965056754334,7.237197507947712e-10,0.92,0.6002536516680976,3.863753761379485e-11,1.0,0.935104964771142,1.7763568394002505e-15,1.0,4.773434448113903,1.7763568394002505e-15
uncalibrated,0.7,0.25,0.05,50,1.8422647858124321,1.6715972321010497,2.1126903108100343,1.9237800871040582,0.92,0.23271809330393012,3.489741828843762e-10,0.9,0.7097123043549232,9.521272659185342e-13,0.92,0.7595618899490546,1.9539925233402755e-13,1.0,1.1802721456583782,1.7763568394002505e-15,1.0,4.995270624467352,1.7763568394002505e-15
uncalibrated,0.7,0.3,0.0,50,1.7499423590756038,1.6307433090019288,1.9488085062372278,1.8069200678538153,0.92,0.3107755886979362,1.4432899320127035e-10,0.98,0.8194103219336597,2.4868995751603507e-14,0.98,0.8730768541388159,1.7763568394002505e-14,1.0,1.3357829121796954,1.7763568394002505e-15,1.0,5.158464808650365,1.7763568394002505e-15
uncalibrated,0.75,0.0,0.25,50,3.436508606189321,3.285641898357139,3.6632607679828624,3.431788812432208,0.0,-1.1773293389360617,1.7763568394002505e-15,0.04,-0.7124306039520718,9.769962616701378e-14,0.1,-0.6315842023206386,1.2871659293978155e-10,0.28,-0.2653422632497495,1.6896629077223224e-05,1.0,3.4362923041201725,1.7763568394002505e-15
uncalibrated,0.75,0.05,0.2,50,3.0119246150178185,2.857558875385081,3.229322177733252,3.034872229847315,0.02,-0.6737780891463387,3.375077994860476e-14,0.26,-0.2590883551478811,6.010637926934237e-06,0.3,-0.24740766113468737,0.0010644297047850415,0.6,0.0851394345391725,0.24513084584396871,1.0,3.919011666360575,1.7763568394002505e-15
uncalibrated,0.75,0.1,0.15,50,2.5394297367293177,2.3263359306999973,2.8603257430826035,2.55062355805702,0.08,-0.25275735318059844,1.7687185049908294e-11,0.64,0.12122720573705692,0.01330480151673541,0.7,0.21793305729146084,0.0004885945525092694,0.94,0.501681273405211,1.1368683772161603e-12,1.0,4.427639508951145,1.7763568394002505e-15
uncalibrated,0.75,0.15,0.1,50,2.2080175689169295,2.0447538481192566,2.441570214401821,2.250552619678432,0.46,-0.014154664352389545,0.6666519727454681,0.88,0.3836341509678789,1.6183291151605772e-08,0.9,0.4643984460585955,5.897913268881894e-10,1.0,0.7762358248464949,1.7763568394002505e-15,1.0,4.723636954410807,1.7763568394002505e-15
uncalibrated,0.75,0.2,0.05,50,1.9743498805757582,1.8422443344308335,2.1745124933648583,2.048992192006847,0.86,0.16482270596077342,3.623269506647375e-08,0.92,0.5430117610786596,3.6770586575585185e-13,0.94,0.6504655725840678,7.638334409421077e-14,1.0,1.0731351529760786,1.7763568394002505e-15,1.0,4.885957942383357,1.7763568394002505e-15
uncalibrated,0.75,0.25,0.0,50,1.8491150266995788,1.6823800137009641,2.008808829691503,1.867756269785025,0.9,0.28769437973350875,5.310079487230723e-09,0.92,0.8177510560007875,4.4941828036826337e-13,0.94,0.9089012329667838,1.5631940186722204e-13,1.0,1.2520564449300196,1.7763568394002505e-15,1.0,5.027561243859466,1.7763568394002505e-15
uncalibrated,0.8,0.0,0.2,50,3.3274391935895125,3.1017501301358834,3.448589830815109,3.3046652613631506,0.04,-0.9818671294181911,8.881784197001252e-15,0.06,-0.5097418696557554,2.6343371928305714e-12,0.12,-0.4235863440143248,6.3368066349767105e-09,0.38,-0.13742885671128136,0.00784436585604098,1.0,3.62471340699922,1.7763568394002505e-15
uncalibrated,0.8,0.05,0.15,50,2.848989425248348,2.5562015797994864,3.143372402493412,2.8590819764484126,0.04,-0.5454367835387046,1.2434497875801753e-13,0.3,-0.13412737077021575,0.013686934524772099,0.36,-0.10547900882546912,0.16293225736063377,0.74,0.22611876132023667,7.500770700019643e-05,1.0,4.025645807852797,1.7763568394002505e-15
uncalibrated,0.8,0.1,0.1,50,2.3858203927578785,2.2151078954315153,2.692281806131433,2.419659325733305,0.16,-0.15558248195301871,3.586156610779767e-06,0.78,0.2346849987352897,4.011462634423424e-05,0.8,0.2925240552478101,1.1326234101716182e-06,0.96,0.5891028831178318,8.881784197001252e-15,1.0,4.529694977626079,1.7763568394002505e-15
uncalibrated,0.8,0.15,0.05,50,2.0922739353823943,1.953580451658496,2.2834920300061,2.180826467157559,0.58,0.06071080852684929,0.055465717070337206,0.86,0.4038459115203352,7.151434999741468e-11,0.92,0.5712375484118297,1.6058265828178264e-12,1.0,0.8750251334846411,1.7763568394002505e-15,1.0,4.739384582769986,1.7763568394002505e-15
uncalibrated,0.8,0.2,0.0,50,2.0259398749811766,1.7667038226961154,2.141189771351293,1.9791517623193335,0.84,0.19824509009386304,1.8673260271384606e-07,0.92,0.6613295083796942,3.6770586575585185e-13,0.94,0.7267145701826365,9.769962616701378e-14,1.0,1.1768264165401092,1.7763568394002505e-15,1.0,4.921875585472492,1.7763568394002505e-15
uncalibrated,0.85,0.0,0.15,50,3.1767823477011206,2.9168384131184126,3.409425029331061,3.1965666660882097,0.04,-0.8566908564833113,1.7763568394002505e-14,0.18,-0.41439556253234855,2.3344064459251967e-09,0.2,-0.4050768654889083,5.572207957271758e-07,0.44,-0.08333087742538225,0.28229295463063053,1.0,3.7639061281559805,1.7763568394002505e-15
uncalibrated,0.85,0.05,0.1,50,2.6886144557518037,2.4443981157150176,2.9279294242106744,2.6653980736421254,0.12,-0.34768523359238657,4.3148595807451784e-10,0.54,0.05540278371664442,0.4490067617286915,0.56,0.06796894979420642,0.08226751834101265,0.88,0.38293274146384704,8.060396794462577e-11,1.0,4.18570017445208,1.7763568394002505e-15
uncalibrated,0.85,0.1,0.05,50,2.2156872327467596,2.103248056946711,2.5486408544221257,2.322434104134836,0.36,-0.04919074332221385,0.02420949942225903,0.78,0.31875934320112265,3.0412363649645613e-07,0.86,0.3776510226399097,1.9077969426462005e-08,0.98,0.7196386556608729,5.329070518200751e-15,1.0,4.610317843366772,1.7763568394002505e-15
uncalibrated,0.85,0.15,0.0,50,2.0480485390309298,1.8719744387854231,2.270947665556349,2.09043322895802,0.68,0.1327827175115459,0.00014253035612021847,0.88,0.5792268336713704,8.842704346534447e-12,0.92,0.6323256892040519,3.6770586575585185e-13,1.0,1.0707562757795444,1.7763568394002505e-15,1.0,4.826361346548111,1.7763568394002505e-15
uncalibrated,0.9,0.0,0.1,50,3.09235250489391,2.791988598614182,3.264194412766983,2.991633830863579,0.04,-0.6933257265058757,9.769962616701378e-14,0.26,-0.16851072073200157,1.2965142769161275e-05,0.32,-0.14041727863846631,0.0037864469724659955,0.66,0.1838065843872556,0.039015525521861605,1.0,3.9212924557397457,1.7763568394002505e-15
uncalibrated,0.9,0.05,0.05,50,2.5832155222516633,2.317295865440884,2.823385658807325,2.557361291304631,0.18,-0.21603563771803636,1.507920117660433e-07,0.66,0.17599506779642127,0.017575449774248852,0.68,0.21389183958794433,0.0010644297047850415,0.96,0.4627879787998097,4.4941828036826337e-13,1.0,4.367434314178524,1.7763568394002505e-15
uncalibrated,0.9,0.1,0.0,50,2.1219350581567085,2.042869202962735,2.5414249552160584,2.2539692554581587,0.58,0.03594154783897352,0.645875956795086,0.82,0.412290438831306,2.070065541204258e-08,0.88,0.4626873331930881,1.3149694666481082e-09,0.98,0.8456804733290397,5.329070518200751e-15,1.0,4.745054236077067,1.7763568394002505e-15
uncalibrated,0.95,0.0,0.05,50,2.8428899422987115,2.5992992464542795,3.191463544402197,2.8404151242433704,0.06,-0.5859161448664594,1.6058265828178264e-12,0.42,-0.03125254846604264,0.060783776768830296,0.48,-0.0019219981281679566,0.5946011517764428,0.76,0.2710116305529766,1.8759072675678112e-05,1.0,4.032770915261381,1.7763568394002505e-15
uncalibrated,0.95,0.05,0.0,50,2.5726255928134094,2.171877951041324,2.8253248477343504,2.4826960379130303,0.2,-0.1656137766494652,2.9747345218211763e-05,0.72,0.22684617512132377,0.0006983914307809869,0.78,0.29920352278568885,2.6885878247284722e-05,0.94,0.5643810884009639,1.9539925233402755e-13,1.0,4.41226638471332,1.7763568394002505e-15
uncalibrated,1.0,0.0,0.0,50,2.743617772022617,2.582543870123345,3.034871832240867,2.721643275107281,0.1,-0.43130131474578093,1.4432899320127035e-10,0.54,0.024177543776119137,0.9389922173111831,0.56,0.06386401559805677,0.3044806608698192,0.86,0.36744381806165904,4.8571529021046445e-09,1.0,4.124306833380999,1.7763568394002505e-15
