seed,variant,regret,risk_reduction,downtime_reduction,cost,n_actions
42,full_uncalibrated,2.569883266550619,14.766663711646942,1660.9611629447445,8.700000000000001,29
42,full_recalibrated,2.7999209555016478,14.536626022695913,1609.455660622869,8.700000000000001,29
42,full_true_probability,0.931675285686083,16.404871692511477,1874.9691208513832,8.700000000000001,29
42,no_rto,3.289407056531104,14.047139921666457,1532.0948916713169,8.700000000000001,29
42,no_uncertainty,2.2896694894041048,15.046877488793456,1686.97887711988,8.700000000000001,29
42,no_graph,1.7730860738261924,15.563460904371368,1759.0423677572944,8.700000000000001,29
42,conditional_rto,2.648787997073896,14.687758981123665,1615.3353800417808,8.700000000000001,29
42,minmax_norm,2.2417678546673017,15.094779123530259,1753.3777648755186,8.700000000000001,29
42,voi_uncalibrated,2.0373469645167575,15.299200013680803,1719.1061970486808,8.700000000000001,29
42,threshold_no_voi,5.13891390454711,12.19763307365045,1390.7794133824937,11.399999999999999,19
43,full_uncalibrated,1.3733970254043584,15.889086027397894,1797.0530133447355,8.700000000000001,29
43,full_recalibrated,1.0757968903350559,16.186686162467197,1829.627171395583,8.700000000000001,29
43,full_true_probability,0.8684331914504924,16.39404986135176,1839.9325694177442,8.700000000000001,29
43,no_rto,2.7326457543175025,14.52983729848475,1575.5456785491406,8.700000000000001,29
43,no_uncertainty,1.2807419647802192,15.981741088022034,1804.0211583618548,8.700000000000001,29
43,no_graph,1.2403954726057123,16.02208758019654,1831.4344979149064,8.700000000000001,29
43,conditional_rto,2.1220758539198528,15.1404071988824,1664.283576191132,8.700000000000001,29
43,minmax_norm,1.2530181164847534,16.0094649363175,1883.3485854581959,8.700000000000001,29
43,voi_uncalibrated,1.3658793073559536,15.8966037454463,1764.4777759409972,8.700000000000001,29
43,threshold_no_voi,3.8923820963948117,13.370100956407441,1568.3455593520503,11.399999999999999,19
44,full_uncalibrated,3.6124972900163357,13.85316858393918,1517.299775418176,8.700000000000001,29
44,full_recalibrated,3.7799100023502774,13.685755871605238,1525.4977177397595,8.700000000000001,29
44,full_true_probability,0.40079047999438444,17.06487539396113,2014.631430174928,8.700000000000001,29
44,no_rto,4.962315655626469,12.503350218329047,1350.8507527967904,8.700000000000001,29
44,no_uncertainty,2.802762127442577,14.662903746512939,1666.8035783395499,8.700000000000001,29
44,no_graph,3.07794215297713,14.387723720978386,1624.0179349527752,8.700000000000001,29
44,conditional_rto,3.9856859882584956,13.47997988569702,1462.2927939857145,8.700000000000001,29
44,minmax_norm,3.6574749154648885,13.808190958490627,1626.7441922016387,8.700000000000001,29
44,voi_uncalibrated,4.5982010882242434,12.867464785731272,1405.219399753576,7.599999999999999,27
44,threshold_no_voi,5.997710876319218,11.467954997636298,1310.9634908784028,11.399999999999999,19
45,full_uncalibrated,3.0823064367560846,14.440570584034958,1609.4698212092007,8.700000000000001,29
45,full_recalibrated,2.6490274945759325,14.87384952621511,1708.6292115607957,8.700000000000001,29
45,full_true_probability,0.6663484170953495,16.856528603695693,2026.2220588292912,8.700000000000001,29
45,no_rto,3.6927584029404557,13.830118617850587,1467.6332199287172,8.700000000000001,29
45,no_uncertainty,2.0547951911491396,15.468081829641903,1792.7748980103952,8.700000000000001,29
45,no_graph,2.4421978801365185,15.080679140654524,1667.7524100915125,8.700000000000001,29
45,conditional_rto,3.656118958936304,13.866758061854739,1473.7269110578636,8.700000000000001,29
45,minmax_norm,2.644050063447395,14.878826957343648,1798.6623462488133,8.700000000000001,29
45,voi_uncalibrated,3.7922037544847456,13.730673266306297,1448.3754340674714,8.4,28
45,threshold_no_voi,5.466967892195839,12.055909128595204,1374.0458182001312,11.399999999999999,19
46,full_uncalibrated,1.1767997562031667,15.999560976741947,1840.5103276414375,8.700000000000001,29
46,full_recalibrated,1.3477426473479568,15.828618085597157,1804.7451554075815,8.700000000000001,29
46,full_true_probability,0.519475093204619,16.656885639740494,1906.9258432780061,8.700000000000001,29
46,no_rto,3.356674423652919,13.819686309292194,1509.6113502954613,8.700000000000001,29
46,no_uncertainty,1.0096306366652925,16.16673009627982,1869.1832776248048,8.700000000000001,29
46,no_graph,0.7059505561613832,16.47041017678373,1901.2822971538008,8.700000000000001,29
46,conditional_rto,2.476157051214585,14.700203681730528,1635.1196500237875,8.700000000000001,29
46,minmax_norm,1.1941484722048301,15.982212260740283,1956.023730600542,8.700000000000001,29
46,voi_uncalibrated,2.834676720767419,14.341684012177694,1581.7261573010328,8.45,29
46,threshold_no_voi,3.445429813666067,13.730930919279047,1611.6437594238596,11.399999999999999,19
47,full_uncalibrated,2.068720092544254,15.207756583163757,1629.2797155600547,8.700000000000001,29
47,full_recalibrated,2.240781327967568,15.035695347740443,1626.2275657859773,8.700000000000001,29
47,full_true_probability,0.7090600418548831,16.567416633853128,1833.199477269929,8.700000000000001,29
47,no_rto,2.955987088609106,14.320489587098905,1506.65869611774,8.700000000000001,29
47,no_uncertainty,1.3590358060697554,15.917440869638256,1731.6743554014138,8.700000000000001,29
47,no_graph,1.269368735832785,16.007107939875226,1731.907400194974,8.700000000000001,29
47,conditional_rto,2.608439538410039,14.668037137297972,1548.5007268491117,8.700000000000001,29
47,minmax_norm,1.103547316150724,16.172929359557287,1814.811500378688,8.700000000000001,29
47,voi_uncalibrated,2.1857371169558064,15.090739558752205,1595.4922603137547,8.700000000000001,29
47,threshold_no_voi,3.7614356561361717,13.51504101957184,1481.2008962903637,11.399999999999999,19
48,full_uncalibrated,2.291021265324673,14.97219040436633,1656.2456638873282,8.700000000000001,29
48,full_recalibrated,1.5937597943150479,15.669451875375955,1786.7525374091747,8.700000000000001,29
48,full_true_probability,0.7492086454091975,16.514003024281806,1884.726364329037,8.700000000000001,29
48,no_rto,3.641162062836173,13.62204960685483,1437.7496992411434,8.700000000000001,29
48,no_uncertainty,2.090301245355647,15.172910424335356,1705.71680975233,8.700000000000001,29
48,no_graph,1.5531187889833689,15.710092880707634,1770.1300278927301,8.700000000000001,29
48,conditional_rto,3.5874452402754855,13.675766429415518,1476.568162350679,8.700000000000001,29
48,minmax_norm,1.6291229073990223,15.63408876229198,1812.8943454253895,8.700000000000001,29
48,voi_uncalibrated,2.235260177421054,15.027951492269949,1632.2961979809443,8.700000000000001,29
48,threshold_no_voi,4.66166176166729,12.601549908023713,1438.3063242675598,11.399999999999999,19
49,full_uncalibrated,2.6540055476167197,14.720862880148275,1570.3901369638952,8.700000000000001,29
49,full_recalibrated,1.908070873727155,15.46679755403784,1693.8268423638547,8.700000000000001,29
49,full_true_probability,0.81851130717709,16.556357120587904,1833.5018189386683,8.700000000000001,29
49,no_rto,3.829705943418162,13.545162484346832,1407.98854821056,8.700000000000001,29
49,no_uncertainty,1.811814015271949,15.563054412493045,1761.8431323085297,8.700000000000001,29
49,no_graph,1.9347695919394994,15.440098835825495,1714.142448796947,8.700000000000001,29
49,conditional_rto,3.4435331281282515,13.931335299636743,1460.1986327286795,8.700000000000001,29
49,minmax_norm,1.5629459643068913,15.811922463458103,1842.413162663428,8.700000000000001,29
49,voi_uncalibrated,6.919700501532219,10.455167926232775,1114.905995860605,6.649999999999999,23
49,threshold_no_voi,4.53588951805574,12.838978909709255,1442.9577836919634,11.399999999999999,19
50,full_uncalibrated,3.288207218090605,14.07662412061498,1518.075278985827,8.700000000000001,29
50,full_recalibrated,4.110247116244238,13.254584222461347,1451.6385935658764,8.700000000000001,29
50,full_true_probability,0.9806477954381307,16.384183543267454,1842.2082861253457,8.700000000000001,29
50,no_rto,3.9958712971795194,13.368960041526066,1347.8324625904388,8.700000000000001,29
50,no_uncertainty,3.3151013096359634,14.049730029069622,1553.0353363564009,8.700000000000001,29
50,no_graph,3.143464424185794,14.221366914519791,1579.52478647331,8.700000000000001,29
50,conditional_rto,3.6750161978822575,13.689815140823328,1398.964804379133,8.700000000000001,29
50,minmax_norm,3.1595024277380332,14.205328910967552,1681.964809683108,8.700000000000001,29
50,voi_uncalibrated,3.6377683664042593,13.727062972301326,1445.6124403392205,8.45,29
50,threshold_no_voi,5.525221364704294,11.839609974001291,1318.8484202735071,11.399999999999999,19
51,full_uncalibrated,1.9101132071830875,15.290343558672532,1726.4873431606648,8.700000000000001,29
51,full_recalibrated,1.5455461430844366,15.654910622771183,1774.2044897329106,8.700000000000001,29
51,full_true_probability,0.5202750453925091,16.68018172046311,1932.5752240013098,8.700000000000001,29
51,no_rto,2.3906007433918717,14.809856022463748,1622.3543583376122,8.700000000000001,29
51,no_uncertainty,1.7421267158161697,15.45833005003945,1773.345558367815,8.700000000000001,29
51,no_graph,1.589878504144167,15.610578261711453,1798.623759289465,8.700000000000001,29
51,conditional_rto,2.332368822996642,14.868087942858978,1663.8740946159487,8.700000000000001,29
51,minmax_norm,1.6238767343225504,15.57658003153307,1856.8685335550035,8.700000000000001,29
51,voi_uncalibrated,2.2225209553527634,14.977935810502856,1686.4403698847273,8.700000000000001,29
51,threshold_no_voi,4.367696856233152,12.832759909622467,1477.6106811535683,11.399999999999999,19
52,full_uncalibrated,2.316133198629757,14.929985719759486,1680.8341272931957,8.700000000000001,29
52,full_recalibrated,1.9374814982594444,15.308637420129799,1704.2698751834068,8.700000000000001,29
52,full_true_probability,0.5434954515672814,16.70262346682196,1879.1809514344368,8.700000000000001,29
52,no_rto,3.371465516697981,13.874653401691262,1445.006214567209,8.700000000000001,29
52,no_uncertainty,1.1515260294964946,16.09459288889275,1821.1263129233612,8.700000000000001,29
52,no_graph,1.7103418965277228,15.53577702186152,1771.7684129938843,8.700000000000001,29
52,conditional_rto,3.371465516697981,13.874653401691262,1445.006214567209,8.700000000000001,29
52,minmax_norm,1.0024664241570633,16.24365249423218,1907.4888276557922,8.700000000000001,29
52,voi_uncalibrated,2.5653209624959175,14.680797955893325,1577.0891870315427,8.700000000000001,29
52,threshold_no_voi,4.313911707641381,12.932207210747862,1466.9031755276283,11.399999999999999,19
53,full_uncalibrated,1.213339518265542,16.072656472765033,1765.6623187050627,8.700000000000001,29
53,full_recalibrated,1.4439378724518974,15.842058118578677,1783.3273984852494,8.700000000000001,29
53,full_true_probability,0.5841846893079321,16.701811301722643,1868.3475647983942,8.700000000000001,29
53,no_rto,3.4365125469127804,13.849483444117794,1414.0747799095916,8.700000000000001,29
53,no_uncertainty,1.0956427144620022,16.190353276568572,1787.4606069552246,8.700000000000001,29
53,no_graph,1.2931370765119823,15.992858914518592,1743.819236331412,8.700000000000001,29
53,conditional_rto,2.8328025509433985,14.453193440087176,1536.5690255076152,8.700000000000001,29
53,minmax_norm,0.9818182109395082,16.304177780091067,1856.2263209624125,8.700000000000001,29
53,voi_uncalibrated,2.1560209911997674,15.129974999830807,1612.148851756936,8.45,29
53,threshold_no_voi,3.595557646156607,13.690438344873968,1532.532666123454,11.399999999999999,19
54,full_uncalibrated,1.8943534934919626,15.43938256243078,1654.0190995485773,8.700000000000001,29
54,full_recalibrated,2.222972063370662,15.11076399255208,1648.0006196170434,8.700000000000001,29
54,full_true_probability,0.6270807897942063,16.706655266128536,1879.6818622777464,8.700000000000001,29
54,no_rto,2.0668931706664466,15.266842885256295,1555.9221997608583,8.700000000000001,29
54,no_uncertainty,1.7577580023350379,15.575978053587704,1706.785317630638,8.700000000000001,29
54,no_graph,1.3310008681680756,16.002735187754666,1732.5738216278296,8.700000000000001,29
54,conditional_rto,1.8661243061647497,15.467611749757992,1632.096039949016,8.700000000000001,29
54,minmax_norm,1.3499231149860975,15.983812940936645,1821.9377716761992,8.700000000000001,29
54,voi_uncalibrated,1.8794880025483849,15.454248053374357,1640.0500514628238,8.450000000000001,29
54,threshold_no_voi,4.0028449702159605,13.330891085706781,1437.5977614349795,11.399999999999999,19
55,full_uncalibrated,2.5124637143083532,14.847203177253675,1667.7050253681955,8.700000000000001,29
55,full_recalibrated,1.8901643315862486,15.46950255997578,1700.4880747026582,8.700000000000001,29
55,full_true_probability,0.7628480339176349,16.596818857644394,1893.2124973050977,8.700000000000001,29
55,no_rto,4.016860388783783,13.342806502778245,1414.4904503868474,8.700000000000001,29
55,no_uncertainty,1.8403431900621285,15.5193237014999,1787.8647083091073,8.700000000000001,29
55,no_graph,1.9706559357195488,15.38901095584248,1745.5602204147217,8.700000000000001,29
55,conditional_rto,3.9700211211749092,13.38964577038712,1437.0112487787992,8.700000000000001,29
55,minmax_norm,1.927250123783665,15.432416767778363,1819.1313663790788,8.700000000000001,29
55,voi_uncalibrated,3.2567520058169634,14.102914885745065,1497.8723461410045,8.45,29
55,threshold_no_voi,4.734084175784972,12.625582715777057,1448.373446536103,11.399999999999999,19
56,full_uncalibrated,1.3312674200332708,15.864747481489047,1722.948761597443,8.700000000000001,29
56,full_recalibrated,0.7902609088600911,16.405753992662227,1761.122081650923,8.700000000000001,29
56,full_true_probability,0.5400256123358247,16.655989289186493,1847.1523336618848,8.700000000000001,29
56,no_rto,2.5800097861565234,14.616005115365795,1512.560721321086,8.700000000000001,29
56,no_uncertainty,1.0906149739842306,16.105399927538087,1743.526370276786,8.700000000000001,29
56,no_graph,1.0780263548871858,16.117988546635132,1748.8187362797216,8.700000000000001,29
56,conditional_rto,2.2657319850936233,14.930282916428695,1582.572949128964,8.700000000000001,29
56,minmax_norm,1.580754225701412,15.615260675820906,1781.6972759277141,8.700000000000001,29
56,voi_uncalibrated,1.9584046274302978,15.23761027409202,1631.8806977617387,8.45,29
56,threshold_no_voi,3.7062739858972407,13.489740915625077,1480.2107530749345,11.399999999999999,19
57,full_uncalibrated,2.7048375322183347,14.487267706985051,1552.2924320482052,8.700000000000001,29
57,full_recalibrated,2.7160357830830435,14.476069456120342,1565.1761074539772,8.700000000000001,29
57,full_true_probability,0.5074982130976764,16.68460702610571,1874.6512447558034,8.700000000000001,29
57,no_rto,3.760786543344267,13.431318695859119,1354.8209655530463,8.700000000000001,29
57,no_uncertainty,2.2094229082739503,14.982682330929435,1661.9881758486554,8.700000000000001,29
57,no_graph,2.5588430489292193,14.633262190274166,1583.547288785816,8.700000000000001,29
57,conditional_rto,3.3181593940112464,13.87394584519214,1406.7029797156574,8.700000000000001,29
57,minmax_norm,2.38739783666432,14.804707402539066,1672.252112947257,8.700000000000001,29
57,voi_uncalibrated,4.901453108992882,12.290652130210503,1255.7398612818088,7.499999999999999,25
57,threshold_no_voi,4.599917598426032,12.592187640777354,1380.1081174445535,11.100000000000001,20
58,full_uncalibrated,3.106670200072074,14.151949627283017,1563.7333308609814,8.700000000000001,29
58,full_recalibrated,3.4067947479147733,13.851825079440317,1532.1386942783283,8.700000000000001,29
58,full_true_probability,0.9036107291932751,16.355009098161815,1828.0504621791224,8.700000000000001,29
58,no_rto,5.462928344522794,11.795691482832297,1274.7346844105778,8.700000000000001,29
58,no_uncertainty,2.019730877840942,15.238888949514148,1730.1053315709632,8.700000000000001,29
58,no_graph,2.3444681757995625,14.914151651555528,1690.2596942122873,8.700000000000001,29
58,conditional_rto,4.581612731917261,12.67700709543783,1373.0613949023755,8.700000000000001,29
58,minmax_norm,1.9556063147493603,15.30301351260573,1826.6460745987424,8.700000000000001,29
58,voi_uncalibrated,5.27640082000525,11.98221900734984,1305.7261254206496,7.199999999999999,24
58,threshold_no_voi,6.024202329211221,11.23441749814387,1285.670004957663,11.399999999999999,19
59,full_uncalibrated,3.0121684883006594,14.258800047975,1666.2625427650164,8.700000000000001,29
59,full_recalibrated,2.6908104223933265,14.580158113882334,1696.7283226390246,8.700000000000001,29
59,full_true_probability,0.7006812451325004,16.57028729114316,2001.745838330753,8.700000000000001,29
59,no_rto,4.631292487336225,12.639676048939435,1370.5186575176158,8.700000000000001,29
59,no_uncertainty,2.3156147924077572,14.955353743867903,1772.425810601755,8.700000000000001,29
59,no_graph,2.262383616164925,15.008584920110735,1733.4445100661796,8.700000000000001,29
59,conditional_rto,3.210115529272599,14.060853007003061,1573.560538176138,8.700000000000001,29
59,minmax_norm,2.3110832420927068,14.959885294182953,1840.4857717993946,8.700000000000001,29
59,voi_uncalibrated,2.287352622798494,14.983615913477166,1705.1320649053523,8.700000000000001,29
59,threshold_no_voi,5.064184158018747,12.206784378256913,1384.1590249542623,11.399999999999999,19
60,full_uncalibrated,2.230549771723531,15.077861504605949,1620.3646479075924,8.700000000000001,29
60,full_recalibrated,1.6765075846307695,15.63190369169871,1699.5812010553,8.700000000000001,29
60,full_true_probability,0.9407364771455491,16.36767479918393,1840.8999118421507,8.700000000000001,29
60,no_rto,2.4886940195887064,14.819717256740773,1552.0295588985246,8.700000000000001,29
60,no_uncertainty,1.284160785241113,16.024250491088367,1748.6142204670377,8.700000000000001,29
60,no_graph,1.4837590851373932,15.824652191192087,1756.3838965839823,8.700000000000001,29
60,conditional_rto,2.341795440921288,14.966615835408192,1584.4042053636567,8.700000000000001,29
60,minmax_norm,1.7529822170386922,15.555429059290788,1814.9086838078983,8.700000000000001,29
60,voi_uncalibrated,2.364814017750234,14.943597258579246,1609.5924221715395,8.45,29
60,threshold_no_voi,3.929889503646791,13.378521772682689,1478.1003042071388,11.399999999999999,19
61,full_uncalibrated,1.7003704108757347,15.729099409437765,1778.3730333713775,8.700000000000001,29
61,full_recalibrated,1.612914191720165,15.816555628593335,1804.4189707103433,8.700000000000001,29
61,full_true_probability,0.6928445373587522,16.736625282954748,1967.05608729885,8.700000000000001,29
61,no_rto,2.931731616651547,14.497738203661953,1573.7260117987535,8.700000000000001,29
61,no_uncertainty,1.2401038019949624,16.189366018318537,1876.46857272735,8.700000000000001,29
61,no_graph,1.2614142119739142,16.168055608339586,1815.1858821857677,8.700000000000001,29
61,conditional_rto,2.802983717738215,14.626486102575285,1593.5527374963585,8.700000000000001,29
61,minmax_norm,1.8352014590257397,15.59426836128776,1926.8989459610166,8.700000000000001,29
61,voi_uncalibrated,1.358723082934489,16.07074673737901,1789.2377010063665,8.700000000000001,29
61,threshold_no_voi,4.0365098854526025,13.392959934860897,1529.2609874307218,11.399999999999999,19
62,full_uncalibrated,3.1076109106962235,14.29128030237996,1662.9897600564873,8.700000000000001,29
62,full_recalibrated,2.142195514594505,15.256695698481678,1829.9973925192735,8.700000000000001,29
62,full_true_probability,0.8314852776877615,16.56740593538842,2059.6693705002217,8.700000000000001,29
62,no_rto,4.624049443053565,12.774841770022618,1443.5030960169825,8.700000000000001,29
62,no_uncertainty,1.7108797083446916,15.688011504731492,1857.2444663027236,8.700000000000001,29
62,no_graph,1.7510491541246438,15.64784205895154,1883.029876284636,8.700000000000001,29
62,conditional_rto,4.497917961929545,12.900973251146638,1474.4546081135413,8.700000000000001,29
62,minmax_norm,1.5832798285603928,15.81561138451579,1973.790576179892,8.700000000000001,29
62,voi_uncalibrated,5.835136430480958,11.563754782595225,1298.600150435468,6.899999999999999,23
62,threshold_no_voi,5.535525271447739,11.863365941628444,1369.7851528386163,11.399999999999999,19
63,full_uncalibrated,2.804403435122424,14.589390359566806,1665.3115462952283,8.700000000000001,29
63,full_recalibrated,3.1134093307910007,14.28038446389823,1630.921705870349,8.700000000000001,29
63,full_true_probability,0.991252439948795,16.402541354740436,1965.1320727661368,8.700000000000001,29
63,no_rto,3.4323900602653623,13.961403734423868,1529.0327804925546,8.700000000000001,29
63,no_uncertainty,2.0789141630094434,15.314879631679787,1745.2011152244158,8.700000000000001,29
63,no_graph,2.099664548629761,15.29412924605947,1733.0436324026978,8.700000000000001,29
63,conditional_rto,3.345406196104193,14.048387598585037,1552.1952287437962,8.700000000000001,29
63,minmax_norm,2.176698841483045,15.217094953206185,1854.8695249405264,8.700000000000001,29
63,voi_uncalibrated,3.2888379811836614,14.104955813505569,1579.6431687450404,8.45,29
63,threshold_no_voi,4.839037135813413,12.554756658875817,1492.6750364434702,11.399999999999999,19
64,full_uncalibrated,3.0461200412627534,14.40841557419273,1615.3411446643477,8.700000000000001,29
64,full_recalibrated,2.9802253684882487,14.474310246967235,1633.538517619083,8.700000000000001,29
64,full_true_probability,0.6759456353042879,16.778589980151196,1967.332046722022,8.700000000000001,29
64,no_rto,3.4939867845024537,13.96054883095303,1478.396851485617,8.700000000000001,29
64,no_uncertainty,1.4437258266606818,16.010809788794802,1818.654417694268,8.700000000000001,29
64,no_graph,1.3485503767978457,16.105985238657638,1857.8817152248612,8.700000000000001,29
64,conditional_rto,3.6286341430958373,13.825901472359647,1485.385721111783,8.700000000000001,29
64,minmax_norm,2.4157598411697165,15.038775774285767,1855.3171860347466,8.700000000000001,29
64,voi_uncalibrated,2.6263466015266204,14.828189013928863,1633.2036291626755,8.700000000000001,29
64,threshold_no_voi,4.04281271407541,13.411722901380074,1505.1510928510615,11.399999999999999,19
65,full_uncalibrated,0.9838014882415393,16.306974695971263,1852.8090086212815,8.700000000000001,29
65,full_recalibrated,0.6521003331394013,16.6386758510734,1882.2907795260508,8.700000000000001,29
65,full_true_probability,0.43296914146924337,16.85780704274356,1897.3954111096427,8.700000000000001,29
65,no_rto,2.442867692410033,14.84790849180277,1632.7830961743348,8.700000000000001,29
65,no_uncertainty,0.870929151165484,16.41984703304732,1867.3397288922279,8.700000000000001,29
65,no_graph,0.7783649688018954,16.512411215410907,1887.349377499093,8.700000000000001,29
65,conditional_rto,1.8337490962675531,15.45702708794525,1713.4154681323234,8.700000000000001,29
65,minmax_norm,0.853973640922078,16.436802543290725,1939.4023722701277,8.700000000000001,29
65,voi_uncalibrated,1.2573148007714394,16.033461383441363,1803.0642982442587,8.700000000000001,29
65,threshold_no_voi,3.749069484751658,13.541706699461145,1555.6818778229863,11.399999999999999,19
66,full_uncalibrated,2.3959667251140218,14.888799427727463,1697.5912910630486,8.700000000000001,29
66,full_recalibrated,2.235283147518743,15.049483005322742,1732.2379543587595,8.700000000000001,29
66,full_true_probability,0.5972116533868643,16.68755449945462,1924.6756327767216,8.700000000000001,29
66,no_rto,3.619043731195063,13.665722421646421,1420.126847911466,8.700000000000001,29
66,no_uncertainty,1.5685400738753117,15.716226078966173,1802.4270118047098,8.700000000000001,29
66,no_graph,1.916965885725574,15.36780026711591,1761.039285854733,8.700000000000001,29
66,conditional_rto,3.8155286365293364,13.469237516312148,1380.1951636384038,8.700000000000001,29
66,minmax_norm,1.9281894113299813,15.356576741511503,1815.2222277029632,8.700000000000001,29
66,voi_uncalibrated,3.172550913143283,14.112215239698202,1441.0701438662509,8.700000000000001,29
66,threshold_no_voi,4.461211897634485,12.823554255207,1506.3417657848695,11.399999999999999,19
67,full_uncalibrated,1.9698032662381308,15.45205269971035,1666.4312669406263,8.700000000000001,29
67,full_recalibrated,1.2591869582513766,16.162669007697104,1733.2809506116537,8.700000000000001,29
67,full_true_probability,0.5739232247837549,16.847932741164726,1836.1401666044803,8.700000000000001,29
67,no_rto,2.885735566684758,14.536120399263723,1489.0113615787868,8.700000000000001,29
67,no_uncertainty,1.2600202881301925,16.16183567781829,1735.2741876562613,8.700000000000001,29
67,no_graph,1.2785679970995432,16.143287968848938,1721.9119861732652,8.700000000000001,29
67,conditional_rto,2.983410795298255,14.438445170650226,1503.307568438453,8.700000000000001,29
67,minmax_norm,1.989721676441377,15.432134289507104,1780.6591669517893,8.700000000000001,29
67,voi_uncalibrated,1.6884878078139138,15.733368158134567,1667.1797874364274,8.700000000000001,29
67,threshold_no_voi,4.2521052760636735,13.169750689884808,1450.6045244261622,11.399999999999999,19
68,full_uncalibrated,3.3271066825605544,14.319917285250483,1558.2588670155747,8.700000000000001,29
68,full_recalibrated,3.9401043251206715,13.706919642690366,1505.9013897232871,8.700000000000001,29
68,full_true_probability,0.7651300839320356,16.881893883879002,1913.8261422214673,8.700000000000001,29
68,no_rto,3.9450002289408133,13.702023738870224,1404.7545188497152,8.700000000000001,29
68,no_uncertainty,3.0925484334202906,14.554475534390747,1614.311164879633,8.700000000000001,29
68,no_graph,2.5281836565672506,15.118840311243787,1665.2769297777704,8.700000000000001,29
68,conditional_rto,3.866863391028346,13.780160576782691,1449.4301280095606,8.700000000000001,29
68,minmax_norm,2.0704323575738783,15.576591610237159,1809.2258516793809,8.700000000000001,29
68,voi_uncalibrated,3.3308327573165,14.316191210494537,1532.5110164098787,8.700000000000001,29
68,threshold_no_voi,5.603910045629391,12.043113922181647,1365.5592324007757,11.399999999999999,19
69,full_uncalibrated,2.429078392686762,15.07008708881932,1750.1021452465866,8.700000000000001,29
69,full_recalibrated,1.8134277308023172,15.685737750703765,1809.3568348045337,8.700000000000001,29
69,full_true_probability,0.8859316987418708,16.613233782764212,1935.1445550660465,8.700000000000001,29
69,no_rto,3.612529322532083,13.886636158974,1578.4478028802332,8.700000000000001,29
69,no_uncertainty,1.9938614549814986,15.505304026524584,1796.7915595203121,8.700000000000001,29
69,no_graph,1.6694752575238851,15.829690223982197,1849.3825650706458,8.700000000000001,29
69,conditional_rto,2.7885780078717914,14.710587473634291,1672.4328122160914,8.700000000000001,29
69,minmax_norm,1.7990643784956148,15.700101103010468,1896.978748386322,8.700000000000001,29
69,voi_uncalibrated,2.062496006510486,15.436669474995597,1753.178845624101,8.700000000000001,29
69,threshold_no_voi,4.766021940756588,12.733143540749495,1535.0599948494637,11.399999999999999,19
70,full_uncalibrated,2.13430615684058,15.047018112009425,1635.704470638444,8.700000000000001,29
70,full_recalibrated,1.5318750329055888,15.649449235944417,1747.8911018737053,8.700000000000001,29
70,full_true_probability,0.43893038207710333,16.742393886772902,1899.654346550249,8.700000000000001,29
70,no_rto,3.7550666964255583,13.426257572424447,1358.2668554472493,8.700000000000001,29
70,no_uncertainty,1.925213812714361,15.256110456135644,1683.4264970532204,8.700000000000001,29
70,no_graph,1.7024011465149442,15.478923122335061,1724.2344812809279,8.700000000000001,29
70,conditional_rto,2.4471676571673697,14.734156611682636,1529.7866916367511,8.700000000000001,29
70,minmax_norm,1.71484784359086,15.466476425259145,1787.74822002168,8.700000000000001,29
70,voi_uncalibrated,2.4617026430845215,14.719621625765484,1530.2148942241893,8.700000000000001,29
70,threshold_no_voi,4.771439695569711,12.409884573280294,1370.5507710278507,11.399999999999999,19
71,full_uncalibrated,3.072769549690264,13.921883280761904,1494.5074743631958,8.700000000000001,29
71,full_recalibrated,2.4951376371272715,14.499515193324896,1570.9993082396068,8.700000000000001,29
71,full_true_probability,0.5224509341138344,16.472201896338333,1803.792974763357,8.700000000000001,29
71,no_rto,4.396763300678884,12.597889529773283,1270.3533382997484,8.700000000000001,29
71,no_uncertainty,2.65076217838228,14.343890652069888,1561.0366012891664,8.700000000000001,29
71,no_graph,1.883918140392069,15.110734690060099,1655.8847363936038,8.700000000000001,29
71,conditional_rto,4.313782513510915,12.680870316941252,1302.5906437309532,8.700000000000001,29
71,minmax_norm,1.8167990913905498,15.177853739061618,1745.7327297865559,8.700000000000001,29
71,voi_uncalibrated,3.840592219186533,13.154060611265635,1311.163793136977,8.45,29
71,threshold_no_voi,5.3824046486523685,11.6122481817998,1252.1444796115593,11.399999999999999,19
72,full_uncalibrated,1.8619027280531952,15.618587037713922,1732.9005287772416,8.700000000000001,29
72,full_recalibrated,2.0133215412613765,15.467168224505741,1765.6734143588037,8.700000000000001,29
72,full_true_probability,1.0158211904535506,16.464668575313567,1930.54406163342,8.700000000000001,29
72,no_rto,2.583635672780815,14.896854092986302,1594.496314416585,8.700000000000001,29
72,no_uncertainty,1.5760796103493249,15.904410155417793,1822.9946654828345,8.700000000000001,29
72,no_graph,2.094155623653961,15.386334142113157,1747.864026509109,8.700000000000001,29
72,conditional_rto,2.558045455846866,14.922444309920252,1632.5589023760258,8.700000000000001,29
72,minmax_norm,1.2717529250798236,16.208736840687294,1987.5478799063749,8.700000000000001,29
72,voi_uncalibrated,4.38108026998151,13.099409495785608,1413.128251626189,7.499999999999999,25
72,threshold_no_voi,3.8937874535065475,13.58670231226057,1553.9659817562824,11.399999999999999,19
73,full_uncalibrated,2.438502786966751,15.057765012171217,1713.9784617117548,8.700000000000001,29
73,full_recalibrated,2.2176950605584693,15.278572738579498,1765.866494120677,8.700000000000001,29
73,full_true_probability,0.984441958585279,16.51182584055269,1941.0344850227593,8.700000000000001,29
73,no_rto,4.3009498193507625,13.195317979787205,1412.9599314818406,8.700000000000001,29
73,no_uncertainty,2.6389802146443344,14.857287584493633,1721.0572545159084,8.700000000000001,29
73,no_graph,1.7637374065132292,15.732530392624739,1800.0536861508408,8.700000000000001,29
73,conditional_rto,3.260529817179645,14.235737981958323,1545.1591762147564,8.700000000000001,29
73,minmax_norm,2.190900151957436,15.305367647180532,1816.5510602036193,8.700000000000001,29
73,voi_uncalibrated,5.799475100731797,11.69679269840617,1241.1349212996502,6.899999999999999,23
73,threshold_no_voi,4.82414678866661,12.672121010471358,1464.250872878869,11.399999999999999,19
74,full_uncalibrated,1.5818183313885754,15.872571078921538,1772.9074118587741,8.700000000000001,29
74,full_recalibrated,1.7464094969847395,15.707979913325374,1795.9089862641558,8.700000000000001,29
74,full_true_probability,0.5889059045302361,16.865483505779878,1909.4436132143983,8.700000000000001,29
74,no_rto,2.5708503498822495,14.883539060427864,1626.9679893799039,8.700000000000001,29
74,no_uncertainty,1.4104549096973926,16.04393450061272,1830.2877712767076,8.700000000000001,29
74,no_graph,1.4704260475436115,15.983963362766502,1810.8777506582956,8.700000000000001,29
74,conditional_rto,2.3059151711154584,15.148474239194655,1660.3967291691952,8.700000000000001,29
74,minmax_norm,1.0892149338968125,16.3651744764133,1910.2894055893594,8.700000000000001,29
74,voi_uncalibrated,1.7652989489997424,15.689090461310371,1750.6855770577185,8.45,29
74,threshold_no_voi,3.56771417107862,13.886675239231494,1623.2136011105886,11.399999999999999,19
75,full_uncalibrated,2.6076705526417356,14.945272391637332,1699.0903296432516,8.700000000000001,29
75,full_recalibrated,2.2141869674824193,15.338755976796648,1776.7672561789732,8.700000000000001,29
75,full_true_probability,0.8148545894421488,16.73808835483692,1999.874177448066,8.700000000000001,29
75,no_rto,3.393052459719371,14.159890484559696,1553.0498159648196,8.700000000000001,29
75,no_uncertainty,2.367245523107698,15.18569742117137,1722.9778261372667,8.700000000000001,29
75,no_graph,1.9931926009570873,15.55975034332198,1765.6859765608424,8.700000000000001,29
75,conditional_rto,3.3415464178351897,14.211396526443878,1561.7200875943308,8.700000000000001,29
75,minmax_norm,2.553628565092282,14.999314379186785,1793.3107626081728,8.700000000000001,29
75,voi_uncalibrated,2.6216104064835406,14.931332537795527,1645.3999920588285,8.700000000000001,29
75,threshold_no_voi,4.615831052269272,12.937111892009796,1521.9365689119259,11.399999999999999,19
76,full_uncalibrated,2.0870033692289667,15.390695727915556,1669.7222496767754,8.700000000000001,29
76,full_recalibrated,2.7291958349532024,14.74850326219132,1645.699010319935,8.700000000000001,29
76,full_true_probability,0.7499826291690113,16.72771646797551,1882.3567017447785,8.700000000000001,29
76,no_rto,3.2490072643647068,14.228691832779816,1471.0390296913156,8.700000000000001,29
76,no_uncertainty,1.778741972883438,15.698957124261085,1766.0976811015971,8.700000000000001,29
76,no_graph,1.8809493364059904,15.596749760738533,1751.616815912781,8.700000000000001,29
76,conditional_rto,2.9379098542403312,14.539789242904192,1505.70709241666,8.700000000000001,29
76,minmax_norm,1.8074676711408983,15.670231426003625,1838.9542306512376,8.700000000000001,29
76,voi_uncalibrated,1.793513886486437,15.684185210658086,1659.7973237484293,8.700000000000001,29
76,threshold_no_voi,4.571959904633928,12.905739192510595,1459.1830217489733,11.399999999999999,19
77,full_uncalibrated,2.0623608241937745,15.496305920598502,1782.3589593582547,8.700000000000001,29
77,full_recalibrated,2.6130277925078076,14.945638952284469,1777.5605891433006,8.700000000000001,29
77,full_true_probability,0.7427436579877167,16.81592308680456,1996.0111075144268,8.700000000000001,29
77,no_rto,2.2432277345503167,15.31543901024196,1705.2266041513067,8.700000000000001,29
77,no_uncertainty,2.045392984719939,15.513273760072337,1817.1170090777778,8.700000000000001,29
77,no_graph,1.727506320010292,15.831160424781984,1875.3004269916673,8.700000000000001,29
77,conditional_rto,2.2007490192146975,15.357917725577579,1741.9498582891938,8.700000000000001,29
77,minmax_norm,1.471467311948544,16.087199432843732,2026.720517316564,8.700000000000001,29
77,voi_uncalibrated,1.9735589696887246,15.585107775103552,1833.253757872877,8.700000000000001,29
77,threshold_no_voi,4.115417963984356,13.44324878080792,1592.8035239700948,11.399999999999999,19
78,full_uncalibrated,1.5351143539566294,15.596656887362542,1788.6331559129976,8.700000000000001,29
78,full_recalibrated,1.5067217900635796,15.625049451255592,1801.4057481609998,8.700000000000001,29
78,full_true_probability,0.5703338295728884,16.561437411746283,1876.897307187346,8.700000000000001,29
78,no_rto,3.362834257472713,13.768936983846459,1502.9367575770557,8.700000000000001,29
78,no_uncertainty,1.7816853446636856,15.350085896655486,1777.1784117098705,8.700000000000001,29
78,no_graph,1.3215632719083885,15.810207969410783,1837.8944071653168,8.700000000000001,29
78,conditional_rto,2.7827043113344416,14.34906692998473,1631.2396489418243,8.700000000000001,29
78,minmax_norm,1.2648712112333556,15.866900030085816,1860.6700679882815,8.700000000000001,29
78,voi_uncalibrated,4.821020379361045,12.310750861958127,1364.5582718315381,7.199999999999999,24
78,threshold_no_voi,4.0593264176148125,13.072444823704359,1571.9854922042541,11.399999999999999,19
79,full_uncalibrated,2.042369526728862,15.41962371743557,1686.0761557474034,8.700000000000001,29
79,full_recalibrated,1.3882708387099,16.073722405454532,1813.7958473235994,8.700000000000001,29
79,full_true_probability,0.35832906702094647,17.103664177143486,1923.2191614163312,8.700000000000001,29
79,no_rto,2.729091544430247,14.732901699734185,1555.236759411604,8.700000000000001,29
79,no_uncertainty,1.0929084975614956,16.369084746602937,1809.2117688776252,8.700000000000001,29
79,no_graph,1.7424673895819751,15.719525854582457,1750.1062944057594,8.700000000000001,29
79,conditional_rto,2.854549424055989,14.607443820108443,1571.1877320773674,8.700000000000001,29
79,minmax_norm,1.7062018303407172,15.755791413823715,1852.1975140750637,8.700000000000001,29
79,voi_uncalibrated,1.9194426001196518,15.54255064404478,1697.4297778807704,8.700000000000001,29
79,threshold_no_voi,3.8174622989845375,13.644530945179895,1525.5250585063386,11.399999999999999,19
80,full_uncalibrated,1.441487183966217,15.571867051695051,1689.9213023111479,8.700000000000001,29
80,full_recalibrated,2.0427037385695144,14.970650497091754,1578.9084973806494,8.700000000000001,29
80,full_true_probability,0.40766554429063717,16.60568869137063,1817.0802522486938,8.700000000000001,29
80,no_rto,4.620643771639095,12.392710464022173,1282.2471123923515,8.700000000000001,29
80,no_uncertainty,1.8360868602590017,15.177267375402266,1662.8242557485592,8.700000000000001,29
80,no_graph,1.4467860618946418,15.566568173766626,1685.306723871381,8.700000000000001,29
80,conditional_rto,3.3858351540796434,13.627519081581625,1403.8377029752664,8.700000000000001,29
80,minmax_norm,1.8026415688610484,15.21071266680022,1729.8404737815072,8.700000000000001,29
80,voi_uncalibrated,2.70028039354537,14.313073842115898,1460.8602845301139,8.700000000000001,29
80,threshold_no_voi,4.635423984171723,12.377930251489545,1349.652717831439,11.1,19
81,full_uncalibrated,2.3987185345549165,14.810726789925525,1676.7776678511545,8.700000000000001,29
81,full_recalibrated,1.9574347140932389,15.252010610387202,1758.4613622696343,8.700000000000001,29
81,full_true_probability,1.0357900710246213,16.17365525345582,1914.5198089828828,8.700000000000001,29
81,no_rto,4.064312853301516,13.145132471178925,1422.1910415439706,8.700000000000001,29
81,no_uncertainty,1.987571511411744,15.221873813068697,1763.9876410520337,8.700000000000001,29
81,no_graph,2.328639652531109,14.880805671949332,1700.3688327769778,8.700000000000001,29
81,conditional_rto,2.96196588704305,14.247479437437391,1571.9204434806488,8.700000000000001,29
81,minmax_norm,2.418094221918949,14.791351102561492,1785.4187920522418,8.700000000000001,29
81,voi_uncalibrated,3.634791166068709,13.574654158411732,1449.544089268462,8.5,30
81,threshold_no_voi,4.431477042642541,12.7779682818379,1513.8108813461022,11.399999999999999,19
82,full_uncalibrated,2.6003595457502513,14.72534878115161,1634.3586237226446,8.700000000000001,29
82,full_recalibrated,2.4045740049296,14.92113432197226,1658.4906588297563,8.700000000000001,29
82,full_true_probability,0.7335159325263589,16.592192394375502,1919.1019109847039,8.700000000000001,29
82,no_rto,3.282060406435562,14.043647920466299,1488.4126975728068,8.700000000000001,29
82,no_uncertainty,1.6959844941774804,15.62972383272438,1805.5281562969867,8.700000000000001,29
82,no_graph,2.132329041561917,15.193379285339944,1746.821267787749,8.700000000000001,29
82,conditional_rto,3.3202538747647736,14.005454452137087,1513.1314564979511,8.700000000000001,29
82,minmax_norm,1.4795780118711264,15.846130315030734,1905.5308057845104,8.700000000000001,29
82,voi_uncalibrated,2.9072055788032287,14.418502748098632,1568.4685207301136,8.45,29
82,threshold_no_voi,4.15677026011582,13.16893806678604,1506.1002588577066,11.399999999999999,19
83,full_uncalibrated,2.162127194075282,15.259105286138492,1759.3120523230573,8.700000000000001,29
83,full_recalibrated,2.4226540373261685,14.998578442887606,1740.3073402515183,8.700000000000001,29
83,full_true_probability,0.7901664774955179,16.631066002718256,1926.3802873440309,8.700000000000001,29
83,no_rto,3.515464594562644,13.90576788565113,1513.0060686512152,8.700000000000001,29
83,no_uncertainty,1.5361661987500668,15.885066281463708,1842.6664088611687,8.700000000000001,29
83,no_graph,1.510412069713368,15.910820410500406,1853.3122999133175,8.700000000000001,29
83,conditional_rto,3.0731715218437046,14.34806095837007,1562.9314910450848,8.700000000000001,29
83,minmax_norm,1.6030342089350995,15.818198271278675,1910.5921770145032,8.700000000000001,29
83,voi_uncalibrated,3.769012647061828,13.652219833151946,1505.4831180758702,8.1,27
83,threshold_no_voi,4.114799044879021,13.306433435334753,1563.8368587835503,11.399999999999999,19
84,full_uncalibrated,1.7473173253351888,15.600475465866793,1649.1073925772798,8.700000000000001,29
84,full_recalibrated,2.1674998120093107,15.180292979192672,1612.6366605891671,8.700000000000001,29
84,full_true_probability,0.5907705299831036,16.75702226121888,1813.0439474158866,8.700000000000001,29
84,no_rto,2.9525338056693045,14.395258985532678,1481.2714025869573,8.700000000000001,29
84,no_uncertainty,1.6689682717054097,15.678824519496573,1701.902321572641,8.700000000000001,29
84,no_graph,1.6592244456654726,15.68856834553651,1673.920333025173,8.700000000000001,29
84,conditional_rto,2.0478924842167885,15.299900306985194,1575.5644665063392,8.700000000000001,29
84,minmax_norm,1.646512885449681,15.701279905752301,1735.4864868087934,8.700000000000001,29
84,voi_uncalibrated,2.8496296212821903,14.498163169919792,1516.1461284971665,8.45,29
84,threshold_no_voi,3.5885587694815513,13.759234021720431,1489.3064133933658,11.399999999999999,19
85,full_uncalibrated,1.770963141595871,15.633392660251332,1720.0177468600414,8.700000000000001,29
85,full_recalibrated,1.5386214306648753,15.865734371182327,1804.1052128711435,8.700000000000001,29
85,full_true_probability,0.5613718063077044,16.842983995539498,2014.2500084695967,8.700000000000001,29
85,no_rto,3.5757112180883155,13.828644583758887,1417.4240564580705,8.700000000000001,29
85,no_uncertainty,1.4576733605455274,15.946682441301675,1816.4847355285565,8.700000000000001,29
85,no_graph,1.5912026830222317,15.813153118824971,1727.7633640684708,8.700000000000001,29
85,conditional_rto,3.242953960601426,14.161401841245777,1485.2021266265892,8.700000000000001,29
85,minmax_norm,1.4696965917730722,15.93465921007413,1903.8965304117446,8.700000000000001,29
85,voi_uncalibrated,2.005316446807285,15.399039355039918,1624.4398441365938,8.700000000000001,29
85,threshold_no_voi,3.9725530853344253,13.431802716512777,1488.6936306768985,11.399999999999999,19
86,full_uncalibrated,2.25372196201576,15.40195282458535,1824.040178386189,8.700000000000001,29
86,full_recalibrated,1.4963603332874982,16.159314453313613,1886.3238227066959,8.700000000000001,29
86,full_true_probability,1.0733657766067495,16.58230900999436,1958.5232571086126,8.700000000000001,29
86,no_rto,3.2691424970555545,14.386532289545556,1644.1284296310405,8.700000000000001,29
86,no_uncertainty,1.9585469796952566,15.697127806905854,1835.2558043719837,8.700000000000001,29
86,no_graph,1.7111425547284682,15.944532231872643,1889.5145469927938,8.700000000000001,29
86,conditional_rto,3.4477524393058445,14.207922347295266,1661.0527336942632,8.700000000000001,29
86,minmax_norm,1.7554688811528365,15.900205905448274,1928.8291461003882,8.700000000000001,29
86,voi_uncalibrated,2.641498043836549,15.014176742764562,1697.645461950311,8.45,29
86,threshold_no_voi,4.7184071510604895,12.937267635540621,1572.950293818214,11.399999999999999,19
87,full_uncalibrated,1.7485050830218825,15.443288662674718,1752.3542623424219,8.700000000000001,29
87,full_recalibrated,1.9958820007405507,15.19591174495605,1715.0423600774047,8.700000000000001,29
87,full_true_probability,0.5343746447548483,16.657419100941752,1913.301962792044,8.700000000000001,29
87,no_rto,4.019426488490893,13.172367257205707,1406.2488092574167,8.700000000000001,29
87,no_uncertainty,1.4759643750109035,15.715829370685697,1804.1863491288386,8.700000000000001,29
87,no_graph,1.7168215013446115,15.474972244351989,1795.9513445734156,8.700000000000001,29
87,conditional_rto,3.407941203140581,13.78385254255602,1492.9083426148864,8.700000000000001,29
87,minmax_norm,1.3441711722751961,15.847622573421404,1913.545658731482,8.700000000000001,29
87,voi_uncalibrated,2.337114308703889,14.854679436992711,1669.163910036863,8.45,29
87,threshold_no_voi,4.431163936178308,12.760629809518292,1477.1777609183482,11.399999999999999,19
88,full_uncalibrated,2.211969732452843,15.01129897756826,1674.333914338713,8.700000000000001,29
88,full_recalibrated,1.4373746318502185,15.785894078170884,1781.6265492712519,8.700000000000001,29
88,full_true_probability,0.6446087962055742,16.578659913815528,1895.868565329034,8.700000000000001,29
88,no_rto,3.8026163745138035,13.420652335507299,1413.0414101198185,8.700000000000001,29
88,no_uncertainty,1.6565166472295516,15.56675206279155,1751.6612176290819,8.700000000000001,29
88,no_graph,1.9121437785312025,15.3111249314899,1713.7743518596035,8.700000000000001,29
88,conditional_rto,4.031198664953223,13.19207004506788,1414.962542384652,8.700000000000001,29
88,minmax_norm,1.767397620170044,15.455871089851058,1830.5152342877118,8.700000000000001,29
88,voi_uncalibrated,2.6614366360581982,14.561832073962904,1574.5092620643154,8.700000000000001,29
88,threshold_no_voi,4.742453515642239,12.480815194378863,1422.3733472192398,11.399999999999999,19
89,full_uncalibrated,2.013138114134108,15.128471777710729,1697.633697765612,8.700000000000001,29
89,full_recalibrated,2.603750835227487,14.53785905661735,1654.2731917233468,8.700000000000001,29
89,full_true_probability,0.5979152796506071,16.54369461219423,1939.9075249099187,8.700000000000001,29
89,no_rto,4.082013258794461,13.059596633050376,1404.6466709915348,8.700000000000001,29
89,no_uncertainty,1.4877743559839303,15.653835535860907,1779.905267880231,8.700000000000001,29
89,no_graph,2.162071556302493,14.979538335542344,1723.4539665318807,8.700000000000001,29
89,conditional_rto,3.1282351675707787,14.013374724274058,1554.0296603671632,8.700000000000001,29
89,minmax_norm,1.386866985474228,15.754742906370609,1902.909007913173,8.700000000000001,29
89,voi_uncalibrated,5.376928062460138,11.764681829384699,1291.0588507063094,7.549999999999999,26
89,threshold_no_voi,4.128636483844332,13.012973408000505,1512.2390650500856,11.399999999999999,19
90,full_uncalibrated,2.1696635909064526,15.376751077827521,1807.1713407397274,8.700000000000001,29
90,full_recalibrated,1.5327032343784595,16.013711434355514,1896.7167466221163,8.700000000000001,29
90,full_true_probability,0.7373065394146181,16.809108129319355,2040.5894505054985,8.700000000000001,29
90,no_rto,3.3974569558341443,14.14895771289983,1595.6988432876387,8.700000000000001,29
90,no_uncertainty,1.9953175080640335,15.55109716066994,1873.651134103955,8.700000000000001,29
90,no_graph,1.8607396480113039,15.68567502072267,1833.838616460729,8.700000000000001,29
90,conditional_rto,3.075274941796664,14.47113972693731,1636.5497198443954,8.700000000000001,29
90,minmax_norm,1.1200392081449309,16.426375460589043,2053.662728818099,8.700000000000001,29
90,voi_uncalibrated,3.153415713534912,14.392998955199062,1653.1480857689094,8.700000000000001,29
90,threshold_no_voi,4.6145521623357695,12.931862506398204,1566.5902775780924,11.399999999999999,19
91,full_uncalibrated,2.081883067603229,15.125339230265979,1636.1385825591806,8.700000000000001,29
91,full_recalibrated,1.1090319470081056,16.098190350861103,1786.0822053999364,8.700000000000001,29
91,full_true_probability,0.5631317175886181,16.64409058028059,1840.0300299259943,8.700000000000001,29
91,no_rto,3.633763133025269,13.573459164843939,1399.8514553263194,8.700000000000001,29
91,no_uncertainty,1.662396648624565,15.544825649244643,1733.014791707723,8.700000000000001,29
91,no_graph,1.7612836541213994,15.445938643747809,1695.6677838491469,8.700000000000001,29
91,conditional_rto,3.3399074620269857,13.867314835842222,1460.970967196954,8.700000000000001,29
91,minmax_norm,1.548279534972636,15.658942762896572,1824.0540964487482,8.700000000000001,29
91,voi_uncalibrated,3.362969081351565,13.844253216517643,1433.0893329463142,8.45,29
91,threshold_no_voi,4.182111153995351,13.025111143873858,1466.3163910582225,11.399999999999999,19
