variant,label,n_seeds,regret_median,regret_ci_low,regret_ci_high,risk_reduction_median,risk_reduction_ci_low,risk_reduction_ci_high,downtime_reduction_median,downtime_reduction_ci_low,downtime_reduction_ci_high,cost_median,cost_ci_low,cost_ci_high,regret_median_effect,regret_effect_ci_low,regret_effect_ci_high,regret_p_value,regret_win_fraction,regret_holm_p
full_uncalibrated,"DSMP direct, uncalibrated (reference)",50,2.190816661679648,2.055465318782177,2.3987185345549165,15.101600367435964,14.958394922842718,15.390695727915556,1675.5557910949337,1661.975461500616,1706.5343956775032,8.700000000000001,8.700000000000001,8.700000000000001,,,,,,
full_recalibrated,"DSMP direct, Platt-recalibrated",50,2.0046017710009636,1.7464094969847395,2.2291276054447025,15.293605079354649,15.049483005322742,15.63190369169871,1736.794145431586,1699.5812010553,1774.2044897329106,8.700000000000001,8.700000000000001,8.700000000000001,-0.2082966336144665,-0.3791119427292876,0.1514188132081813,0.03048635454688231,0.4,0.03048635454688231
full_true_probability,DSMP direct with true $P_f$,50,0.68439508633152,0.5907705299831036,0.7492183202061952,16.65003993473354,16.580484461904945,16.701811301722643,1908.1847282462022,1881.0192820112625,1924.6756327767216,8.700000000000001,8.700000000000001,8.700000000000001,-1.4432089399366532,-1.6840404597079157,-1.359530817630133,1.7763568394002505e-15,0.0,1.5987211554602254e-14
no_rto,No recovery term,50,3.465249665707617,3.356674423652919,3.637462597930721,13.862068422904528,13.665722421646421,14.047139921666457,1474.7179405884663,1420.126847911466,1509.6113502954613,8.700000000000001,8.700000000000001,8.700000000000001,1.2254351855043666,1.0553323180682241,1.3533374004873622,1.7763568394002505e-15,1.0,1.5987211554602254e-14
no_uncertainty,No uncertainty term,50,1.7499423590756038,1.5760796103493249,1.9418803962048088,15.571365058189627,15.486692928083244,15.706478588795775,1772.885684484785,1745.2011152244158,1796.7915595203121,8.700000000000001,8.700000000000001,8.700000000000001,-0.36221840209675804,-0.5404084216867346,-0.2406496033426027,1.2871659293978155e-10,0.08,3.8614977881934465e-10
no_graph,No graph augmentation,50,1.7349868547961336,1.6303224180370826,1.8809864464558164,15.603664011224993,15.462430883041435,15.732530392624739,1748.3413813944153,1732.2406109114017,1765.6859765608424,8.700000000000001,8.700000000000001,8.700000000000001,-0.4694398521150589,-0.605791302102034,-0.3089239428951487,3.6148861681795097e-12,0.08,1.807443084089755e-11
conditional_rto,Conditional recovery,50,3.169175348421689,2.8848033958034702,3.3415741781159496,14.2235672542011,13.996094153319902,14.471305043494858,1546.829951531934,1492.864074734106,1571.9204434806488,8.700000000000001,8.700000000000001,8.700000000000001,0.8171034637700103,0.6961427277936707,1.013607529060124,3.552713678800501e-15,0.98,2.1316282072803006e-14
minmax_norm,Portfolio min--max normalization,50,1.7105248369657886,1.5718500950041516,1.812133381265724,15.646515762594277,15.461173757555102,15.813766923986947,1839.720001225316,1816.5510602036193,1858.448194475347,8.700000000000001,8.700000000000001,8.700000000000001,-0.4561747130334197,-0.5748861989684746,-0.30935312268840676,9.07522945681194e-11,0.14,3.630091782724776e-10
voi_uncalibrated,"DSMP + VoI, uncalibrated",50,2.6514673399473736,2.3122334657511914,3.1733642368065986,14.621315014928115,14.226949625937948,14.977959590257083,1580.6846630230366,1516.1461284971665,1632.2961979809443,8.45,8.45,8.700000000000001,0.41862149271307203,0.2491877638661606,0.772203428762765,1.7496796758109667e-06,0.76,3.4993593516219335e-06
threshold_no_voi,"Threshold-mapped actions, no VoI",50,4.431320489410425,4.128636483844332,4.625627518220497,12.932034858573033,12.747837632839179,13.165851434033849,1479.1555286410367,1454.8937730875678,1506.1002588577066,11.399999999999999,11.399999999999999,11.399999999999999,2.2727167102658683,2.0868683246222304,2.37500656586397,1.7763568394002505e-15,1.0,1.5987211554602254e-14
