fold,seed,model,base_rate_train,event_rate_seed,irreducible_brier,brier,ece,mse_to_p_true,regret,rank_spearman,rank_kendall,rank_top_k_capture
1,42,constant_base_rate_same_seed,0.76,0.71,0.031878763834635414,0.2059,0.0,0.17602279866536458,,,,
1,43,constant_base_rate_same_seed,0.76,0.8,0.030383504231770834,0.16000000000000003,1.1102230246251565e-16,0.1346946207682292,,,,
1,44,constant_base_rate_same_seed,0.76,0.7633333333333333,0.026738128662109374,0.18065555555555557,2.220446049250313e-16,0.15676334703233508,,,,
1,45,constant_base_rate_same_seed,0.76,0.7433333333333333,0.025804494222005207,0.1907888888888889,0.0,0.1599339606391059,,,,
1,46,constant_base_rate_same_seed,0.76,0.7833333333333333,0.018736521402994793,0.16972222222222225,0.0,0.15270488484700523,,,,
1,47,constant_base_rate_same_seed,0.76,0.7133333333333334,0.029244181315104166,0.20448888888888891,0.0,0.1667224853515625,,,,
1,48,constant_base_rate_same_seed,0.76,0.7633333333333333,0.030401051839192707,0.18065555555555557,2.220446049250313e-16,0.14488497246636287,,,,
1,49,constant_base_rate_same_seed,0.76,0.75,0.0319464111328125,0.1875,0.0,0.15232442220052084,,,,
1,50,constant_base_rate_same_seed,0.76,0.7633333333333333,0.03136118570963542,0.18065555555555557,2.220446049250313e-16,0.15180426567925348,,,,
1,51,constant_base_rate_same_seed,0.76,0.8333333333333334,0.027629343668619792,0.1388888888888889,2.220446049250313e-16,0.12465364244249133,,,,
1,52,constant_base_rate_same_seed,0.76,0.7533333333333333,0.03049860636393229,0.18582222222222222,1.1102230246251565e-16,0.1553170186360677,,,,
1,53,constant_base_rate_same_seed,0.76,0.8033333333333333,0.025901947021484375,0.15798888888888893,0.0,0.13462261895073785,,,,
1,54,constant_base_rate_same_seed,0.76,0.7533333333333333,0.02498652140299479,0.18582222222222222,1.1102230246251565e-16,0.1614492424858941,,,,
1,55,constant_base_rate_same_seed,0.76,0.7766666666666666,0.031208699544270833,0.17345555555555553,1.1102230246251565e-16,0.14363018934461805,,,,
1,56,constant_base_rate_same_seed,0.76,0.73,0.036846923828125,0.1971,0.0,0.163631201171875,,,,
1,57,constant_base_rate_same_seed,0.76,0.7466666666666667,0.027906239827473957,0.18915555555555555,1.1102230246251565e-16,0.16273316989474826,,,,
1,58,constant_base_rate_same_seed,0.76,0.7766666666666666,0.02373082478841146,0.17345555555555553,1.1102230246251565e-16,0.15600016479492188,,,,
1,59,constant_base_rate_same_seed,0.76,0.77,0.026419576009114584,0.17709999999999998,0.0,0.1572616739908854,,,,
1,60,constant_base_rate_same_seed,0.76,0.7366666666666667,0.03372889200846354,0.1939888888888889,2.220446049250313e-16,0.16417362535264757,,,,
1,61,constant_base_rate_same_seed,0.76,0.7866666666666666,0.0245733642578125,0.16782222222222226,0.0,0.14763844129774303,,,,
1,62,constant_base_rate_same_seed,0.76,0.78,0.028460896809895834,0.1716,1.1102230246251565e-16,0.14292035319010415,,,,
1,63,constant_base_rate_same_seed,0.76,0.7533333333333333,0.026163889567057293,0.18582222222222222,1.1102230246251565e-16,0.1559309020996094,,,,
1,64,constant_base_rate_same_seed,0.76,0.7433333333333333,0.03044525146484375,0.19078888888888887,0.0,0.1620165540907118,,,,
1,65,constant_base_rate_same_seed,0.76,0.74,0.022694193522135416,0.1924,2.220446049250313e-16,0.16709330647786458,,,,
1,66,constant_base_rate_same_seed,0.76,0.81,0.027266031901041668,0.1539,3.3306690738754696e-16,0.13173605143229167,,,,
0,67,constant_base_rate_same_seed,0.7633333333333333,0.7466666666666667,0.025493113199869792,0.18915555555555558,1.1102230246251565e-16,0.1624098381890191,,,,
0,68,constant_base_rate_same_seed,0.7633333333333333,0.7633333333333333,0.03170089721679688,0.18065555555555557,2.220446049250313e-16,0.14295422431098093,,,,
0,69,constant_base_rate_same_seed,0.7633333333333333,0.7933333333333333,0.031158599853515625,0.16395555555555555,1.1102230246251565e-16,0.13387403903537326,,,,
0,70,constant_base_rate_same_seed,0.7633333333333333,0.72,0.027105204264322915,0.2016,1.1102230246251565e-16,0.1768666707356771,,,,
0,71,constant_base_rate_same_seed,0.7633333333333333,0.7233333333333334,0.023005015055338543,0.20012222222222226,1.1102230246251565e-16,0.17846069675021703,,,,
0,72,constant_base_rate_same_seed,0.7633333333333333,0.7933333333333333,0.025289459228515623,0.16395555555555555,1.1102230246251565e-16,0.13997234632703992,,,,
0,73,constant_base_rate_same_seed,0.7633333333333333,0.7366666666666667,0.02474665323893229,0.19398888888888888,2.220446049250313e-16,0.16977843356662325,,,,
0,74,constant_base_rate_same_seed,0.7633333333333333,0.7533333333333333,0.032098490397135415,0.18582222222222222,1.1102230246251565e-16,0.15644178738064235,,,,
0,75,constant_base_rate_same_seed,0.7633333333333333,0.7866666666666666,0.0303924560546875,0.1678222222222222,0.0,0.14087872450086805,,,,
0,76,constant_base_rate_same_seed,0.7633333333333333,0.7833333333333333,0.026559600830078123,0.16972222222222222,0.0,0.1467854512532552,,,,
0,77,constant_base_rate_same_seed,0.7633333333333333,0.76,0.031483154296875,0.1824,2.220446049250313e-16,0.15086267903645836,,,,
0,78,constant_base_rate_same_seed,0.7633333333333333,0.74,0.034300435384114585,0.19240000000000004,2.220446049250313e-16,0.15939956461588545,,,,
0,79,constant_base_rate_same_seed,0.7633333333333333,0.79,0.03000523885091146,0.16590000000000005,0.0,0.13297210489908853,,,,
0,80,constant_base_rate_same_seed,0.7633333333333333,0.7266666666666667,0.04407501220703125,0.1986222222222222,0.0,0.15630623779296873,,,,
0,81,constant_base_rate_same_seed,0.7633333333333333,0.7633333333333333,0.032208099365234374,0.18065555555555557,2.220446049250313e-16,0.15656004299587672,,,,
0,82,constant_base_rate_same_seed,0.7633333333333333,0.7466666666666667,0.026509908040364582,0.18915555555555558,1.1102230246251565e-16,0.1537168280707465,,,,
0,83,constant_base_rate_same_seed,0.7633333333333333,0.79,0.02155731201171875,0.16590000000000005,0.0,0.14129164632161462,,,,
0,84,constant_base_rate_same_seed,0.7633333333333333,0.7866666666666666,0.03052912394205729,0.16782222222222226,0.0,0.1481550774468316,,,,
0,85,constant_base_rate_same_seed,0.7633333333333333,0.8066666666666666,0.026590016682942707,0.15595555555555554,0.0,0.14136866387261282,,,,
0,86,constant_base_rate_same_seed,0.7633333333333333,0.73,0.023902994791666667,0.1971,0.0,0.17349648437499998,,,,
0,87,constant_base_rate_same_seed,0.7633333333333333,0.7933333333333333,0.033423055013020835,0.16395555555555555,1.1102230246251565e-16,0.13154083387586804,,,,
0,88,constant_base_rate_same_seed,0.7633333333333333,0.7566666666666667,0.029165852864583335,0.18412222222222221,0.0,0.16014317491319446,,,,
0,89,constant_base_rate_same_seed,0.7633333333333333,0.7233333333333334,0.029546254475911457,0.20012222222222226,1.1102230246251565e-16,0.1629628601074219,,,,
0,90,constant_base_rate_same_seed,0.7633333333333333,0.72,0.02530553181966146,0.20159999999999997,1.1102230246251565e-16,0.16180540568033855,,,,
0,91,constant_base_rate_same_seed,0.7633333333333333,0.7666666666666667,0.027438151041666668,0.17888888888888888,0.0,0.14914518229166668,,,,
1,42,constant_base_rate_train_seeds,0.76,0.71,0.031878763834635414,0.2084,0.04999999999999982,0.17899936116536458,3.110535254890948,0.6574885419921087,0.49131844286852494,0.36666666666666664
1,43,constant_base_rate_train_seeds,0.76,0.8,0.030383504231770834,0.16160000000000002,0.04000000000000026,0.13561753743489585,1.7406838551411568,0.7373227584604192,0.5606071158272143,0.3333333333333333
1,44,constant_base_rate_train_seeds,0.76,0.7633333333333333,0.026738128662109374,0.18066666666666667,0.0033333333333335213,0.15673843383789063,3.9619328600074937,0.6946725333844614,0.5419209588151086,0.4
1,45,constant_base_rate_train_seeds,0.76,0.7433333333333333,0.025804494222005207,0.19106666666666666,0.016666666666666496,0.15986581827799481,2.5209593796883496,0.6932186518907184,0.5278769587617557,0.43333333333333335
1,46,constant_base_rate_train_seeds,0.76,0.7833333333333333,0.018736521402994793,0.17026666666666665,0.02333333333333354,0.15310774943033853,0.8007946585281616,0.7731167065863519,0.6042561400201749,0.5333333333333333
1,47,constant_base_rate_train_seeds,0.76,0.7133333333333334,0.029244181315104166,0.20666666666666667,0.04666666666666641,0.1670360270182292,3.0935022486886794,0.6735453348734532,0.5100780507052479,0.3
1,48,constant_base_rate_train_seeds,0.76,0.7633333333333333,0.030401051839192707,0.1806666666666667,0.0033333333333335213,0.14496405232747397,2.0642812823297447,0.7597177506982621,0.5797861930482724,0.4666666666666667
1,49,constant_base_rate_train_seeds,0.76,0.75,0.0319464111328125,0.18760000000000002,0.009999999999999787,0.15229525553385417,3.1666994351240305,0.7742358490146363,0.5976626963210071,0.36666666666666664
1,50,constant_base_rate_train_seeds,0.76,0.7633333333333333,0.03136118570963542,0.18066666666666667,0.0033333333333335213,0.15178360595703125,4.058953105378066,0.680106916570954,0.5155843890605349,0.3
1,51,constant_base_rate_train_seeds,0.76,0.8333333333333334,0.027629343668619792,0.14426666666666668,0.07333333333333358,0.12708471883138023,1.417509317690076,0.7629601476266252,0.5934453028755375,0.4666666666666667
1,52,constant_base_rate_train_seeds,0.76,0.7533333333333333,0.03049860636393229,0.18586666666666668,0.0066666666666664876,0.15536128946940106,1.8890898645116465,0.6646926813853916,0.5162180153935793,0.5666666666666667
1,53,constant_base_rate_train_seeds,0.76,0.8033333333333333,0.025901947021484375,0.15986666666666666,0.04333333333333356,0.1361381571451823,2.2678974399917706,0.6899472687265253,0.542504286117754,0.5333333333333333
1,54,constant_base_rate_train_seeds,0.76,0.7533333333333333,0.02498652140299479,0.18586666666666665,0.0066666666666664876,0.1615098327636719,3.105957383967052,0.715408272873867,0.5570112682185483,0.4666666666666667
1,55,constant_base_rate_train_seeds,0.76,0.7766666666666666,0.031208699544270833,0.17373333333333335,0.01666666666666683,0.14382463378906252,2.5699986294935684,0.7175946678163831,0.5438971139353469,0.4
1,56,constant_base_rate_train_seeds,0.76,0.73,0.036846923828125,0.198,0.029999999999999805,0.164971826171875,2.0766348989923813,0.7026037001914976,0.5323358873945053,0.4
1,57,constant_base_rate_train_seeds,0.76,0.7466666666666667,0.027906239827473957,0.18933333333333335,0.013333333333333086,0.1629911560058594,2.5695119651234677,0.7319349115337762,0.5680880049698327,0.43333333333333335
1,58,constant_base_rate_train_seeds,0.76,0.7766666666666666,0.02373082478841146,0.17373333333333335,0.01666666666666683,0.1558999043782552,3.6167657365820958,0.6969250170169057,0.541876147887022,0.26666666666666666
1,59,constant_base_rate_train_seeds,0.76,0.77,0.026419576009114584,0.17720000000000002,0.010000000000000231,0.15711792399088542,2.53567445283835,0.722486730992992,0.5611988150391558,0.4
1,60,constant_base_rate_train_seeds,0.76,0.7366666666666667,0.03372889200846354,0.19453333333333336,0.023333333333333095,0.16510392049153647,2.1100027528954115,0.7294299696644365,0.5561755421518757,0.4
1,61,constant_base_rate_train_seeds,0.76,0.7866666666666666,0.0245733642578125,0.16853333333333334,0.02666666666666684,0.14794121907552085,2.232199644946263,0.7261301945006711,0.5570614684352678,0.3333333333333333
1,62,constant_base_rate_train_seeds,0.76,0.78,0.028460896809895834,0.17200000000000004,0.02000000000000024,0.14333597819010419,2.4516753142185337,0.6556815103243728,0.5042797792223778,0.4
1,63,constant_base_rate_train_seeds,0.76,0.7533333333333333,0.026163889567057293,0.18586666666666665,0.0066666666666664876,0.15587725626627608,3.0710648070346735,0.7053179133022375,0.5438555264143318,0.23333333333333334
1,64,constant_base_rate_train_seeds,0.76,0.7433333333333333,0.03044525146484375,0.1910666666666667,0.016666666666666496,0.16240891520182293,2.225639738144423,0.7255113593294737,0.5634952116827148,0.4666666666666667
1,65,constant_base_rate_train_seeds,0.76,0.74,0.022694193522135416,0.1928,0.019999999999999796,0.16727559814453125,1.4353437542409324,0.7213494140348077,0.5565565892118107,0.6
1,66,constant_base_rate_train_seeds,0.76,0.81,0.027266031901041668,0.1564,0.050000000000000266,0.13341313476562502,2.1437650904091186,0.6804099410883934,0.5268594302985826,0.43333333333333335
0,67,constant_base_rate_train_seeds,0.7633333333333333,0.7466666666666667,0.025493113199869792,0.18943333333333334,0.01666666666666683,0.16260298055013023,1.4459736652600839,0.7260620896800761,0.5631014246323298,0.5666666666666667
0,68,constant_base_rate_train_seeds,0.7633333333333333,0.7633333333333333,0.03170089721679688,0.18065555555555557,2.220446049250313e-16,0.14295422431098093,3.0320203992696406,0.7132569129506566,0.5563948885870753,0.36666666666666664
0,69,constant_base_rate_train_seeds,0.7633333333333333,0.7933333333333333,0.031158599853515625,0.1648555555555556,0.029999999999999805,0.13466388278537328,3.2718806359220878,0.6511105169496206,0.5039338328940964,0.3
0,70,constant_base_rate_train_seeds,0.7633333333333333,0.72,0.027105204264322915,0.20347777777777779,0.04333333333333356,0.17921163601345488,3.608897148722974,0.6872541498705669,0.5342444035901455,0.5
0,71,constant_base_rate_train_seeds,0.7633333333333333,0.7233333333333334,0.023005015055338543,0.20172222222222222,0.04000000000000015,0.18030132175021704,2.1325645544764313,0.6940241534634347,0.5354879753895004,0.43333333333333335
0,72,constant_base_rate_train_seeds,0.7633333333333333,0.7933333333333333,0.025289459228515623,0.1648555555555556,0.029999999999999805,0.14073875257703994,2.630842966288469,0.7613037774721897,0.5847389218603789,0.3
0,73,constant_base_rate_train_seeds,0.7633333333333333,0.7366666666666667,0.02474665323893229,0.1947,0.02666666666666684,0.17054996134440106,3.313398980041086,0.6669178639817951,0.5076162266894471,0.3
0,74,constant_base_rate_train_seeds,0.7633333333333333,0.7533333333333333,0.032098490397135415,0.18592222222222224,0.010000000000000231,0.15664907904730904,1.6567894884328496,0.679335504014244,0.5241913262854081,0.5333333333333333
0,75,constant_base_rate_train_seeds,0.7633333333333333,0.7866666666666666,0.0303924560546875,0.1683666666666667,0.023333333333333095,0.14114243977864585,2.895913972375496,0.6699550696542869,0.5154710930206745,0.43333333333333335
0,76,constant_base_rate_train_seeds,0.7633333333333333,0.7833333333333333,0.026559600830078123,0.17012222222222223,0.019999999999999796,0.14692972208658855,2.5703100280497324,0.7144689414772823,0.5481692904185745,0.4
0,77,constant_base_rate_train_seeds,0.7633333333333333,0.76,0.031483154296875,0.18241111111111113,0.0033333333333335213,0.15087309570312502,2.4288468428001693,0.7226632721489413,0.5461779969833341,0.3
0,78,constant_base_rate_train_seeds,0.7633333333333333,0.74,0.034300435384114585,0.19294444444444447,0.02333333333333354,0.16007039794921876,3.3141686041124387,0.6859001600109554,0.5331329852191857,0.5333333333333333
0,79,constant_base_rate_train_seeds,0.7633333333333333,0.79,0.03000523885091146,0.16661111111111113,0.026666666666666505,0.13395196601019965,1.0899738361680704,0.7692282504082709,0.6029923455668676,0.5333333333333333
0,80,constant_base_rate_train_seeds,0.7633333333333333,0.7266666666666667,0.04407501220703125,0.1999666666666667,0.03666666666666685,0.1579352308485243,3.5832574281863003,0.6340127654981015,0.49136699442213755,0.43333333333333335
0,81,constant_base_rate_train_seeds,0.7633333333333333,0.7633333333333333,0.032208099365234374,0.18065555555555557,2.220446049250313e-16,0.15656004299587672,3.059707903312585,0.7214928025804082,0.5493165525570946,0.3333333333333333
0,82,constant_base_rate_train_seeds,0.7633333333333333,0.7466666666666667,0.026509908040364582,0.18943333333333334,0.01666666666666683,0.1533913072374132,2.4122320006911195,0.7650636921877394,0.5957823194096211,0.3
0,83,constant_base_rate_train_seeds,0.7633333333333333,0.79,0.02155731201171875,0.16661111111111113,0.026666666666666505,0.14228331298828129,2.8861855038798865,0.7143351271283355,0.5626883640584992,0.43333333333333335
0,84,constant_base_rate_train_seeds,0.7633333333333333,0.7866666666666666,0.03052912394205729,0.1683666666666667,0.023333333333333095,0.1478154073079427,1.8075530822389965,0.7412183817660286,0.573615431976604,0.43333333333333335
0,85,constant_base_rate_train_seeds,0.7633333333333333,0.8066666666666666,0.026590016682942707,0.15783333333333333,0.04333333333333311,0.14155034790039062,3.023867867824464,0.7062776402289056,0.5605809731520571,0.4666666666666667
0,86,constant_base_rate_train_seeds,0.7633333333333333,0.73,0.023902994791666667,0.19821111111111112,0.03333333333333355,0.17465099826388888,1.3025731321621663,0.7683111905772309,0.5823983132453191,0.4
0,87,constant_base_rate_train_seeds,0.7633333333333333,0.7933333333333333,0.033423055013020835,0.1648555555555556,0.029999999999999805,0.13233770887586807,1.6975643309766895,0.7059595131901716,0.5405904437917866,0.5
0,88,constant_base_rate_train_seeds,0.7633333333333333,0.7566666666666667,0.029165852864583335,0.18416666666666667,0.006666666666666821,0.16032234157986114,1.802729319145044,0.702710521199034,0.5491099522269227,0.5333333333333333
0,89,constant_base_rate_train_seeds,0.7633333333333333,0.7233333333333334,0.029546254475911457,0.20172222222222225,0.04000000000000015,0.16319931844075522,3.124238309807396,0.7199395934920008,0.5591247980064764,0.43333333333333335
0,90,constant_base_rate_train_seeds,0.7633333333333333,0.72,0.02530553181966146,0.20347777777777779,0.04333333333333356,0.16082927720811635,1.4168719731845272,0.716938668508411,0.5539743022094757,0.5
0,91,constant_base_rate_train_seeds,0.7633333333333333,0.7666666666666667,0.027438151041666668,0.17890000000000003,0.0033333333333331883,0.14918511284722225,2.029929687403836,0.7160257440390398,0.5500058443111779,0.5333333333333333
1,42,gamma_poisson,0.76,0.71,0.031878763834635414,0.45194181286189355,0.5091329951649592,0.4184158341211463,2.569883266550619,0.60942572464015,0.423306376976533,0.2
1,43,gamma_poisson,0.76,0.8,0.030383504231770834,0.5188227500516812,0.6054766204468832,0.4847043882730425,1.3733970254043584,0.6684304654095559,0.4784686846445051,0.26666666666666666
1,44,gamma_poisson,0.76,0.7633333333333333,0.026738128662109374,0.4920975951690153,0.5657312075127902,0.46245213428811305,3.6124972900163357,0.6401767034354047,0.4544052162620092,0.16666666666666666
1,45,gamma_poisson,0.76,0.7433333333333333,0.025804494222005207,0.49240060968368765,0.5581590250852004,0.47465827066889166,3.0823064367560846,0.6271325545114719,0.43870263152915123,0.13333333333333333
1,46,gamma_poisson,0.76,0.7833333333333333,0.018736521402994793,0.5044671950235435,0.5862313463532998,0.48388076029750343,1.1767997562031667,0.6983132874767437,0.5086175062094441,0.4
1,47,gamma_poisson,0.76,0.7133333333333334,0.029244181315104166,0.46384510771912857,0.5210703156465932,0.448051137992959,2.068720092544254,0.6439217982677455,0.4552879776727152,0.23333333333333334
1,48,gamma_poisson,0.76,0.7633333333333333,0.030401051839192707,0.4922730299114001,0.5676213668579791,0.47061122047847165,2.291021265324673,0.65449690536991,0.46578719199600166,0.16666666666666666
1,49,gamma_poisson,0.76,0.75,0.0319464111328125,0.491155184434199,0.558797827065549,0.46179383022868414,2.6540055476167197,0.690134398521971,0.49359844037864004,0.2
1,50,gamma_poisson,0.76,0.7633333333333333,0.03136118570963542,0.49790881029119965,0.5688105478480587,0.4627180657041066,3.288207218090605,0.5971743745332079,0.41346620014443564,0.13333333333333333
1,51,gamma_poisson,0.76,0.8333333333333334,0.027629343668619792,0.5440076093552608,0.6413841602597978,0.503581950001913,1.9101132071830875,0.675022694766892,0.4908772709547109,0.26666666666666666
1,52,gamma_poisson,0.76,0.7533333333333333,0.03049860636393229,0.4874043954834324,0.5606541340015243,0.4572584557716111,2.316133198629757,0.660595039910192,0.47617434898057837,0.36666666666666664
1,53,gamma_poisson,0.76,0.8033333333333333,0.025901947021484375,0.5190107429892019,0.604916878928456,0.4906522801572466,1.213339518265542,0.6390828366052147,0.4562603592647316,0.36666666666666664
1,54,gamma_poisson,0.76,0.7533333333333333,0.02498652140299479,0.4766843453240689,0.5523785483780969,0.45113286430173255,1.8943534934919626,0.6919173340065911,0.4932074634357438,0.16666666666666666
1,55,gamma_poisson,0.76,0.7766666666666666,0.031208699544270833,0.505830943920933,0.5831995203201898,0.4721920920126932,2.5124637143083532,0.664456784443358,0.4696203168206751,0.26666666666666666
1,56,gamma_poisson,0.76,0.73,0.036846923828125,0.4672668437386246,0.5338338824753138,0.42647708653601396,1.3312674200332708,0.68561204597775,0.48539419559940317,0.23333333333333334
1,57,gamma_poisson,0.76,0.7466666666666667,0.027906239827473957,0.49107246523451836,0.5573895942324515,0.4619458420222708,2.7048375322183347,0.6714777270808863,0.4811851515959352,0.23333333333333334
1,58,gamma_poisson,0.76,0.7766666666666666,0.02373082478841146,0.5085767869009422,0.5846781504393437,0.47831429409126874,3.106670200072074,0.6240031105661391,0.4426647531033241,0.13333333333333333
1,59,gamma_poisson,0.76,0.77,0.026419576009114584,0.4938143224428482,0.5697852711836964,0.45823208921379754,3.0121684883006594,0.6729370790990327,0.4869486568974165,0.23333333333333334
1,60,gamma_poisson,0.76,0.7366666666666667,0.03372889200846354,0.4767988644145651,0.5410178144258498,0.4384059754913782,2.230549771723531,0.6950851727805417,0.5015044779192804,0.2
1,61,gamma_poisson,0.76,0.7866666666666666,0.0245733642578125,0.5119962914283464,0.5953017981223189,0.4827423344727744,1.7003704108757347,0.6846465693884943,0.48935755904375705,0.16666666666666666
1,62,gamma_poisson,0.76,0.78,0.028460896809895834,0.5192321038961653,0.5944674853821877,0.4907408497131557,3.1076109106962235,0.5926326458420517,0.4140753809840833,0.16666666666666666
1,63,gamma_poisson,0.76,0.7533333333333333,0.026163889567057293,0.4800342486898155,0.5539817775485446,0.45864616977090633,2.804403435122424,0.6409540511173499,0.46265892924198554,0.13333333333333333
1,64,gamma_poisson,0.76,0.7433333333333333,0.03044525146484375,0.47628452551375633,0.5424901735059846,0.442356432576576,3.0461200412627534,0.6547207698270793,0.47519650936861485,0.26666666666666666
1,65,gamma_poisson,0.76,0.74,0.022694193522135416,0.4814577036130703,0.546724049734463,0.4629348504544466,0.9838014882415393,0.6985030713061997,0.5022726691826528,0.5
1,66,gamma_poisson,0.76,0.81,0.027266031901041668,0.5195766838715173,0.6105908426362647,0.4865446821061258,2.3959667251140218,0.6460028100887727,0.4589006747058352,0.3
0,67,gamma_poisson,0.7633333333333333,0.7466666666666667,0.025493113199869792,0.48451813967836094,0.5549746293419499,0.4614752125381619,1.9698032662381308,0.7117328443852419,0.5122774053454319,0.3
0,68,gamma_poisson,0.7633333333333333,0.7633333333333333,0.03170089721679688,0.5000376264136502,0.5699297133099958,0.4758105326227794,3.3271066825605544,0.6481240953455539,0.46986498645188085,0.16666666666666666
0,69,gamma_poisson,0.7633333333333333,0.7933333333333333,0.031158599853515625,0.5002328161536845,0.5909478060760148,0.46968986559715104,2.429078392686762,0.6114223456339241,0.43117429248513933,0.1
0,70,gamma_poisson,0.7633333333333333,0.72,0.027105204264322915,0.46499530598917127,0.5254475447256618,0.43524603249531024,2.13430615684058,0.6836928284807847,0.49685363275762046,0.3333333333333333
0,71,gamma_poisson,0.7633333333333333,0.7233333333333334,0.023005015055338543,0.4642101013548692,0.5264377519049739,0.4405206374759518,3.072769549690264,0.6703251618946715,0.4855944320214189,0.2
0,72,gamma_poisson,0.7633333333333333,0.7933333333333333,0.025289459228515623,0.5265926772116215,0.6092740490748715,0.500244286345017,1.8619027280531952,0.6600516271871539,0.471342083610844,0.13333333333333333
0,73,gamma_poisson,0.7633333333333333,0.7366666666666667,0.02474665323893229,0.48541953700990786,0.5460514535634584,0.4587070007977244,2.438502786966751,0.6351427992255988,0.4455234625430198,0.16666666666666666
0,74,gamma_poisson,0.7633333333333333,0.7533333333333333,0.032098490397135415,0.48847760560153136,0.5608363274600012,0.45269702027876463,1.5818183313885754,0.6607243890657205,0.47074965537836844,0.43333333333333335
0,75,gamma_poisson,0.7633333333333333,0.7866666666666666,0.0303924560546875,0.5147570320675001,0.5955549412724376,0.4807538478715232,2.6076705526417356,0.630105090496174,0.4444689480273862,0.26666666666666666
0,76,gamma_poisson,0.7633333333333333,0.7833333333333333,0.026559600830078123,0.5069704481532331,0.5848805348972359,0.47559514872360714,2.0870033692289667,0.6063577139230837,0.4344570116270209,0.3
0,77,gamma_poisson,0.7633333333333333,0.76,0.031483154296875,0.4894353132214559,0.5645953631178988,0.45831197498310855,2.0623608241937745,0.6756054628730451,0.48389080694298175,0.2
0,78,gamma_poisson,0.7633333333333333,0.74,0.034300435384114585,0.47972287217444726,0.5456988489133567,0.4427277101785357,1.5351143539566294,0.6836284821543365,0.489245601729908,0.3333333333333333
0,79,gamma_poisson,0.7633333333333333,0.79,0.03000523885091146,0.5066773422734768,0.5896127326008435,0.48019977412791015,2.042369526728862,0.7102082943291428,0.5164283497272274,0.3333333333333333
0,80,gamma_poisson,0.7633333333333333,0.7266666666666667,0.04407501220703125,0.47292598885580656,0.5340542695041204,0.4279573607065409,1.441487183966217,0.606755857506912,0.4377674101301048,0.3333333333333333
0,81,gamma_poisson,0.7633333333333333,0.7633333333333333,0.032208099365234374,0.4889936189223954,0.5651416128566044,0.4477406725235534,2.3987185345549165,0.6564597867914072,0.4681427446024153,0.23333333333333334
0,82,gamma_poisson,0.7633333333333333,0.7466666666666667,0.026509908040364582,0.4865474996982625,0.5547462679983337,0.47116822176535106,2.6003595457502513,0.7089549826214826,0.5161890517071566,0.23333333333333334
0,83,gamma_poisson,0.7633333333333333,0.79,0.02155731201171875,0.5166735121856468,0.5984150063381396,0.4990768575813356,2.162127194075282,0.6581917044537624,0.47263135648813376,0.26666666666666666
0,84,gamma_poisson,0.7633333333333333,0.7866666666666666,0.03052912394205729,0.5109746737529652,0.592162593516842,0.4683734119679724,1.7473173253351888,0.7026925914278686,0.5097608060279889,0.3
0,85,gamma_poisson,0.7633333333333333,0.8066666666666666,0.026590016682942707,0.5182829678248884,0.6092128073093682,0.4786898071786017,1.770963141595871,0.6910546022527936,0.49428244028766166,0.26666666666666666
0,86,gamma_poisson,0.7633333333333333,0.73,0.023902994791666667,0.47161641041575253,0.5379915520324287,0.4474725967969253,2.25372196201576,0.7056861628625241,0.4982113837463447,0.16666666666666666
0,87,gamma_poisson,0.7633333333333333,0.7933333333333333,0.033423055013020835,0.5114394065530956,0.5950928120495453,0.4763169090688052,1.7485050830218825,0.61365594943667,0.4331744495834174,0.3333333333333333
0,88,gamma_poisson,0.7633333333333333,0.7566666666666667,0.029165852864583335,0.4921608290051673,0.5645532916580603,0.45680318793756614,2.211969732452843,0.6689105079133968,0.48655084832145906,0.3
0,89,gamma_poisson,0.7633333333333333,0.7233333333333334,0.029546254475911457,0.47782461705792884,0.5326156900680588,0.4588084821464893,2.013138114134108,0.6615618569631415,0.4769401891428739,0.23333333333333334
0,90,gamma_poisson,0.7633333333333333,0.72,0.02530553181966146,0.47111014822135455,0.5289361514200163,0.46649817188294607,2.1696635909064526,0.6549715961188702,0.4728509998346409,0.26666666666666666
0,91,gamma_poisson,0.7633333333333333,0.7666666666666667,0.027438151041666668,0.5012553900485244,0.574564330855045,0.4780730196332865,2.081883067603229,0.6622940579255672,0.47035338450190606,0.3
1,42,isotonic_cross_seed,0.76,0.71,0.031878763834635414,0.19357925353955105,0.07207292632583226,0.1665055526610993,2.3201064014946837,0.6248842886491784,0.44566156894633285,0.2
1,43,isotonic_cross_seed,0.76,0.8,0.030383504231770834,0.15296375700686865,0.037677636297815766,0.1298102294833469,1.2112786240857645,0.675817793528359,0.4927185597760389,0.3
1,44,isotonic_cross_seed,0.76,0.7633333333333333,0.026738128662109374,0.16953267761506877,0.031542821380004936,0.14641778840671454,3.507796897895105,0.6692557757682207,0.48787897954268783,0.23333333333333334
1,45,isotonic_cross_seed,0.76,0.7433333333333333,0.025804494222005207,0.1784348544182355,0.008130835005944003,0.15035316715221997,2.827601830372771,0.6479841928602816,0.4661650881516922,0.26666666666666666
1,46,isotonic_cross_seed,0.76,0.7833333333333333,0.018736521402994793,0.15883712029829403,0.026772966187200698,0.14171754046610688,1.4344959746740642,0.729992295827795,0.5462428699109834,0.43333333333333335
1,47,isotonic_cross_seed,0.76,0.7133333333333334,0.029244181315104166,0.19117827140630028,0.04163864999784467,0.15366435464234315,2.3895873282956757,0.6397277128637548,0.462928923050509,0.26666666666666666
1,48,isotonic_cross_seed,0.76,0.7633333333333333,0.030401051839192707,0.16813784208082388,0.01848344750381618,0.13686482105053796,1.9834001355302178,0.6857871068829311,0.501770367249529,0.3
1,49,isotonic_cross_seed,0.76,0.75,0.0319464111328125,0.17740271277255498,0.00914663440526107,0.13951036994529112,1.8750307410778362,0.7163424223814603,0.5244721825469663,0.3333333333333333
1,50,isotonic_cross_seed,0.76,0.7633333333333333,0.03136118570963542,0.1754287506150517,0.032441876155014794,0.14478023929344097,3.2451436355895,0.6234451344693338,0.44477644661386523,0.16666666666666666
1,51,isotonic_cross_seed,0.76,0.8333333333333334,0.027629343668619792,0.13800815489383667,0.07748744315342249,0.12020603617145355,1.7696770481103954,0.712537811134392,0.5307772641833971,0.3
1,52,isotonic_cross_seed,0.76,0.7533333333333333,0.03049860636393229,0.16833033564541877,0.034781776301038875,0.1386707101591398,2.0394264592664797,0.667025232887174,0.4914653794921498,0.43333333333333335
1,53,isotonic_cross_seed,0.76,0.8033333333333333,0.025901947021484375,0.15565744591345154,0.05559319288647427,0.13210954427589675,0.9947644067573549,0.658181701399324,0.4828003948764816,0.43333333333333335
1,54,isotonic_cross_seed,0.76,0.7533333333333333,0.02498652140299479,0.16639944234235038,0.036807061877616856,0.1424102078343853,2.321677756083403,0.7031700106613048,0.5172971145005288,0.3333333333333333
1,55,isotonic_cross_seed,0.76,0.7766666666666666,0.031208699544270833,0.16465920885056978,0.02409270162797049,0.13293504996407587,1.8512803125859705,0.691851746217787,0.5011330436593078,0.36666666666666664
1,56,isotonic_cross_seed,0.76,0.73,0.036846923828125,0.17787748876910128,0.06400200896933247,0.14590217203982117,0.7902609088600911,0.6924461781279917,0.5015514989114278,0.36666666666666664
1,57,isotonic_cross_seed,0.76,0.7466666666666667,0.027906239827473957,0.17918579672104348,0.023562952278618463,0.15395432702898973,2.7787417535409418,0.6812637082260539,0.49825053057454,0.3
1,58,isotonic_cross_seed,0.76,0.7766666666666666,0.02373082478841146,0.16749586044135223,0.034013277158625656,0.15070014463647088,2.893588071991445,0.6519558299148507,0.47658662566486854,0.16666666666666666
1,59,isotonic_cross_seed,0.76,0.77,0.026419576009114584,0.1678217363047642,0.030084969006807565,0.14477781104956675,2.6908104223933265,0.6903148951711728,0.5121189652062292,0.3
1,60,isotonic_cross_seed,0.76,0.7366666666666667,0.03372889200846354,0.1827337626580763,0.02765145888439968,0.1537310563698564,1.8385430764524529,0.7008788234674093,0.5175497366717982,0.26666666666666666
1,61,isotonic_cross_seed,0.76,0.7866666666666666,0.0245733642578125,0.1554308040001743,0.02976789868082067,0.13458998057364452,1.3639658666010632,0.7110724037224749,0.5227371608832926,0.26666666666666666
1,62,isotonic_cross_seed,0.76,0.78,0.028460896809895834,0.16725400442777721,0.0386745985126032,0.13792111219243566,2.544198594667563,0.6195704024247867,0.45041704366230323,0.26666666666666666
1,63,isotonic_cross_seed,0.76,0.7533333333333333,0.026163889567057293,0.16923812318984377,0.04152296257363173,0.13993645923474649,3.1134093307910007,0.6680840070982894,0.4935118397825839,0.2
1,64,isotonic_cross_seed,0.76,0.7433333333333333,0.03044525146484375,0.1825403143420785,0.05202161209743428,0.15128110908511347,2.958398525960689,0.6860972832773133,0.5077963362301183,0.36666666666666664
1,65,isotonic_cross_seed,0.76,0.74,0.022694193522135416,0.18054580007619944,0.019963592458104543,0.15651117541630635,0.6797430349935496,0.7035768217107237,0.5173190005434318,0.5333333333333333
1,66,isotonic_cross_seed,0.76,0.81,0.027266031901041668,0.14777593294552938,0.040838506688357236,0.1233153194789311,2.42640332712395,0.6546127069940365,0.4767185829574251,0.36666666666666664
0,67,isotonic_cross_seed,0.7633333333333333,0.7466666666666667,0.025493113199869792,0.1721298424029163,0.03286606555425873,0.14696687551431073,1.1192843021147496,0.7121993820901451,0.5237161740287143,0.4666666666666667
0,68,isotonic_cross_seed,0.7633333333333333,0.7633333333333333,0.03170089721679688,0.17638866119378163,0.034217770124971195,0.13937317238833435,3.968126617804103,0.6599894881017138,0.4909261226525755,0.2
0,69,isotonic_cross_seed,0.7633333333333333,0.7933333333333333,0.031158599853515625,0.14630865768152465,0.034272834366454966,0.11922595370554767,2.030400090836906,0.6411446667194258,0.46782321018804807,0.2
0,70,isotonic_cross_seed,0.7633333333333333,0.72,0.027105204264322915,0.1871319201320582,0.05371725778700173,0.16392729464421668,1.5318750329055888,0.6827543721686125,0.5049564753472354,0.43333333333333335
0,71,isotonic_cross_seed,0.7633333333333333,0.7233333333333334,0.023005015055338543,0.18466972469176574,0.07279273079272708,0.165222138331246,2.431258299417749,0.6773033615233565,0.4998368527118559,0.3
0,72,isotonic_cross_seed,0.7633333333333333,0.7933333333333333,0.025289459228515623,0.15541139152975914,0.04696448032556713,0.1318542296188405,1.616555309749799,0.7045256402888855,0.5136302156896492,0.23333333333333334
0,73,isotonic_cross_seed,0.7633333333333333,0.7366666666666667,0.02474665323893229,0.1882973691618222,0.05135379977038019,0.1618312844216762,2.380289148349334,0.6481532406853352,0.46686644311256764,0.26666666666666666
0,74,isotonic_cross_seed,0.7633333333333333,0.7533333333333333,0.032098490397135415,0.17131775049154688,0.02550365622334433,0.14103803869590298,1.3366994496863356,0.6590097391084722,0.48396399620819996,0.5
0,75,isotonic_cross_seed,0.7633333333333333,0.7866666666666666,0.0303924560546875,0.16000829526886817,0.030369228696573766,0.13286443911126639,2.3888866352174034,0.6532353397215327,0.47645351050385804,0.3
0,76,isotonic_cross_seed,0.7633333333333333,0.7833333333333333,0.026559600830078123,0.16741985097446632,0.057907217658324635,0.14258270194004055,2.217800136363394,0.6427958291242662,0.47063005149457027,0.3333333333333333
0,77,isotonic_cross_seed,0.7633333333333333,0.76,0.031483154296875,0.1665560601793031,0.02643888088135535,0.13531714372197892,2.0664092376207748,0.6978941786153487,0.5095674687365946,0.23333333333333334
0,78,isotonic_cross_seed,0.7633333333333333,0.74,0.034300435384114585,0.1796652564155831,0.0267469363793679,0.14481373366613928,1.6071839982795382,0.6808797853057991,0.5025284908023274,0.36666666666666664
0,79,isotonic_cross_seed,0.7633333333333333,0.79,0.03000523885091146,0.1586539348427485,0.031914065782259686,0.1269614289789912,1.4161207421829545,0.7279854886379634,0.5435215817411863,0.4
0,80,isotonic_cross_seed,0.7633333333333333,0.7266666666666667,0.04407501220703125,0.1860717497336395,0.03868280848655723,0.14697621279436718,2.3472611819420877,0.6122374948959334,0.4530558821597115,0.4
0,81,isotonic_cross_seed,0.7633333333333333,0.7633333333333333,0.032208099365234374,0.16654404057057723,0.023626886668015087,0.143169478649687,2.001799730774138,0.6795452750196521,0.49511078711227546,0.26666666666666666
0,82,isotonic_cross_seed,0.7633333333333333,0.7466666666666667,0.026509908040364582,0.17633702542197555,0.0190846620702456,0.1401615682099613,2.316461462008533,0.7254704958580088,0.5372882258866029,0.26666666666666666
0,83,isotonic_cross_seed,0.7633333333333333,0.79,0.02155731201171875,0.15898294047461928,0.031040074045880772,0.13580589490165898,2.4710202878906955,0.6752263667607891,0.5046954128881246,0.3
0,84,isotonic_cross_seed,0.7633333333333333,0.7866666666666666,0.03052912394205729,0.16019564262562117,0.045111640286840754,0.1389582405542009,1.707270534939397,0.7081228335846871,0.5290427506613489,0.3
0,85,isotonic_cross_seed,0.7633333333333333,0.8066666666666666,0.026590016682942707,0.1460791329524081,0.037357752576355756,0.12803500161209444,1.6891265721094157,0.7012201909375078,0.5178452972381158,0.3333333333333333
0,86,isotonic_cross_seed,0.7633333333333333,0.73,0.023902994791666667,0.17772274922810471,0.03972517165499711,0.15421644728077694,1.4874518822133496,0.7340710893921009,0.5328978439690981,0.3333333333333333
0,87,isotonic_cross_seed,0.7633333333333333,0.7933333333333333,0.033423055013020835,0.15757775861387563,0.03239727810986934,0.12386148657852639,1.8164546973138158,0.6460724894489288,0.47176729013371826,0.36666666666666664
0,88,isotonic_cross_seed,0.7633333333333333,0.7566666666666667,0.029165852864583335,0.1698563345220431,0.04530310696637546,0.14636214570921063,2.105189254938864,0.6727594305736319,0.5012812044456458,0.36666666666666664
0,89,isotonic_cross_seed,0.7633333333333333,0.7233333333333334,0.029546254475911457,0.19660888538213983,0.03509893686024011,0.15790869732402538,2.2430351272809617,0.6758149925214106,0.4984968078611959,0.3
0,90,isotonic_cross_seed,0.7633333333333333,0.72,0.02530553181966146,0.19044302573276042,0.05881176369519464,0.14865212252795895,1.5496639606715519,0.6884008436282699,0.508970936022658,0.43333333333333335
0,91,isotonic_cross_seed,0.7633333333333333,0.7666666666666667,0.027438151041666668,0.1709021051462442,0.02719096734200532,0.14384279094089766,1.252097088941042,0.6812238171848191,0.4984448999050634,0.4666666666666667
1,42,isotonic_within_seed_crossfit,0.76,0.71,0.031878763834635414,0.19205871584958903,0.05079595466469311,0.1650365073889861,,,,
1,43,isotonic_within_seed_crossfit,0.76,0.8,0.030383504231770834,0.15916835090589754,0.06322760787520118,0.1350430409284005,,,,
1,44,isotonic_within_seed_crossfit,0.76,0.7633333333333333,0.026738128662109374,0.17093541225676673,0.022549603691753024,0.14795779101957626,,,,
1,45,isotonic_within_seed_crossfit,0.76,0.7433333333333333,0.025804494222005207,0.18522777779142932,0.05522547004405008,0.15639293708728189,,,,
1,46,isotonic_within_seed_crossfit,0.76,0.7833333333333333,0.018736521402994793,0.16129987397607926,0.018720231107617082,0.14415993561800886,,,,
1,47,isotonic_within_seed_crossfit,0.76,0.7133333333333334,0.029244181315104166,0.19484319792254118,0.05663143107898839,0.15903925208287556,,,,
1,48,isotonic_within_seed_crossfit,0.76,0.7633333333333333,0.030401051839192707,0.17047991169356114,0.046740576301818625,0.13931086755352184,,,,
1,49,isotonic_within_seed_crossfit,0.76,0.75,0.0319464111328125,0.18256120501810527,0.028427679413278215,0.1447419068490945,,,,
1,50,isotonic_within_seed_crossfit,0.76,0.7633333333333333,0.03136118570963542,0.17623026480847262,0.016901975247035638,0.14640856830325247,,,,
1,51,isotonic_within_seed_crossfit,0.76,0.8333333333333334,0.027629343668619792,0.13237487507853166,0.04296003505408925,0.11782234258742283,,,,
1,52,isotonic_within_seed_crossfit,0.76,0.7533333333333333,0.03049860636393229,0.1700419480421425,0.043468176979274485,0.14006606735875632,,,,
1,53,isotonic_within_seed_crossfit,0.76,0.8033333333333333,0.025901947021484375,0.15596919873216886,0.040492047325508096,0.13166291021023305,,,,
1,54,isotonic_within_seed_crossfit,0.76,0.7533333333333333,0.02498652140299479,0.1665030944807161,0.0013924018629642787,0.14221007096555635,,,,
1,55,isotonic_within_seed_crossfit,0.76,0.7766666666666666,0.031208699544270833,0.16617380871053206,0.020974905810702316,0.13405503422484225,,,,
1,56,isotonic_within_seed_crossfit,0.76,0.73,0.036846923828125,0.17925340994198866,0.03932923605692726,0.14588578440678546,,,,
1,57,isotonic_within_seed_crossfit,0.76,0.7466666666666667,0.027906239827473957,0.18183062200583136,0.001446382512171294,0.1565223461866407,,,,
1,58,isotonic_within_seed_crossfit,0.76,0.7766666666666666,0.02373082478841146,0.1700660730108079,0.051859027161442355,0.15266298996491193,,,,
1,59,isotonic_within_seed_crossfit,0.76,0.77,0.026419576009114584,0.1714736434005465,0.051413010390148145,0.1481377733797828,,,,
1,60,isotonic_within_seed_crossfit,0.76,0.7366666666666667,0.03372889200846354,0.18475135978443163,0.04645858091142176,0.15545726249265007,,,,
1,61,isotonic_within_seed_crossfit,0.76,0.7866666666666666,0.0245733642578125,0.15709018236229222,0.010281190076784314,0.1361586813330513,,,,
1,62,isotonic_within_seed_crossfit,0.76,0.78,0.028460896809895834,0.17028211407619784,0.050763957561574924,0.14066919318012175,,,,
1,63,isotonic_within_seed_crossfit,0.76,0.7533333333333333,0.026163889567057293,0.1735088788092675,0.0729421188892456,0.14476721747801014,,,,
1,64,isotonic_within_seed_crossfit,0.76,0.7433333333333333,0.03044525146484375,0.18099218116410787,0.02219781591481978,0.15015000873536694,,,,
1,65,isotonic_within_seed_crossfit,0.76,0.74,0.022694193522135416,0.18420378475095892,0.025110236846789744,0.1601990094272376,,,,
1,66,isotonic_within_seed_crossfit,0.76,0.81,0.027266031901041668,0.1510648568608973,0.050095905676747744,0.12678243944544826,,,,
0,67,isotonic_within_seed_crossfit,0.7633333333333333,0.7466666666666667,0.025493113199869792,0.17845294243335413,0.07909277530370466,0.15187779752616284,,,,
0,68,isotonic_within_seed_crossfit,0.7633333333333333,0.7633333333333333,0.03170089721679688,0.1813898383467205,0.047628333537352026,0.1429421086157599,,,,
0,69,isotonic_within_seed_crossfit,0.7633333333333333,0.7933333333333333,0.031158599853515625,0.14727182803306957,0.023022347809944863,0.120893457911925,,,,
0,70,isotonic_within_seed_crossfit,0.7633333333333333,0.72,0.027105204264322915,0.19012802016900388,0.04679735719538437,0.16632217550780554,,,,
0,71,isotonic_within_seed_crossfit,0.7633333333333333,0.7233333333333334,0.023005015055338543,0.181450379600192,0.06338506163695311,0.16300259354925908,,,,
0,72,isotonic_within_seed_crossfit,0.7633333333333333,0.7933333333333333,0.025289459228515623,0.1558546914291023,0.04018610328365337,0.13277958172669763,,,,
0,73,isotonic_within_seed_crossfit,0.7633333333333333,0.7366666666666667,0.02474665323893229,0.18817046491304518,0.03420498656930482,0.1621053409607738,,,,
0,74,isotonic_within_seed_crossfit,0.7633333333333333,0.7533333333333333,0.032098490397135415,0.17559546330117295,0.04879674292088477,0.1450121478142743,,,,
0,75,isotonic_within_seed_crossfit,0.7633333333333333,0.7866666666666666,0.0303924560546875,0.16239129465002614,0.024867251804483098,0.13500329373473482,,,,
0,76,isotonic_within_seed_crossfit,0.7633333333333333,0.7833333333333333,0.026559600830078123,0.16831508357158328,0.04008831511080492,0.1432283087722591,,,,
0,77,isotonic_within_seed_crossfit,0.7633333333333333,0.76,0.031483154296875,0.17138010878857096,0.07135019193803718,0.13914580790966785,,,,
0,78,isotonic_within_seed_crossfit,0.7633333333333333,0.74,0.034300435384114585,0.1832000060289222,0.05645193667152222,0.1470513360759755,,,,
0,79,isotonic_within_seed_crossfit,0.7633333333333333,0.79,0.03000523885091146,0.16058675959760446,0.019488916752043228,0.12827223603124613,,,,
0,80,isotonic_within_seed_crossfit,0.7633333333333333,0.7266666666666667,0.04407501220703125,0.1895876416677729,0.04052158633553355,0.14938048101830786,,,,
0,81,isotonic_within_seed_crossfit,0.7633333333333333,0.7633333333333333,0.032208099365234374,0.17097350065579253,0.056037454123037206,0.14642724201872862,,,,
0,82,isotonic_within_seed_crossfit,0.7633333333333333,0.7466666666666667,0.026509908040364582,0.18192141216865235,0.06702535998978862,0.14585415690502748,,,,
0,83,isotonic_within_seed_crossfit,0.7633333333333333,0.79,0.02155731201171875,0.15961474975388362,0.03391953869676312,0.13586063053434014,,,,
0,84,isotonic_within_seed_crossfit,0.7633333333333333,0.7866666666666666,0.03052912394205729,0.1624315912298102,0.07385888721688601,0.14198192639855667,,,,
0,85,isotonic_within_seed_crossfit,0.7633333333333333,0.8066666666666666,0.026590016682942707,0.14621875802248505,0.027713935195327413,0.1290807138024803,,,,
0,86,isotonic_within_seed_crossfit,0.7633333333333333,0.73,0.023902994791666667,0.18241130045270393,0.03393621004186782,0.15816020918271959,,,,
0,87,isotonic_within_seed_crossfit,0.7633333333333333,0.7933333333333333,0.033423055013020835,0.16120488749736064,0.03230410808592361,0.12659758433248208,,,,
0,88,isotonic_within_seed_crossfit,0.7633333333333333,0.7566666666666667,0.029165852864583335,0.17748055512282165,0.10337820301530432,0.15171749755986014,,,,
0,89,isotonic_within_seed_crossfit,0.7633333333333333,0.7233333333333334,0.029546254475911457,0.19762893959978386,0.018690073681519617,0.16013347473230027,,,,
0,90,isotonic_within_seed_crossfit,0.7633333333333333,0.72,0.02530553181966146,0.1884286896741601,0.02209661033736182,0.15086636200864456,,,,
0,91,isotonic_within_seed_crossfit,0.7633333333333333,0.7666666666666667,0.027438151041666668,0.172060464628775,0.023427857349497122,0.1444459426698262,,,,
1,42,platt_cross_seed,0.76,0.71,0.031878763834635414,0.1957171330266787,0.08206983302271802,0.16858137148018593,2.9261776372442228,0.6230191026040017,0.4463376332196131,0.23333333333333334
1,43,platt_cross_seed,0.76,0.8,0.030383504231770834,0.15324748563430524,0.039541526720073585,0.13036477882908548,1.1271886541303786,0.6746471957270739,0.49356996740968395,0.3
1,44,platt_cross_seed,0.76,0.7633333333333333,0.026738128662109374,0.16866352952891125,0.019961504592338027,0.1455738850100216,3.8610280975317437,0.6688993715373639,0.49052282429979627,0.26666666666666666
1,45,platt_cross_seed,0.76,0.7433333333333333,0.025804494222005207,0.17873473097716583,0.01580381642194726,0.15080415818570195,2.571901417611741,0.6471224188677569,0.46688423595195516,0.3
1,46,platt_cross_seed,0.76,0.7833333333333333,0.018736521402994793,0.15946625987013965,0.03986297460090764,0.1423341448326936,1.417218025852975,0.7288864275987561,0.5474580431405786,0.43333333333333335
1,47,platt_cross_seed,0.76,0.7133333333333334,0.029244181315104166,0.19183974605200446,0.04042459403386541,0.15447799428250386,1.6848019882024232,0.6351454509969467,0.46095126659978586,0.3
1,48,platt_cross_seed,0.76,0.7633333333333333,0.030401051839192707,0.16825544254697453,0.02272662917748892,0.13700598199469913,1.542820070601664,0.6886612413135507,0.5069684349075728,0.36666666666666664
1,49,platt_cross_seed,0.76,0.75,0.0319464111328125,0.17781290159763277,0.02323977137073102,0.13964412423696904,1.7874600209230778,0.715869183959641,0.5263120421819973,0.3333333333333333
1,50,platt_cross_seed,0.76,0.7633333333333333,0.03136118570963542,0.1761993941332084,0.046223294054483235,0.14527083280326206,3.5093974008933344,0.6203743499080864,0.44554120838107836,0.2
1,51,platt_cross_seed,0.76,0.8333333333333334,0.027629343668619792,0.13678390631413626,0.07780489711409101,0.11930844216724784,1.7198262440195435,0.7126242786396622,0.531895537536219,0.3333333333333333
1,52,platt_cross_seed,0.76,0.7533333333333333,0.03049860636393229,0.16804321125219976,0.030103249916828074,0.13883817836770093,1.9374814982594444,0.668964652734509,0.4951424014919998,0.4666666666666667
1,53,platt_cross_seed,0.76,0.8033333333333333,0.025901947021484375,0.15497587504015445,0.04894932793017604,0.13138192875148336,1.5270513984951322,0.6615072637779249,0.4885291040810415,0.43333333333333335
1,54,platt_cross_seed,0.76,0.7533333333333333,0.02498652140299479,0.1668653285962397,0.04504509447899274,0.14296416286326838,3.1670106185997042,0.7022327141226599,0.5207191957732834,0.36666666666666664
1,55,platt_cross_seed,0.76,0.7766666666666666,0.031208699544270833,0.16423730263705213,0.017652393532644445,0.1320624581925253,1.8714310384593205,0.6953208082397713,0.5070500848295773,0.43333333333333335
1,56,platt_cross_seed,0.76,0.73,0.036846923828125,0.17889530532900702,0.0708235183369725,0.14696645835932337,1.270058114556548,0.691539232674961,0.5043418966979056,0.36666666666666664
1,57,platt_cross_seed,0.76,0.7466666666666667,0.027906239827473957,0.18024086398454026,0.03814125037807799,0.15497662979897417,2.710099305744052,0.6763589235612222,0.495954133930981,0.3333333333333333
1,58,platt_cross_seed,0.76,0.7766666666666666,0.02373082478841146,0.1685833797243027,0.048557736728694526,0.15224665069091056,3.4067947479147733,0.6502874223363427,0.47725878958616724,0.16666666666666666
1,59,platt_cross_seed,0.76,0.77,0.026419576009114584,0.16716674319119973,0.029988472292193848,0.14414950749681787,2.6908104223933265,0.6921776941562146,0.5150007178569699,0.3
1,60,platt_cross_seed,0.76,0.7366666666666667,0.03372889200846354,0.18327244850512941,0.037307110753340346,0.15384183234659418,1.6493346735625778,0.7009660732203579,0.5194877875885349,0.3
1,61,platt_cross_seed,0.76,0.7866666666666666,0.0245733642578125,0.15592769729264566,0.034658882490375756,0.13462017363754458,1.0899341468212356,0.7099604068207858,0.5231420347600525,0.3
1,62,platt_cross_seed,0.76,0.78,0.028460896809895834,0.16785108174884034,0.04157319168090699,0.1381051558199969,2.302912667833766,0.6181038757206505,0.4492967704601386,0.3333333333333333
1,63,platt_cross_seed,0.76,0.7533333333333333,0.026163889567057293,0.16863493073806304,0.026019218585922446,0.13980456508129643,3.1134093307910007,0.666916096500838,0.49512858618645805,0.2
1,64,platt_cross_seed,0.76,0.7433333333333333,0.03044525146484375,0.1840453733638796,0.05519873801985885,0.15254927278108776,2.928731278719283,0.6855865768299748,0.5098225685626703,0.36666666666666664
1,65,platt_cross_seed,0.76,0.74,0.022694193522135416,0.18134209531453555,0.028779552996489554,0.1572892693574939,0.6521003331394013,0.7052753418917626,0.5199318365282378,0.5666666666666667
1,66,platt_cross_seed,0.76,0.81,0.027266031901041668,0.14806705731719358,0.04408833572013012,0.12352978959209397,2.6241618054232276,0.6567121613284882,0.48016576621212964,0.36666666666666664
0,67,platt_cross_seed,0.7633333333333333,0.7466666666666667,0.025493113199869792,0.1721312959154406,0.034235628538576354,0.14665916991696715,1.2038267924608306,0.7104039457558317,0.5244339006911948,0.5
0,68,platt_cross_seed,0.7633333333333333,0.7633333333333333,0.03170089721679688,0.1774251733193445,0.04617523863767924,0.1402891527995619,3.875275729190605,0.6598609780297018,0.49352515648159745,0.2
0,69,platt_cross_seed,0.7633333333333333,0.7933333333333333,0.031158599853515625,0.14685490785626515,0.03507677519901252,0.1201406450206537,1.9466941607524006,0.6406612286972808,0.47163613308247554,0.23333333333333334
0,70,platt_cross_seed,0.7633333333333333,0.72,0.027105204264322915,0.18822604618338515,0.05927899604382087,0.16471149278698383,1.7711030356654476,0.6829152376618195,0.5080799174627854,0.4666666666666667
0,71,platt_cross_seed,0.7633333333333333,0.7233333333333334,0.023005015055338543,0.18335063789194028,0.06088784223633223,0.16421370288720588,2.398707192683162,0.6830062012428694,0.5063721406868982,0.36666666666666664
0,72,platt_cross_seed,0.7633333333333333,0.7933333333333333,0.025289459228515623,0.15475774735721337,0.04735601185929436,0.13157768622444646,2.0386650919611213,0.7036818501297235,0.5155605656677688,0.23333333333333334
0,73,platt_cross_seed,0.7633333333333333,0.7366666666666667,0.02474665323893229,0.19028634395412233,0.06680745840287598,0.1635523538679987,2.2848979052924108,0.6491348207024203,0.4697932231484761,0.3
0,74,platt_cross_seed,0.7633333333333333,0.7533333333333333,0.032098490397135415,0.1724370719479389,0.03840779184658287,0.14261293017551926,1.698132376233417,0.6557208055825361,0.48378420925813426,0.5
0,75,platt_cross_seed,0.7633333333333333,0.7866666666666666,0.0303924560546875,0.1604286260160377,0.030581413299535086,0.13268670587041995,2.143642424051791,0.6558730036213545,0.48057477065488796,0.3333333333333333
0,76,platt_cross_seed,0.7633333333333333,0.7833333333333333,0.026559600830078123,0.16664263560321416,0.053360702575418154,0.1419589456306971,2.217800136363394,0.6409715891551313,0.4723312588150738,0.3333333333333333
0,77,platt_cross_seed,0.7633333333333333,0.76,0.031483154296875,0.1665358241071814,0.02856853764797119,0.13494091034268904,2.6130277925078076,0.6979226375932336,0.5117632042128373,0.23333333333333334
0,78,platt_cross_seed,0.7633333333333333,0.74,0.034300435384114585,0.1794579645303007,0.030955538171496707,0.14501674802432055,1.4992289270005585,0.6842891923757771,0.5083621920841332,0.4
0,79,platt_cross_seed,0.7633333333333333,0.79,0.03000523885091146,0.1578078137051658,0.02434509504603071,0.12635105827105123,0.8007546629313254,0.7300950353939587,0.5478654553037549,0.4666666666666667
0,80,platt_cross_seed,0.7633333333333333,0.7266666666666667,0.04407501220703125,0.1874025957916746,0.04322708511503071,0.14771866814343884,2.0427037385695144,0.610281991947496,0.454764593739491,0.4
0,81,platt_cross_seed,0.7633333333333333,0.7633333333333333,0.032208099365234374,0.1663005067273791,0.015943550083510512,0.14261416245675843,2.001799730774138,0.6825964087526072,0.4975379109381629,0.3
0,82,platt_cross_seed,0.7633333333333333,0.7466666666666667,0.026509908040364582,0.17696260518414655,0.026662824826688,0.1401284126884962,2.4363835910457965,0.7265722714111161,0.5410142502629731,0.3
0,83,platt_cross_seed,0.7633333333333333,0.79,0.02155731201171875,0.15979089319063042,0.03813027475643693,0.13649928358254168,2.334090226604218,0.6747952980328014,0.505591056921644,0.3333333333333333
0,84,platt_cross_seed,0.7633333333333333,0.7866666666666666,0.03052912394205729,0.16214129689616683,0.06397937285565702,0.14058921257795348,2.1674998120093107,0.7065231791038651,0.5289530671979379,0.3
0,85,platt_cross_seed,0.7633333333333333,0.8066666666666666,0.026590016682942707,0.14648078173873036,0.03771272102666135,0.12796111481391573,1.6617677080589885,0.7052638381905385,0.5259534286222073,0.3333333333333333
0,86,platt_cross_seed,0.7633333333333333,0.73,0.023902994791666667,0.17773720660672448,0.04315997172443019,0.15422253997967506,1.4979440334507217,0.7338811424847765,0.5348399244242784,0.36666666666666664
0,87,platt_cross_seed,0.7633333333333333,0.7933333333333333,0.033423055013020835,0.1583693206075167,0.04005653962949779,0.12479307480369925,1.7331072712692617,0.6453011962931242,0.47369022425152,0.36666666666666664
0,88,platt_cross_seed,0.7633333333333333,0.7566666666666667,0.029165852864583335,0.16948161344208085,0.03365799909118982,0.14607826510418165,1.417446137173414,0.6754898191651977,0.5059518051679489,0.4666666666666667
0,89,platt_cross_seed,0.7633333333333333,0.7233333333333334,0.029546254475911457,0.19662195563700155,0.04100898319269813,0.1577659346268925,2.603750835227487,0.6777042007893122,0.5021344872699127,0.3333333333333333
0,90,platt_cross_seed,0.7633333333333333,0.72,0.02530553181966146,0.18900784490091477,0.04057010084908011,0.14835705658984022,1.5327032343784595,0.690604143035952,0.5119471105400226,0.43333333333333335
0,91,platt_cross_seed,0.7633333333333333,0.7666666666666667,0.027438151041666668,0.17059213759838504,0.02456754260644329,0.1433122102044508,1.252097088941042,0.6822801529478089,0.5019002460489022,0.4666666666666667
1,42,platt_within_seed_crossfit,0.76,0.71,0.031878763834635414,0.1932468726702721,0.05249218464563788,0.16591150280572906,2.7999209555016478,0.6050665756312256,0.4297965940000233,0.2
1,43,platt_within_seed_crossfit,0.76,0.8,0.030383504231770834,0.1531849945630401,0.016316279347486355,0.13025615477429403,1.0757968903350559,0.6828115873435961,0.502845829523607,0.3333333333333333
1,44,platt_within_seed_crossfit,0.76,0.7633333333333333,0.026738128662109374,0.17019411281827335,0.019134610335493178,0.14675494585101062,3.7799100023502774,0.6693653873002308,0.49097093358066213,0.26666666666666666
1,45,platt_within_seed_crossfit,0.76,0.7433333333333333,0.025804494222005207,0.17976912320521488,0.026419164072482244,0.15153820336087198,2.6490274945759325,0.6420107243467907,0.46261429588789393,0.3
1,46,platt_within_seed_crossfit,0.76,0.7833333333333333,0.018736521402994793,0.15995820764199228,0.027220788842315963,0.14299077461951626,1.3477426473479568,0.7285940511695896,0.5481331393792426,0.4666666666666667
1,47,platt_within_seed_crossfit,0.76,0.7133333333333334,0.029244181315104166,0.19248731814451706,0.048192167345277426,0.15689563752681396,2.240781327967568,0.6236423031065388,0.44931006158302955,0.26666666666666666
1,48,platt_within_seed_crossfit,0.76,0.7633333333333333,0.030401051839192707,0.1714920580913666,0.016594619524215024,0.1394998123384947,1.5937597943150479,0.6840411041225338,0.5030698841640399,0.3333333333333333
1,49,platt_within_seed_crossfit,0.76,0.75,0.0319464111328125,0.18159606807867615,0.04856020620936189,0.14320344912811664,1.908070873727155,0.7151869022499878,0.5255042989275935,0.3333333333333333
1,50,platt_within_seed_crossfit,0.76,0.7633333333333333,0.03136118570963542,0.17576720586840192,0.02035594356990803,0.1456196225892161,4.110247116244238,0.6367768604289414,0.4619161073966995,0.2
1,51,platt_within_seed_crossfit,0.76,0.8333333333333334,0.027629343668619792,0.13145279522052325,0.025868283162766972,0.11717118360128509,1.5455461430844366,0.726762049173587,0.5492064090379024,0.4
1,52,platt_within_seed_crossfit,0.76,0.7533333333333333,0.03049860636393229,0.1707769442441495,0.057040719531171125,0.1412083262293931,1.9374814982594444,0.6606346199070764,0.48621889688260767,0.4666666666666667
1,53,platt_within_seed_crossfit,0.76,0.8033333333333333,0.025901947021484375,0.1535243131733406,0.03292751517834524,0.1297810935317458,1.4439378724518974,0.6736048861178874,0.5056704761540605,0.4666666666666667
1,54,platt_within_seed_crossfit,0.76,0.7533333333333333,0.02498652140299479,0.1663550817009409,0.0244040217555711,0.14268594909065094,2.222972063370662,0.6873683748795781,0.50734606237844,0.3333333333333333
1,55,platt_within_seed_crossfit,0.76,0.7766666666666666,0.031208699544270833,0.16565162468735697,0.011421109961449289,0.13359538074199848,1.8901643315862486,0.6989188316752122,0.5115326917767512,0.4666666666666667
1,56,platt_within_seed_crossfit,0.76,0.73,0.036846923828125,0.17776884064519463,0.05548993833449438,0.14530804639983338,0.7902609088600911,0.6815049804301444,0.49466551727705516,0.36666666666666664
1,57,platt_within_seed_crossfit,0.76,0.7466666666666667,0.027906239827473957,0.18137893648707645,0.03129732768270311,0.15593946743035103,2.7160357830830435,0.6803359804792328,0.4987908591965538,0.36666666666666664
1,58,platt_within_seed_crossfit,0.76,0.7766666666666666,0.02373082478841146,0.16848585749757847,0.04364885150084764,0.15196786901064768,3.4067947479147733,0.6614057669230216,0.49065725708405605,0.16666666666666666
1,59,platt_within_seed_crossfit,0.76,0.77,0.026419576009114584,0.16898044842168597,0.028083931565718787,0.1460937842716168,2.6908104223933265,0.6932053378920793,0.5168918680340184,0.3
1,60,platt_within_seed_crossfit,0.76,0.7366666666666667,0.03372889200846354,0.18413611049102688,0.04014545674635156,0.1540255909026376,1.6765075846307695,0.6955365567065105,0.5131327834197006,0.26666666666666666
1,61,platt_within_seed_crossfit,0.76,0.7866666666666666,0.0245733642578125,0.15621552266309502,0.03109532036511056,0.13495633081620317,1.612914191720165,0.7061316043635688,0.5210276934036399,0.3
1,62,platt_within_seed_crossfit,0.76,0.78,0.028460896809895834,0.16710024571921792,0.03323366010582061,0.13761798516734572,2.142195514594505,0.6269881905433573,0.4640843767287115,0.3333333333333333
1,63,platt_within_seed_crossfit,0.76,0.7533333333333333,0.026163889567057293,0.16840939780576164,0.014569302240047866,0.14011043275868978,3.1134093307910007,0.6530726526813817,0.48515865002923414,0.2
1,64,platt_within_seed_crossfit,0.76,0.7433333333333333,0.03044525146484375,0.18559967850634668,0.02990275409274015,0.15332039221625735,2.9802253684882487,0.6866498253726255,0.510678088880859,0.3333333333333333
1,65,platt_within_seed_crossfit,0.76,0.74,0.022694193522135416,0.1817014398742181,0.023218973663692837,0.15784290123457623,0.6521003331394013,0.7015377963047121,0.5157422891732903,0.5666666666666667
1,66,platt_within_seed_crossfit,0.76,0.81,0.027266031901041668,0.14883757688005256,0.046591219698588884,0.12545805008578986,2.235283147518743,0.6588267324455258,0.486881058266749,0.4
0,67,platt_within_seed_crossfit,0.7633333333333333,0.7466666666666667,0.025493113199869792,0.17453959174551523,0.03470947919262224,0.14914689827566083,1.2591869582513766,0.6987164868929572,0.5113353891009262,0.4666666666666667
0,68,platt_within_seed_crossfit,0.7633333333333333,0.7633333333333333,0.03170089721679688,0.1795612651477116,0.05995327994255581,0.1411880708037941,3.9401043251206715,0.6737402881427543,0.5085368173906032,0.2
0,69,platt_within_seed_crossfit,0.7633333333333333,0.7933333333333333,0.031158599853515625,0.14728551862461056,0.04816957933480149,0.12159878988464731,1.8134277308023172,0.6302368461756129,0.46490744562172115,0.26666666666666666
0,70,platt_within_seed_crossfit,0.7633333333333333,0.72,0.027105204264322915,0.18777608048503053,0.034831995062703076,0.1639410760295703,1.5318750329055888,0.6723994915636247,0.496310425433177,0.43333333333333335
0,71,platt_within_seed_crossfit,0.7633333333333333,0.7233333333333334,0.023005015055338543,0.18309141919632668,0.03029177941644578,0.1641272695292484,2.4951376371272715,0.6645230533235895,0.4890648952909241,0.3333333333333333
0,72,platt_within_seed_crossfit,0.7633333333333333,0.7933333333333333,0.025289459228515623,0.15456474656773012,0.021063508902425244,0.13149438783048653,2.0133215412613765,0.7018403681798389,0.5155156738078125,0.23333333333333334
0,73,platt_within_seed_crossfit,0.7633333333333333,0.7366666666666667,0.02474665323893229,0.1902114423202949,0.04024736851302316,0.16397383455270273,2.2176950605584693,0.6505961754909486,0.47272000318438456,0.3
0,74,platt_within_seed_crossfit,0.7633333333333333,0.7533333333333333,0.032098490397135415,0.17616968745451747,0.07944898465783048,0.14548150558834716,1.7464094969847395,0.6468254471898993,0.4756488497676597,0.5
0,75,platt_within_seed_crossfit,0.7633333333333333,0.7866666666666666,0.0303924560546875,0.16078139887867343,0.033029194721563224,0.13334199452941214,2.2141869674824193,0.6599597819260176,0.48729421655330646,0.3333333333333333
0,76,platt_within_seed_crossfit,0.7633333333333333,0.7833333333333333,0.026559600830078123,0.16827552324511502,0.04091247266021021,0.1444360690052027,2.7291958349532024,0.6597968741985486,0.4909997707269155,0.3333333333333333
0,77,platt_within_seed_crossfit,0.7633333333333333,0.76,0.031483154296875,0.1694732053265529,0.056281734883560246,0.13795419902653638,2.6130277925078076,0.688542291679422,0.5027113967393473,0.23333333333333334
0,78,platt_within_seed_crossfit,0.7633333333333333,0.74,0.034300435384114585,0.18121071943819936,0.006319165384160618,0.14580150221377072,1.5067217900635796,0.6753201233953269,0.4974127835244362,0.36666666666666664
0,79,platt_within_seed_crossfit,0.7633333333333333,0.79,0.03000523885091146,0.15887313564809782,0.014786597847385946,0.1268868926515375,1.3882708387099,0.7346411542276974,0.5539558347316861,0.43333333333333335
0,80,platt_within_seed_crossfit,0.7633333333333333,0.7266666666666667,0.04407501220703125,0.1877119948790773,0.04976768161112935,0.14789562387323102,2.0427037385695144,0.6015349538443487,0.44644586631161687,0.4
0,81,platt_within_seed_crossfit,0.7633333333333333,0.7633333333333333,0.032208099365234374,0.1682187540530139,0.041136667376785105,0.14413959758609868,1.9574347140932389,0.6640486922521655,0.4840538896832328,0.3
0,82,platt_within_seed_crossfit,0.7633333333333333,0.7466666666666667,0.026509908040364582,0.1805527397388912,0.06296683696210417,0.14343085916366585,2.4045740049296,0.7107742244511996,0.5256612341579292,0.3
0,83,platt_within_seed_crossfit,0.7633333333333333,0.79,0.02155731201171875,0.16053198993602963,0.041132997431221806,0.1365952339025748,2.4226540373261685,0.6804380966164951,0.5140996752400773,0.36666666666666664
0,84,platt_within_seed_crossfit,0.7633333333333333,0.7866666666666666,0.03052912394205729,0.1626909542535146,0.0328242520078886,0.14195215234751005,2.1674998120093107,0.7130034029757851,0.5370245789049257,0.3
0,85,platt_within_seed_crossfit,0.7633333333333333,0.8066666666666666,0.026590016682942707,0.14844163423767975,0.04618438213504829,0.13097343772573505,1.5386214306648753,0.7019231826141122,0.5255502618683022,0.36666666666666664
0,86,platt_within_seed_crossfit,0.7633333333333333,0.73,0.023902994791666667,0.17721557999591137,0.020963967496465626,0.1534825619480193,1.4963603332874982,0.7157039137649872,0.5189419634888497,0.3333333333333333
0,87,platt_within_seed_crossfit,0.7633333333333333,0.7933333333333333,0.033423055013020835,0.1605440818267824,0.033623768518092734,0.12613791798389773,1.9958820007405507,0.6524624420838192,0.4827235426653796,0.36666666666666664
0,88,platt_within_seed_crossfit,0.7633333333333333,0.7566666666666667,0.029165852864583335,0.17110203949333877,0.05321939417716252,0.1470052356728572,1.4373746318502185,0.6715477038673066,0.5018650295359337,0.43333333333333335
0,89,platt_within_seed_crossfit,0.7633333333333333,0.7233333333333334,0.029546254475911457,0.19721174930618493,0.0212496310446487,0.1596145335062792,2.603750835227487,0.6831634210548695,0.5090505691087076,0.3333333333333333
0,90,platt_within_seed_crossfit,0.7633333333333333,0.72,0.02530553181966146,0.19082670524014758,0.05121871248040556,0.15223505688711703,1.5327032343784595,0.6811823557325022,0.5031087740945154,0.43333333333333335
0,91,platt_within_seed_crossfit,0.7633333333333333,0.7666666666666667,0.027438151041666668,0.17301295570494013,0.03685956933262082,0.14504363467281847,1.1090319470081056,0.6886630895939838,0.5080929443326653,0.5
1,42,true_probability,0.76,0.71,0.031878763834635414,0.02017852783203125,0.032057291666666675,0.0,0.931675285686083,0.937742983771327,0.7779696947393457,0.4666666666666667
1,43,true_probability,0.76,0.8,0.030383504231770834,0.03516337076822917,0.019817708333333343,0.0,0.8684331914504924,0.9424550710554543,0.7953267571447434,0.43333333333333335
1,44,true_probability,0.76,0.7633333333333333,0.026738128662109374,0.031686350504557294,0.022434895833333357,0.0,0.40079047999438444,0.9523281130238997,0.8055436487484847,0.6
1,45,true_probability,0.76,0.7433333333333333,0.025804494222005207,0.020640818277994792,0.01665364583333334,0.0,0.6663484170953495,0.9420657912881331,0.7905456928077943,0.5666666666666667
1,46,true_probability,0.76,0.7833333333333333,0.018736521402994793,0.013125457763671876,0.01295572916666668,0.0,0.519475093204619,0.9501984738166881,0.8063349474602602,0.5333333333333333
1,47,true_probability,0.76,0.7133333333333334,0.029244181315104166,0.03270894368489583,0.03119791666666669,0.0,0.7090600418548831,0.9386131340506588,0.7853768179934044,0.4
1,48,true_probability,0.76,0.7633333333333333,0.030401051839192707,0.025653635660807292,0.02584635416666669,0.0,0.7492086454091975,0.9465416024111275,0.8003903920185275,0.5333333333333333
1,49,true_probability,0.76,0.75,0.0319464111328125,0.033574422200520836,0.02135416666666668,0.0,0.81851130717709,0.947050823134418,0.8017524919337217,0.5
1,50,true_probability,0.76,0.7633333333333333,0.03136118570963542,0.030253397623697918,0.02257812500000004,0.0,0.9806477954381307,0.9358555245174406,0.7796521286805804,0.43333333333333335
1,51,true_probability,0.76,0.8333333333333334,0.027629343668619792,0.03175867716471354,0.03011718750000002,0.0,0.5202750453925091,0.9420985903959016,0.7942871970423547,0.4666666666666667
1,52,true_probability,0.76,0.7533333333333333,0.03049860636393229,0.03329045613606771,0.022304687499999986,0.0,0.5434954515672814,0.9575386299065326,0.817061193405699,0.6
1,53,true_probability,0.76,0.8033333333333333,0.025901947021484375,0.02705378214518229,0.026263020833333355,0.0,0.5841846893079321,0.9525219813212595,0.8087549975078063,0.6
1,54,true_probability,0.76,0.7533333333333333,0.02498652140299479,0.026875457763671874,0.016992187500000023,0.0,0.6270807897942063,0.951553815932234,0.8090745703880188,0.5666666666666667
1,55,true_probability,0.76,0.7766666666666666,0.031208699544270833,0.024338175455729166,0.015937499999999983,0.0,0.7628480339176349,0.9455579796056132,0.795954102574936,0.5666666666666667
1,56,true_probability,0.76,0.73,0.036846923828125,0.049012451171875,0.040390624999999965,0.0,0.5400256123358247,0.9492848531027175,0.7999890428168188,0.4666666666666667
1,57,true_probability,0.76,0.7466666666666667,0.027906239827473957,0.02411198933919271,0.017981770833333344,0.0,0.5074982130976764,0.9539517996692797,0.8142527196823184,0.6
1,58,true_probability,0.76,0.7766666666666666,0.02373082478841146,0.03068323771158854,0.01764322916666668,0.0,0.9036107291932751,0.9456217993524538,0.7947890260077045,0.4
1,59,true_probability,0.76,0.77,0.026419576009114584,0.028658548990885418,0.022161458333333366,0.0,0.7006812451325004,0.94591023152659,0.7984030801032447,0.5
1,60,true_probability,0.76,0.7366666666666667,0.03372889200846354,0.029096628824869793,0.020403645833333307,0.0,0.9407364771455491,0.9500514310622903,0.8028939309476105,0.43333333333333335
1,61,true_probability,0.76,0.7866666666666666,0.0245733642578125,0.021494344075520835,0.01718750000000004,0.0,0.6928445373587522,0.9466864811343138,0.7988161588472139,0.43333333333333335
1,62,true_probability,0.76,0.78,0.028460896809895834,0.029065144856770832,0.02447916666666672,0.0,0.8314852776877615,0.9353934648319755,0.7754755160023865,0.5
1,63,true_probability,0.76,0.7533333333333333,0.026163889567057293,0.02239079793294271,0.015872395833333306,0.0,0.991252439948795,0.9388086194892099,0.786906402463412,0.26666666666666666
1,64,true_probability,0.76,0.7433333333333333,0.03044525146484375,0.03330474853515625,0.023697916666666645,0.0,0.6759456353042879,0.9517182656335773,0.8066430915889563,0.4666666666666667
1,65,true_probability,0.76,0.74,0.022694193522135416,0.02053497314453125,0.017838541666666652,0.0,0.43296914146924337,0.9618729577530819,0.8268950158466463,0.6666666666666666
1,66,true_probability,0.76,0.81,0.027266031901041668,0.03132771809895833,0.02023437499999995,0.0,0.5972116533868643,0.9525533764838837,0.8099761433213329,0.6
0,67,true_probability,0.7633333333333333,0.7466666666666667,0.025493113199869792,0.028738657633463543,0.018658854166666648,0.0,0.5739232247837549,0.9600371974943722,0.8264173939298504,0.6
0,68,true_probability,0.7633333333333333,0.7633333333333333,0.03170089721679688,0.03023920694986979,0.017434895833333342,0.0,0.7651300839320356,0.9554245832192461,0.8119068005367797,0.5
0,69,true_probability,0.7633333333333333,0.7933333333333333,0.031158599853515625,0.03343775431315104,0.03511718749999999,0.0,0.8859316987418708,0.9392635943882418,0.7853275425028438,0.36666666666666664
0,70,true_probability,0.7633333333333333,0.72,0.027105204264322915,0.022712504069010417,0.017812499999999967,0.0,0.43893038207710333,0.9531659241689083,0.8119591482118658,0.6666666666666666
0,71,true_probability,0.7633333333333333,0.7233333333333334,0.023005015055338543,0.012867380777994791,0.02118489583333333,0.0,0.5224509341138344,0.9505671394234687,0.8096545736804129,0.5666666666666667
0,72,true_probability,0.7633333333333333,0.7933333333333333,0.025289459228515623,0.01862981160481771,0.011315104166666659,0.0,1.0158211904535506,0.9341050631511022,0.78167951148853,0.3
0,73,true_probability,0.7633333333333333,0.7366666666666667,0.02474665323893229,0.028130950927734374,0.021888020833333327,0.0,0.984441958585279,0.9454130994118387,0.792999793883106,0.4
0,74,true_probability,0.7633333333333333,0.7533333333333333,0.032098490397135415,0.02917755126953125,0.024166666666666677,0.0,0.5889059045302361,0.9587429198941142,0.8197610721934763,0.6
0,75,true_probability,0.7633333333333333,0.7866666666666666,0.0303924560546875,0.024894002278645834,0.022994791666666636,0.0,0.8148545894421488,0.9476968096653554,0.7954032091487875,0.5333333333333333
0,76,true_probability,0.7633333333333333,0.7833333333333333,0.026559600830078123,0.023661753336588542,0.019804687499999966,0.0,0.7499826291690113,0.9411277565163408,0.7904122591355419,0.5333333333333333
0,77,true_probability,0.7633333333333333,0.76,0.031483154296875,0.024193929036458332,0.01765625000000003,0.0,0.7427436579877167,0.9313076004835963,0.7783882263280145,0.4666666666666667
0,78,true_probability,0.7633333333333333,0.74,0.034300435384114585,0.03770477294921875,0.03757812499999994,0.0,0.5703338295728884,0.9602792602977192,0.823247437425914,0.6
0,79,true_probability,0.7633333333333333,0.79,0.03000523885091146,0.033471323649088544,0.027148437499999928,0.0,0.35832906702094647,0.9632282970901774,0.8314263563159647,0.6
0,80,true_probability,0.7633333333333333,0.7266666666666667,0.04407501220703125,0.049023946126302086,0.04963541666666668,0.0,0.40766554429063717,0.9539143604622793,0.8125148392322868,0.6666666666666666
0,81,true_probability,0.7633333333333333,0.7633333333333333,0.032208099365234374,0.03358617146809896,0.018294270833333362,0.0,1.0357900710246213,0.9400684064975088,0.7899613852200806,0.43333333333333335
0,82,true_probability,0.7633333333333333,0.7466666666666667,0.026509908040364582,0.02729217529296875,0.022369791666666614,0.0,0.7335159325263589,0.9496553551723506,0.8082106007226849,0.5
0,83,true_probability,0.7633333333333333,0.79,0.02155731201171875,0.021671854654947916,0.020989583333333398,0.0,0.7901664774955179,0.9519998348702335,0.8102443749232332,0.5333333333333333
0,84,true_probability,0.7633333333333333,0.7866666666666666,0.03052912394205729,0.03492660522460937,0.02709635416666669,0.0,0.5907705299831036,0.9597126390612443,0.8235632445029949,0.5333333333333333
0,85,true_probability,0.7633333333333333,0.8066666666666666,0.026590016682942707,0.03011571248372396,0.031132812500000027,0.0,0.5613718063077044,0.9585106980746044,0.8203099552789251,0.6
0,86,true_probability,0.7633333333333333,0.73,0.023902994791666667,0.018779296875,0.021354166666666643,0.0,1.0733657766067495,0.9517807524851204,0.8070473407817454,0.4666666666666667
0,87,true_probability,0.7633333333333333,0.7933333333333333,0.033423055013020835,0.0324102783203125,0.022291666666666633,0.0,0.5343746447548483,0.9421019154366307,0.7948649413225058,0.5666666666666667
0,88,true_probability,0.7633333333333333,0.7566666666666667,0.029165852864583335,0.030782063802083332,0.03966145833333333,0.0,0.6446087962055742,0.9492110530528732,0.8056337149749543,0.6
0,89,true_probability,0.7633333333333333,0.7233333333333334,0.029546254475911457,0.019737599690755208,0.02917968750000001,0.0,0.5979152796506071,0.9547252102671206,0.8139419951059742,0.5333333333333333
0,90,true_probability,0.7633333333333333,0.72,0.02530553181966146,0.03759811401367188,0.03292968749999998,0.0,0.7373065394146181,0.950682513328624,0.8048748327339791,0.5333333333333333
0,91,true_probability,0.7633333333333333,0.7666666666666667,0.027438151041666668,0.03170247395833333,0.02192708333333336,0.0,0.5631317175886181,0.9514329486522523,0.8087080588466442,0.6
