regime,probability,ratio_label,ratio,n_seeds,event_rate,share_p_true_gt_095_portfolio,reference_share_selected_p_true_gt_095,regret_sys_median,regret_sys_ci_low,regret_sys_ci_high,jaccard_sys_median,share_selected_p_true_gt_095_sys_median,n_actions_sys_median,regret_exp_median,regret_exp_ci_low,regret_exp_ci_high,jaccard_exp_median,share_selected_p_true_gt_095_exp_median,n_actions_exp_median,effect_exp_minus_sys,effect_ci_low,effect_ci_high,p_value,sys_wins_fraction,holm_p
R76 (reported),platt,0.20,0.2,50,0.7616666666666667,0.6716666666666666,1.0,1.3830659869410482,1.2462868494075963,1.6698481465557553,0.3181818181818182,0.896551724137931,29.0,1.6082911709575285,1.3874708459318157,1.874477060184148,0.2608695652173913,0.896551724137931,29.0,0.11624369060244533,0.09319467375588886,0.1728773396373248,0.00028808063448340003,0.8,0.0020165644413838004
R76 (reported),platt,0.224,0.22350759692946381,50,0.7616666666666667,0.6716666666666666,1.0,1.3659337784135346,1.1356389266642282,1.5802369163017715,0.3181818181818182,0.896551724137931,29.0,1.4982352758930801,1.3440817542387429,1.8498673508310048,0.2608695652173913,0.896551724137931,29.0,0.11973987813505005,0.08405696566002518,0.1642157711093546,0.0006333954000629907,0.76,0.003800372400377944
R76 (reported),platt,0.455,0.45454545454545453,50,0.7616666666666667,0.6716666666666666,1.0,1.0525566919746296,0.9475399043277264,1.250081507005632,0.3488372093023256,0.9310344827586207,29.0,1.2833215508146765,1.1481202096156762,1.4862393459186478,0.2608695652173913,0.9310344827586207,29.0,0.20126416672677294,0.1319942023742755,0.29656641949986806,6.825250486741652e-05,0.8,0.0005460200389393322
R76 (reported),platt,1.0,1.0,50,0.7616666666666667,0.6716666666666666,1.0,0.8379949417688977,0.6856633085864132,1.0206839752268593,0.38095238095238093,0.9655172413793104,29.0,1.1852024182372816,1.0583979219572655,1.4075203405402021,0.23404255319148937,0.9655172413793104,29.0,0.3616899505622655,0.2762667999234907,0.40423057205264495,8.855280952957401e-10,0.9,1.859609000121054e-08
R76 (reported),platt,2.0,2.0,50,0.7616666666666667,0.6716666666666666,1.0,0.7316756336845174,0.6419707258211603,0.8654874961718377,0.38095238095238093,0.9655172413793104,29.0,1.1932434802764789,1.1197636080844404,1.4062783597866826,0.22118794326241137,0.9655172413793104,29.0,0.4446051260043049,0.3437530526277044,0.5415659542554465,1.0206946399193839e-10,0.94,2.2455282078226446e-09
R76 (reported),covariate,0.20,0.2,50,0.7616666666666667,0.6716666666666666,1.0,0.19670678058257351,0.17478955612256186,0.22325234864916865,0.6571428571428571,1.0,29.0,0.21321481608323722,0.19390596468687352,0.24114737906974426,0.6111111111111112,1.0,29.0,0.015638275996337825,0.006105147253407495,0.02496612706192991,6.639428259340563e-06,0.66,5.9754854334065065e-05
R76 (reported),covariate,0.224,0.22350759692946381,50,0.7616666666666667,0.6716666666666666,1.0,0.19456353103777246,0.17478955612256186,0.21275938917108583,0.6571428571428571,1.0,29.0,0.21236864460685467,0.19198781441047288,0.25022646614226574,0.6111111111111112,1.0,29.0,0.017878782066489407,0.007983298870414046,0.024354250773660616,1.140214479510659e-07,0.74,1.2542359274617248e-06
R76 (reported),covariate,0.455,0.45454545454545453,50,0.7616666666666667,0.6716666666666666,1.0,0.19434880652447362,0.18219851507109938,0.21508573350536153,0.6571428571428571,1.0,29.0,0.2312240868478881,0.21603536391315467,0.264590235095298,0.5675675675675675,1.0,29.0,0.0394535756738037,0.02252372693621041,0.053118597373597254,3.569388204466033e-08,0.8,4.930209258337035e-07
R76 (reported),covariate,1.0,1.0,50,0.7616666666666667,0.6716666666666666,1.0,0.21882809592290187,0.1988336493469962,0.24078030027655473,0.6111111111111112,1.0,29.0,0.3095742313967378,0.2791585116201247,0.3315900906664524,0.5263157894736842,1.0,29.0,0.0756017887995597,0.0650692930811374,0.09654828906143109,3.5215780416693106e-08,0.9,4.930209258337035e-07
R76 (reported),covariate,2.0,2.0,50,0.7616666666666667,0.6716666666666666,1.0,0.2580055013588094,0.23073802443360591,0.29175670015828814,0.5675675675675675,1.0,29.0,0.40665825910173226,0.3678375465812991,0.45475992956946243,0.45,1.0,29.0,0.13282589042809434,0.10232206982023229,0.17590132120550872,3.774777770204904e-09,0.96,6.417122209348337e-08
R76 (reported),true,0.20,0.2,50,0.7616666666666667,0.6716666666666666,1.0,0.00017329770345497764,0.0,0.0009731616868009496,0.9333333333333333,1.0,29.0,0.0,0.0,1.1791008347472598e-06,1.0,1.0,29.0,0.0,0.0,0.0,0.002217721464237049,0.0,0.009314787416460772
R76 (reported),true,0.224,0.22350759692946381,50,0.7616666666666667,0.6716666666666666,1.0,0.0,0.0,0.0,1.0,1.0,29.0,0.0,0.0,0.0,1.0,1.0,29.0,0.0,0.0,0.0,0.002217721464237049,0.0,0.009314787416460772
R76 (reported),true,0.455,0.45454545454545453,50,0.7616666666666667,0.6716666666666666,1.0,0.0071353929131561245,0.003467288235185606,0.010262775433290017,0.9021505376344086,1.0,29.0,0.007237210632183633,0.0037235820728653835,0.010689434490622663,0.9021505376344086,1.0,29.0,0.0,0.0,0.0,0.8446284810712963,0.16,1.0
R76 (reported),true,1.0,1.0,50,0.7616666666666667,0.6716666666666666,1.0,0.03588897937353863,0.029258786197104314,0.0421090563428379,0.8125,1.0,29.0,0.03749206193238308,0.028557478418520077,0.04887910985988242,0.8125,1.0,29.0,0.0,0.0,0.0,0.5230089917974712,0.26,1.0
R76 (reported),true,2.0,2.0,50,0.7616666666666667,0.6716666666666666,1.0,0.06428912325206682,0.048938581930642044,0.07632698472843913,0.7575757575757576,1.0,29.0,0.0658165656391958,0.0555038494615161,0.08212078607914464,0.7058823529411765,1.0,29.0,0.0,0.0,0.0056576670347396885,0.0018629574832921543,0.42,0.009314787416460772
R76 (reported),w0.25,0.20,0.2,50,0.7616666666666667,0.6716666666666666,1.0,0.47807806079156023,0.45578988194087344,0.5560056462915384,0.4146341463414634,0.9655172413793104,29.0,0.5920785333533871,0.5478645688785662,0.6648458932387058,0.3488372093023256,0.9655172413793104,29.0,0.08010011224719449,0.06852615890764469,0.09984354153853303,1.2748976813850245e-07,0.86,1.2748976813850246e-06
R76 (reported),w0.25,0.224,0.22350759692946381,50,0.7616666666666667,0.6716666666666666,1.0,0.47442292087647786,0.4495860662990811,0.5361610293574586,0.4146341463414634,0.9655172413793104,29.0,0.591590251473022,0.5477692254297892,0.6630145077481728,0.3488372093023256,0.9655172413793104,29.0,0.09135633734847204,0.06901955322089748,0.10997365261994219,5.147352595905896e-08,0.9,6.176823115087076e-07
R76 (reported),w0.25,0.455,0.45454545454545453,50,0.7616666666666667,0.6716666666666666,1.0,0.4607126903916594,0.4179929674400569,0.5052735747014907,0.45,0.9655172413793104,29.0,0.6427161766051483,0.5744566156943165,0.7134603484451532,0.3488372093023256,0.9655172413793104,29.0,0.15734844453480434,0.11257180203155885,0.18883845009139577,5.329070518200751e-15,0.98,1.2789769243681803e-13
R76 (reported),w0.25,1.0,1.0,50,0.7616666666666667,0.6716666666666666,1.0,0.439138718138139,0.4000517613278746,0.5147005825121482,0.45,1.0,29.0,0.7668233901108295,0.7097502279812318,0.8280590790748761,0.28888888888888886,1.0,29.0,0.28404588743472914,0.22651749976131058,0.32958948167262747,1.7763568394002505e-15,1.0,5.3290705182007514e-14
R76 (reported),w0.25,2.0,2.0,50,0.7616666666666667,0.6716666666666666,1.0,0.4631988858082394,0.42534864362140756,0.5081355866510506,0.45,1.0,29.0,0.8943859475144222,0.814477173724442,0.9391309731987292,0.28888888888888886,1.0,29.0,0.3913030975741094,0.3120467085522023,0.44025811485906274,8.881784197001252e-15,0.98,2.042810365310288e-13
R76 (reported),w0.50,0.20,0.2,50,0.7616666666666667,0.6716666666666666,1.0,0.2806777636925091,0.2397485610590735,0.31039112481619213,0.5263157894736842,1.0,29.0,0.3610054254274502,0.3274365897941102,0.4135295646628947,0.45,1.0,29.0,0.09763711937054609,0.07236083503119062,0.12240242123655776,2.237331656308254e-09,0.94,4.250930146985683e-08
R76 (reported),w0.50,0.224,0.22350759692946381,50,0.7616666666666667,0.6716666666666666,1.0,0.2806777636925091,0.2495987080996116,0.31039112481619213,0.5263157894736842,1.0,29.0,0.35574727169057496,0.3278704322216015,0.4133248877801979,0.45,1.0,29.0,0.09856395612658275,0.07644772814012235,0.126670272255323,3.0611844773118703e-09,0.94,5.5101320591613664e-08
R76 (reported),w0.50,0.455,0.45454545454545453,50,0.7616666666666667,0.6716666666666666,1.0,0.2516545172298237,0.22142620980119432,0.28923520904965017,0.5675675675675675,1.0,29.0,0.42601092709327304,0.3960529667918138,0.4666357528296679,0.45,1.0,29.0,0.1947548466868625,0.16339950912647794,0.24123446000433546,1.7763568394002505e-15,1.0,5.3290705182007514e-14
R76 (reported),w0.50,1.0,1.0,50,0.7616666666666667,0.6716666666666666,1.0,0.24350841935468281,0.21099182738893774,0.2855000335410448,0.5675675675675675,1.0,29.0,0.5691550544162283,0.5165809406831272,0.6044182322316942,0.38095238095238093,1.0,29.0,0.31033954601792857,0.27395959652376367,0.363666469563384,1.7763568394002505e-15,1.0,5.3290705182007514e-14
R76 (reported),w0.50,2.0,2.0,50,0.7616666666666667,0.6716666666666666,1.0,0.2427913989244388,0.22371446880109147,0.27931418491611876,0.5469416785206258,1.0,29.0,0.69979398169626,0.6565155112704368,0.7719392603582094,0.3488372093023256,1.0,29.0,0.42450233561243067,0.3834111810574541,0.5020437110852214,1.7763568394002505e-15,1.0,5.3290705182007514e-14
R76 (reported),w0.75,0.20,0.2,50,0.7616666666666667,0.6716666666666666,1.0,0.0625334859115867,0.049103646491929,0.0753043374462084,0.7575757575757576,1.0,29.0,0.11181993992983053,0.08243696457226549,0.1211552999743617,0.6571428571428571,1.0,29.0,0.03307017724017669,0.021419879244902518,0.04295602441559652,2.424230228979865e-08,0.84,3.6363453434697976e-07
R76 (reported),w0.75,0.224,0.22350759692946381,50,0.7616666666666667,0.6716666666666666,1.0,0.06123063677569007,0.047790708209859645,0.08749718579053933,0.7575757575757576,1.0,29.0,0.1046494784770573,0.08190199238727197,0.12115117934018294,0.6815126050420168,1.0,29.0,0.03737202742664181,0.027429797803506517,0.04555729462103386,1.513347214967688e-08,0.86,2.421355543948301e-07
R76 (reported),w0.75,0.455,0.45454545454545453,50,0.7616666666666667,0.6716666666666666,1.0,0.06515322935722168,0.05561411089580304,0.07476506032264751,0.7575757575757576,1.0,29.0,0.14437366629371695,0.12489341672244336,0.16505095194129524,0.6571428571428571,1.0,29.0,0.0724127788063953,0.05246490986778128,0.08719328322541742,1.1100954635085601e-09,0.98,2.2201909270171204e-08
R76 (reported),w0.75,1.0,1.0,50,0.7616666666666667,0.6716666666666666,1.0,0.08480505548737938,0.07530965455869705,0.1006965049491555,0.7058823529411765,1.0,29.0,0.2426008577683092,0.2216330970204595,0.3040061569272581,0.5675675675675675,1.0,29.0,0.15178793538923685,0.11403039341573162,0.20698545539559773,1.7763568394002505e-15,1.0,5.3290705182007514e-14
R76 (reported),w0.75,2.0,2.0,50,0.7616666666666667,0.6716666666666666,1.0,0.11132629351443768,0.10125640847619737,0.1292708405563303,0.7058823529411765,1.0,29.0,0.44177971722818654,0.4147132383574551,0.4964037066626332,0.45,1.0,29.0,0.3412245744253397,0.31064395539132306,0.38664488378474005,1.7763568394002505e-15,1.0,5.3290705182007514e-14
R50,platt,0.20,0.2,50,0.5016666666666667,0.4166666666666667,1.0,3.725761222253425,3.466568049033419,4.00500577682152,0.23404255319148937,0.7586206896551724,29.0,4.076913362948034,3.639738890284903,4.711119641080444,0.20833333333333334,0.7241379310344828,29.0,0.2519262183541713,0.18234171734769963,0.6015861852465179,1.6167306173795826e-05,0.8,0.0001940076740855499
R50,platt,0.224,0.22350759692946381,50,0.5016666666666667,0.4166666666666667,1.0,3.682737489730279,3.3516119981754997,3.9450601231451508,0.23404255319148937,0.7586206896551724,29.0,4.076913362948034,3.611564955025841,4.711119641080444,0.20833333333333334,0.7413793103448276,29.0,0.303708290298637,0.20892681057068352,0.6145417177766882,2.670359481982132e-06,0.8,3.738503274774985e-05
R50,platt,0.455,0.45454545454545453,50,0.5016666666666667,0.4166666666666667,1.0,3.127554552964355,2.584511093126551,3.514542208572827,0.2608695652173913,0.7931034482758621,29.0,3.514469659567908,3.3261096652643545,3.8850066287658933,0.20833333333333334,0.7931034482758621,29.0,0.43079204442219776,0.2970524698146241,0.7412728899850123,2.305757291765076e-07,0.8,3.458635937647614e-06
R50,platt,1.0,1.0,50,0.5016666666666667,0.4166666666666667,1.0,2.7649588010392065,2.4511850183081236,2.955778097813493,0.30353535353535355,0.8275862068965517,29.0,3.054757758685426,2.8304991319370054,3.2666469906378737,0.20833333333333334,0.8275862068965517,29.0,0.48395868689983246,0.19622986485003935,0.6850540501881273,5.639617199193481e-05,0.72,0.00045116937593547846
R50,platt,2.0,2.0,50,0.5016666666666667,0.4166666666666667,1.0,2.5924833677216483,2.323797359589797,2.9825344714105313,0.3488372093023256,0.8275862068965517,29.0,2.8312387628116724,2.6955027818081803,3.065585079358934,0.20833333333333334,0.8620689655172413,29.0,0.41511196971305253,0.11614095516373624,0.7470601493772341,0.0035436448551049438,0.7,0.01771822427552472
R50,covariate,0.20,0.2,50,0.5016666666666667,0.4166666666666667,1.0,0.3012458479896054,0.2738066092038878,0.35152637961568445,0.5675675675675675,1.0,29.0,0.3285503356965478,0.29387118474908647,0.4225704798158583,0.5675675675675675,1.0,29.0,0.026263489644669846,0.009545634104007661,0.03500548464795372,3.136775520963842e-05,0.68,0.00034504530730602263
R50,covariate,0.224,0.22350759692946381,50,0.5016666666666667,0.4166666666666667,1.0,0.3012458479896054,0.275505388451079,0.3492803032615661,0.5675675675675675,1.0,29.0,0.3285503356965478,0.29387118474908647,0.4225704798158583,0.5675675675675675,1.0,29.0,0.026263489644669846,0.012817386685981091,0.03550763534416035,3.136775520963842e-05,0.68,0.00034504530730602263
R50,covariate,0.455,0.45454545454545453,50,0.5016666666666667,0.4166666666666667,1.0,0.3047989234727808,0.25298824646741025,0.3472886797192132,0.5675675675675675,1.0,29.0,0.34650588919402026,0.31599874851330867,0.4284774035628587,0.5263157894736842,1.0,29.0,0.04588242792982555,0.031159928407845428,0.06295325946824001,3.509207282435615e-05,0.82,0.00034504530730602263
R50,covariate,1.0,1.0,50,0.5016666666666667,0.4166666666666667,1.0,0.345734367828328,0.3030244306406047,0.3954766211092533,0.5469416785206258,1.0,29.0,0.4172634225055347,0.3929723268672305,0.4794433102148261,0.48717948717948717,1.0,29.0,0.04675484581399303,0.030579066322260928,0.09384447694006326,0.001084304825423952,0.76,0.006505828952543712
R50,covariate,2.0,2.0,50,0.5016666666666667,0.4166666666666667,1.0,0.358857881106907,0.30580261696206623,0.44350018664785296,0.5263157894736842,1.0,29.0,0.5414197627248285,0.4693897705839021,0.5847229576377231,0.45,1.0,29.0,0.1304038442008988,0.08761161682828345,0.15898244880694534,3.801371960321376e-06,0.84,4.9417835484177886e-05
R50,true,0.20,0.2,50,0.5016666666666667,0.4166666666666667,1.0,0.0,0.0,0.0,1.0,1.0,29.0,0.0,0.0,0.0,1.0,1.0,29.0,0.0,0.0,0.0,0.007685794055213263,0.0,0.03074317622085305
R50,true,0.224,0.22350759692946381,50,0.5016666666666667,0.4166666666666667,1.0,0.0,0.0,0.0,1.0,1.0,29.0,0.0,0.0,0.0,1.0,1.0,29.0,0.0,0.0,0.0,0.011718685599768628,0.0,0.03515605679930588
R50,true,0.455,0.45454545454545453,50,0.5016666666666667,0.4166666666666667,1.0,0.010960913276818474,0.008602844138415833,0.015049914731179115,0.8709677419354839,1.0,29.0,0.010389653304358148,0.008422756524019803,0.012225805759854325,0.8709677419354839,1.0,29.0,0.0,0.0,0.0,0.02168170376271011,0.08,0.04336340752542022
R50,true,1.0,1.0,50,0.5016666666666667,0.4166666666666667,1.0,0.0485814731370624,0.030862097856246967,0.063746327836526,0.7575757575757576,1.0,29.0,0.052603182970344164,0.03198520634182103,0.06477287511668574,0.7575757575757576,1.0,29.0,0.0,0.0,0.0031125763828471834,0.06871363079688197,0.4,0.06871363079688197
R50,true,2.0,2.0,50,0.5016666666666667,0.4166666666666667,1.0,0.07960649600438785,0.0624189922886913,0.09949134949696957,0.7058823529411765,1.0,29.0,0.09043753764499485,0.07772371910135567,0.11512626071075971,0.7058823529411765,1.0,29.0,0.004264791031964421,0.0,0.01458352964771592,0.0001556956601897668,0.6,0.0010898696213283677
R33,platt,0.20,0.2,50,0.3333333333333333,0.24833333333333335,0.9655172413793104,6.317324399276657,5.901919671197376,6.869349022621208,0.23404255319148937,0.5689655172413792,29.0,7.08693880552368,6.196970515148337,7.59540561142261,0.1836734693877551,0.5172413793103449,29.0,0.5233221941924953,0.24431947729257786,0.757158332043609,1.0633089786438177e-06,0.8,1.0633089786438177e-05
R33,platt,0.224,0.22350759692946381,50,0.3333333333333333,0.24833333333333335,0.9655172413793104,6.192522101285089,5.867103472408104,6.90997146176575,0.23404255319148937,0.5689655172413792,29.0,6.878277355186285,6.289267022050183,7.59540561142261,0.1836734693877551,0.5172413793103449,29.0,0.4619423103855027,0.28247937108205434,0.7357225004730452,4.880519277605799e-07,0.78,5.368571205366379e-06
R33,platt,0.455,0.45454545454545453,50,0.3333333333333333,0.24833333333333335,0.9655172413793104,5.569004841410504,5.116763845592885,6.22439317913647,0.27487922705314005,0.5862068965517241,29.0,6.7331604301966905,6.220147232408479,7.131016279296254,0.1836734693877551,0.5517241379310345,29.0,0.9571503226787001,0.5240217254482928,1.337857947685123,1.616786704516926e-10,0.86,2.425180056775389e-09
R33,platt,1.0,1.0,50,0.3333333333333333,0.24833333333333335,0.9655172413793104,5.29886193387107,4.683414176027782,5.522465933932075,0.3181818181818182,0.5862068965517241,29.0,6.1913720776178565,5.8752981109767095,6.663628170022754,0.1836734693877551,0.5689655172413792,29.0,0.8506292218941738,0.5924475940260265,1.6143027795351228,3.3822118439275073e-09,0.84,4.73509658149851e-08
R33,platt,2.0,2.0,50,0.3333333333333333,0.24833333333333335,0.9655172413793104,4.948084779882336,4.75145239164636,5.396880321756228,0.3488372093023256,0.603448275862069,29.0,5.498457058790379,5.1550828672729665,6.361672919759307,0.20833333333333334,0.603448275862069,29.0,0.819508743177046,0.4596358154466529,1.2302596148611815,4.2698192537216073e-07,0.8,5.123783104465929e-06
R33,covariate,0.20,0.2,50,0.3333333333333333,0.24833333333333335,0.9655172413793104,0.9599968171027058,0.8452107186970189,1.1127388246992709,0.45,0.9310344827586207,29.0,1.0843268678051672,0.8156740599673213,1.1466419656945703,0.45,0.9655172413793104,29.0,0.008086406658264877,0.0,0.04528811525199217,0.12769359607602257,0.5,0.5107743843040903
R33,covariate,0.224,0.22350759692946381,50,0.3333333333333333,0.24833333333333335,0.9655172413793104,0.9950389731834903,0.8626154331407392,1.114424421934416,0.45,0.9310344827586207,29.0,1.0843268678051672,0.7989099772493533,1.1466419656945703,0.45,0.9655172413793104,29.0,0.0,0.0,0.03378822658023495,0.5336739940460391,0.46,0.6311076504150159
R33,covariate,0.455,0.45454545454545453,50,0.3333333333333333,0.24833333333333335,0.9655172413793104,0.9160738912249826,0.8139074685021654,1.1495919173554654,0.4685897435897436,0.9310344827586207,29.0,0.9618001870825097,0.7953644929747007,1.1380148343475902,0.45,0.9655172413793104,29.0,0.0,-0.16631271402119552,0.05169640434041867,0.31555382520750797,0.42,0.6311076504150159
R33,covariate,1.0,1.0,50,0.3333333333333333,0.24833333333333335,0.9655172413793104,1.0582611379713391,0.9181239588531582,1.2257445135783633,0.5263157894736842,0.9137931034482758,29.0,1.0131602335213046,0.8101114626785488,1.1345717461927052,0.45,0.9655172413793104,29.0,-0.09278739119967838,-0.20335173181616994,-0.010269673320699724,0.13549845162767582,0.36,0.5107743843040903
R33,covariate,2.0,2.0,50,0.3333333333333333,0.24833333333333335,0.9655172413793104,1.3244595179871652,1.122873132083876,1.575745588127944,0.5469416785206258,0.8620689655172413,29.0,1.073147796889728,0.8628667089295448,1.1495919173554654,0.45,0.9655172413793104,29.0,-0.20762524453380848,-0.46234586915848297,-0.03844658095348285,0.006525205201144857,0.38,0.032626026005724285
R33,true,0.20,0.2,50,0.3333333333333333,0.24833333333333335,0.9655172413793104,0.00018137184525102157,0.0,0.0011221669474998919,0.9333333333333333,0.9655172413793104,29.0,0.0,0.0,0.0,1.0,0.9655172413793104,29.0,0.0,0.0,0.0,0.0003515325685074632,0.02,0.0022457087056342463
R33,true,0.224,0.22350759692946381,50,0.3333333333333333,0.24833333333333335,0.9655172413793104,0.0,0.0,0.00028939414734452384,1.0,0.9655172413793104,29.0,0.0,0.0,0.0,1.0,0.9655172413793104,29.0,0.0,-0.00028939414734452384,0.0,0.0001318338889828333,0.0,0.0010546711118626663
R33,true,0.455,0.45454545454545453,50,0.3333333333333333,0.24833333333333335,0.9655172413793104,0.015199280151783512,0.01225843868758858,0.027477124889855986,0.8709677419354839,0.9482758620689655,29.0,0.013004684847444992,0.01072397760617605,0.015228024750214786,0.9333333333333333,0.9655172413793104,29.0,0.0,-0.009806618553625412,0.0,0.0003208155293763209,0.14,0.0022457087056342463
R33,true,1.0,1.0,50,0.3333333333333333,0.24833333333333335,0.9655172413793104,0.09844353935839223,0.08505303172948331,0.1154165327749906,0.7575757575757576,0.9310344827586207,29.0,0.07067231635812021,0.05276872171837965,0.07723806611500095,0.8125,0.9655172413793104,29.0,-0.020364975330281254,-0.03965894338424292,-0.00308858470403095,7.678696986782764e-06,0.1,6.910827288104487e-05
R33,true,2.0,2.0,50,0.3333333333333333,0.24833333333333335,0.9655172413793104,0.23284380178692032,0.20413055711159345,0.2760092072978759,0.7058823529411765,0.896551724137931,29.0,0.13691851194727178,0.11256011898305474,0.1585216200095249,0.7575757575757576,0.9655172413793104,29.0,-0.09855631678355437,-0.13290960331180912,-0.06353055463849344,2.449865771578515e-08,0.12,3.1848255030520695e-07
R18,platt,0.20,0.2,50,0.18666666666666668,0.11833333333333333,0.8275862068965517,8.268433035016557,7.78873358886527,8.65189495576374,0.20833333333333334,0.3448275862068966,29.0,9.264326606293263,8.671812717861116,9.530352213099617,0.1836734693877551,0.2931034482758621,29.0,0.9657948297593641,0.6502984589757261,1.1452474475211503,1.1727507853720454e-11,0.94,1.759126178058068e-10
R18,platt,0.224,0.22350759692946381,50,0.18666666666666668,0.11833333333333333,0.8275862068965517,8.099818592155893,7.669526625992926,8.541253775117816,0.22118794326241137,0.3448275862068966,29.0,9.13240694441494,8.659819995787192,9.433907264901034,0.1836734693877551,0.2931034482758621,29.0,1.0928512706212032,0.6986430973386604,1.289809069219956,1.1727507853720454e-11,0.94,1.759126178058068e-10
R18,platt,0.455,0.45454545454545453,50,0.18666666666666668,0.11833333333333333,0.8275862068965517,7.360054408604029,7.0399469597213,8.059466866923835,0.2608695652173913,0.3448275862068966,29.0,8.668903835801169,8.355568437901425,9.074185732430301,0.1836734693877551,0.3103448275862069,29.0,1.0634443573825578,0.7552233284521215,1.4038588603737807,1.3149694666481082e-09,0.9,1.57796335997773e-08
R18,platt,1.0,1.0,50,0.18666666666666668,0.11833333333333333,0.8275862068965517,7.409585494614046,7.11724425691709,7.739564562504577,0.2608695652173913,0.3448275862068966,29.0,8.29710776177437,7.8427354080688385,8.843183230941122,0.20833333333333334,0.3448275862068966,29.0,0.8883677144486981,0.4511013804300369,1.4230988738917532,3.586156610779767e-06,0.76,2.510309627545837e-05
R18,platt,2.0,2.0,50,0.18666666666666668,0.11833333333333333,0.8275862068965517,7.684451182449045,7.203511636733409,8.243573045338735,0.24745605920444033,0.3448275862068966,29.0,8.156478652779864,7.536948562314451,8.613945296040256,0.20833333333333334,0.3448275862068966,29.0,0.3934761644137943,0.04060278713718901,0.7423514114524963,0.024847675451864504,0.66,0.061997600008195874
R18,covariate,0.20,0.2,50,0.18666666666666668,0.11833333333333333,0.8275862068965517,2.9004456308265887,2.614075942590744,3.125403708018105,0.4146341463414634,0.6896551724137931,29.0,2.767637089526602,2.619670229434613,3.575095711939234,0.4146341463414634,0.6896551724137931,29.0,0.10106722503426369,0.012191315756723498,0.2636409133052169,0.001952635004971889,0.64,0.007810540019887556
R18,covariate,0.224,0.22350759692946381,50,0.18666666666666668,0.11833333333333333,0.8275862068965517,2.9004456308265887,2.614075942590744,3.125403708018105,0.4323170731707317,0.6896551724137931,29.0,2.767637089526602,2.6187578101236237,3.575095711939234,0.4146341463414634,0.6896551724137931,29.0,0.19454627044080297,0.06845119456095006,0.3962652085449818,0.0003079533843477104,0.68,0.0015397669217385522
R18,covariate,0.455,0.45454545454545453,50,0.18666666666666668,0.11833333333333333,0.8275862068965517,2.8096260995806386,2.272791723099772,3.188698926059093,0.4685897435897436,0.6896551724137931,29.0,2.767637089526602,2.4841250036777325,3.6212377977462253,0.4146341463414634,0.6896551724137931,29.0,0.17425357692441423,0.016523196490460634,0.3148748736844311,0.020665866669398625,0.66,0.061997600008195874
R18,covariate,1.0,1.0,50,0.18666666666666668,0.11833333333333333,0.8275862068965517,2.817044793499141,2.513362454706583,3.21800275466028,0.5263157894736842,0.6551724137931034,29.0,2.7494199157076906,2.450688716286372,3.3680040961280113,0.4146341463414634,0.7068965517241379,29.0,-0.030389884001424505,-0.24051280122502233,0.355963117951017,0.49032624846387485,0.48,0.49032624846387485
R18,covariate,2.0,2.0,50,0.18666666666666668,0.11833333333333333,0.8275862068965517,3.4784581865633157,2.8869401699389527,4.086038991025554,0.48717948717948717,0.5862068965517241,29.0,2.738701226839254,2.488491462265973,3.136080135448986,0.4146341463414634,0.7241379310344828,29.0,-0.5723765920913664,-0.8894811222628434,-0.27183969407739283,0.00021178724761483636,0.26,0.0012707234856890182
R18,true,0.20,0.2,50,0.18666666666666668,0.11833333333333333,0.8275862068965517,0.005163683174103539,0.0,0.01207932744938187,0.9333333333333333,0.8275862068965517,29.0,0.0,0.0,0.0,1.0,0.8275862068965517,29.0,-0.005163683174103539,-0.011899955886416791,0.0,1.296128561290189e-06,0.02,1.0369028490321512e-05
R18,true,0.224,0.22350759692946381,50,0.18666666666666668,0.11833333333333333,0.8275862068965517,0.008339715819667859,0.0020536598079818552,0.012815998511699789,0.9333333333333333,0.8275862068965517,29.0,0.0,0.0,0.0,1.0,0.8275862068965517,29.0,-0.008339715819667859,-0.012815998511699789,-0.0020536598079818552,3.6528331903032994e-07,0.0,3.2875498712729695e-06
R18,true,0.455,0.45454545454545453,50,0.18666666666666668,0.11833333333333333,0.8275862068965517,0.03394048397581351,0.02530709039759671,0.043549145724881555,0.9333333333333333,0.7931034482758621,29.0,0.0007154816077665771,0.0,0.002669815391307395,0.9333333333333333,0.8275862068965517,29.0,-0.02984816683899183,-0.04177365498355101,-0.021554032410733726,1.7103777044912596e-08,0.04,1.7103777044912597e-07
R18,true,1.0,1.0,50,0.18666666666666668,0.11833333333333333,0.8275862068965517,0.1917230522419633,0.13511309917426217,0.23596329471768485,0.8125,0.7586206896551724,29.0,0.01955568667427876,0.01616435129576459,0.02634232580602588,0.9333333333333333,0.8275862068965517,29.0,-0.15156547957047195,-0.20625478194135027,-0.10019451372606625,1.8513984938309186e-09,0.02,2.0365383432140103e-08
R18,true,2.0,2.0,50,0.18666666666666668,0.11833333333333333,0.8275862068965517,0.6172450249803454,0.5103733763322822,0.6848871240936163,0.7058823529411765,0.6896551724137931,29.0,0.05352810074263559,0.045123170623558195,0.07532108348738475,0.8709677419354839,0.8275862068965517,29.0,-0.5484044160325396,-0.6132669402809086,-0.45605084225246273,1.1100954635085601e-09,0.0,1.4431241025611281e-08
R05,platt,0.20,0.2,50,0.04666666666666667,0.02666666666666667,0.27586206896551724,4.469833172978267,3.981861977391933,4.953171894211955,0.16,0.08620689655172414,29.0,5.052653408830547,4.235960083646255,5.815856910518891,0.11538461538461539,0.06896551724137931,29.0,0.6029303029483994,0.45006057906688124,0.9033363613563745,4.3148595807451784e-10,0.9,3.4518876645961427e-09
R05,platt,0.224,0.22350759692946381,50,0.04666666666666667,0.02666666666666667,0.27586206896551724,4.381440680745582,3.981861977391933,4.953523314504139,0.16,0.10344827586206896,29.0,4.820327235243398,4.1669884898131855,5.717372899253972,0.11538461538461539,0.06896551724137931,29.0,0.6029303029483994,0.45006057906688124,0.9914943376840992,4.440531498062228e-09,0.88,3.1083720486435595e-08
R05,platt,0.455,0.45454545454545453,50,0.04666666666666667,0.02666666666666667,0.27586206896551724,4.242890339906136,3.7411443758390464,4.995760131036126,0.16,0.10344827586206896,29.0,4.820327235243398,4.1669884898131855,5.513373475859096,0.12631975867269984,0.06896551724137931,29.0,0.5577503680021048,0.31075500454063487,0.9850466593632312,1.8759072675678112e-05,0.74,0.00011255443605406867
R05,platt,1.0,1.0,50,0.04666666666666667,0.02666666666666667,0.27586206896551724,4.30789738325557,3.9818975022252685,4.946089178810961,0.16,0.06896551724137931,29.0,4.691812512653075,4.042740776313773,5.499966911850258,0.13725490196078433,0.06896551724137931,29.0,0.3261798290670379,0.044970875475605965,0.6831117975248597,0.004043947968749961,0.68,0.01752792782529999
R05,platt,2.0,2.0,50,0.04666666666666667,0.02666666666666667,0.27586206896551724,4.436034566467074,3.903632018249538,4.838009072233985,0.16,0.06896551724137931,29.0,4.552452209183545,4.017547475551423,5.360829944250582,0.13725490196078433,0.06896551724137931,29.0,0.06459294682792471,-0.09833289924927306,0.5839741242659375,0.052989788310034314,0.56,0.10597957662006863
R05,covariate,0.20,0.2,50,0.04666666666666667,0.02666666666666667,0.27586206896551724,1.398055086534141,1.2165587920984684,1.749150194329522,0.45,0.20689655172413793,29.0,1.924568357128381,1.3277164415571092,2.136404563035324,0.4146341463414634,0.20689655172413793,29.0,0.19135763327453903,-0.022872701036263265,0.5018055554557617,0.003505585565059998,0.56,0.01752792782529999
R05,covariate,0.224,0.22350759692946381,50,0.04666666666666667,0.02666666666666667,0.27586206896551724,1.4030418453560878,1.2650594372230406,1.7481265621080606,0.45,0.20689655172413793,29.0,1.924568357128381,1.4946638235001504,2.136404563035324,0.4146341463414634,0.20689655172413793,29.0,0.09607040056001992,-0.08234385823116597,0.3754379750240222,0.01407853473248366,0.54,0.04223560419745098
R05,covariate,0.455,0.45454545454545453,50,0.04666666666666667,0.02666666666666667,0.27586206896551724,1.840831106851311,1.4818234455104768,2.139631286794467,0.38095238095238093,0.20689655172413793,29.0,1.8677568187549187,1.3543881362299421,2.0224574910884963,0.430448717948718,0.20689655172413793,29.0,-0.1249678187722969,-0.4258596780337607,0.05408101111780585,0.10525460779046192,0.38,0.10597957662006863
R05,covariate,1.0,1.0,50,0.04666666666666667,0.02666666666666667,0.27586206896551724,2.605705922605135,2.2817656519996015,2.8507956282264617,0.2608695652173913,0.1724137931034483,29.0,1.7446054384648324,1.2763271708689956,2.0172661478990896,0.45,0.20689655172413793,29.0,-1.0143121558537116,-1.1990421434717682,-0.8159829257865026,5.453415496958769e-13,0.08,4.908073947262892e-12
R05,covariate,2.0,2.0,50,0.04666666666666667,0.02666666666666667,0.27586206896551724,3.603303044954802,3.4069796204489506,3.823687136222496,0.18558673469387754,0.13793103448275862,29.0,1.7202579923658599,1.1985973032255357,1.9374901603725654,0.45,0.20689655172413793,29.0,-1.7864856138254388,-2.0137322050230613,-1.6446029600043186,1.7763568394002505e-15,0.0,2.6645352591003757e-14
R05,true,0.20,0.2,50,0.04666666666666667,0.02666666666666667,0.27586206896551724,0.07353858544293246,0.05465045004055691,0.09398878441918868,0.6571428571428571,0.27586206896551724,29.0,0.0,0.0,0.0,1.0,0.27586206896551724,29.0,-0.07353858544293246,-0.09398878441918868,-0.05465045004055691,1.7763568394002505e-15,0.0,2.6645352591003757e-14
R05,true,0.224,0.22350759692946381,50,0.04666666666666667,0.02666666666666667,0.27586206896551724,0.07650492521186525,0.057035257058598354,0.11829963403492538,0.6341269841269841,0.27586206896551724,29.0,0.0,0.0,0.0,1.0,0.27586206896551724,29.0,-0.07650492521186525,-0.11829963403492538,-0.057035257058598354,1.7763568394002505e-15,0.0,2.6645352591003757e-14
R05,true,0.455,0.45454545454545453,50,0.04666666666666667,0.02666666666666667,0.27586206896551724,0.21131782268678356,0.18481773792871745,0.2749943811056941,0.5263157894736842,0.27586206896551724,29.0,0.0,0.0,0.0,1.0,0.27586206896551724,29.0,-0.21131782268678356,-0.2749943811056941,-0.18481773792871745,1.7763568394002505e-15,0.0,2.6645352591003757e-14
R05,true,1.0,1.0,50,0.04666666666666667,0.02666666666666667,0.27586206896551724,0.6655363591995322,0.6020800507142035,0.7392894417957172,0.4146341463414634,0.2413793103448276,29.0,0.0,0.0,0.0,1.0,0.27586206896551724,29.0,-0.6655363591995322,-0.7392894417957172,-0.6020800507142035,1.7763568394002505e-15,0.0,2.6645352591003757e-14
R05,true,2.0,2.0,50,0.04666666666666667,0.02666666666666667,0.27586206896551724,1.6305797155414514,1.375979433880607,1.9435472144085626,0.28888888888888886,0.1896551724137931,29.0,0.0,0.0,0.0,1.0,0.27586206896551724,29.0,-1.6305797155414514,-1.9435472144085626,-1.375979433880607,1.7763568394002505e-15,0.0,2.6645352591003757e-14
