seed,spearman_PC_RTO,spearman_PC_U,spearman_RTO_U,spearman_Pcov_C_RTO,spearman_Pcov_C_U,spearman_Coperational_RTO,spearman_C_RTO
42,0.6892762050612626,0.5633773708596762,0.04471933008494213,0.7176681569938113,0.14514516827964752,0.7042391749739031,0.7647455382551512
43,0.7128783178665173,0.3961195124390271,-0.034336081288808995,0.7369524774261217,0.10517227969199656,0.6919093306897667,0.7354179529661214
44,0.7768721788956933,0.4440649340548228,0.09838917304582454,0.7109253817834438,0.19056167290747672,0.7023096134590852,0.7717960990164744
45,0.7264824168003721,0.5519612440138224,0.08056985977838557,0.7470516762430212,0.17024144712719028,0.7102859879039233,0.7644146323478831
46,0.7367750664717062,0.48866409626773627,0.09848618120422406,0.7869009650859072,0.1571550795008833,0.7078939501873749,0.7607993133833935
47,0.7305237455922093,0.5632880365337392,0.0773600876143535,0.7373538322836186,0.1757690641007122,0.7120010948822711,0.7865950161689148
48,0.7227650161145575,0.5069687440971565,0.057303928124778164,0.8150310809696749,0.10754386159846219,0.6814657922261083,0.7669602001960827
49,0.7713979940530982,0.4154072823031366,0.03069967898576532,0.782324952326043,0.07280036444849386,0.7524772341971534,0.8195111233633433
50,0.7820485410641175,0.3690134334825942,0.04708993561366375,0.7374034103644079,0.05808331203680041,0.7322512584739349,0.7886386243400932
51,0.792832721400882,0.4208944543828264,0.12661817037762732,0.8016874742945619,0.14647762752919477,0.7221372321586051,0.7947298466736962
52,0.742647632458997,0.5775450838342648,0.1735684647513001,0.7268037966158637,0.3049162768475205,0.7186882341362416,0.7603462073788918
53,0.7788341714686955,0.3742374915276836,0.10573130762301344,0.7767079735953664,0.138367315192391,0.6945537129798058,0.7656410282400797
54,0.7221758804372505,0.5912376804186713,0.14707027693885677,0.7499558139101734,0.25794908832320357,0.7216167076175366,0.7650288505543336
55,0.7867627341829604,0.41304458938432653,0.09088913640021493,0.7704173217192445,0.127611195679952,0.7372497287724548,0.777192086974983
56,0.7371527408481986,0.6360346226069178,0.1645617968461843,0.7410234648356753,0.3090589895443283,0.7517014572983405,0.7947750156172316
57,0.7498794819344597,0.5048807208968987,0.08516824469944026,0.8062010443581049,0.09967044078267534,0.7258197730007635,0.771116460684261
58,0.7749452255722364,0.36798497761086235,0.06633736244368907,0.760623184206798,0.1162097356637296,0.7146273907288078,0.7792465873958652
59,0.7885553158610309,0.43339237102634465,0.1416963702373576,0.7913717780868685,0.1381002011133457,0.7449649797667118,0.7771169118958732
60,0.7482919139568338,0.4682940921565795,0.045554638647538566,0.7636891997440035,0.12064978499761109,0.7329058254667898,0.7999266787004592
61,0.8006062983137733,0.4979957555083945,0.1561583277961759,0.7612274847520313,0.22120690229891443,0.7559555116794588,0.8243299405667422
62,0.7870895002290267,0.3164172935254836,0.011712247301226476,0.7547526922288398,0.044004488938765976,0.7587762857266633,0.7813214231525488
63,0.7220659459298735,0.6453667262969588,0.18296389399983704,0.7546005890378287,0.30344426049178325,0.7398099101442251,0.776297091902433
64,0.7472403163884305,0.4904325603617818,0.10775269759128989,0.7625543182724535,0.09331125901398905,0.7661542533366782,0.7847918579997122
65,0.7516290662177791,0.5803188924321381,0.17943755418093263,0.7621158970358419,0.23784086489849884,0.7140400012846986,0.7652066159588891
66,0.731081106281479,0.39735419282436474,0.031751253613734966,0.746447476619135,0.14427049189435437,0.6827601478320829,0.7318364272635656
67,0.7173933896457243,0.6102801142234913,0.12810757423242594,0.7350536926619196,0.26957410637895973,0.7511795586717822,0.7986879193984334
68,0.7777302041181177,0.4162610695674397,0.07826470522058376,0.7748966561620656,0.13309614551272791,0.7478159975659894,0.7913751201677524
69,0.7143930570059313,0.5497447749419438,0.08726213543119038,0.6998384212304446,0.2046449404993389,0.7569385415464224,0.759784434821678
70,0.7260893728646834,0.5852065022944698,0.11601843144506221,0.6836869619497719,0.2668074089712108,0.7211273774558211,0.7938012254077669
71,0.6989900009462928,0.6114365715174612,0.13579301663541804,0.7237751467113587,0.24110179001988907,0.7226913669251998,0.7623463176230341
72,0.7442485208246755,0.44375959732885917,0.046324854678315625,0.771216675543557,0.12228535872620806,0.7018468935565182,0.7898366260330938
73,0.7905514416830909,0.35431504794497715,0.030005077795111607,0.7265218635815622,0.042017355748397205,0.7473103783203641,0.7969940053653246
74,0.7288366780241825,0.5799526661407348,0.13890065173499608,0.745883996858415,0.24334225935843729,0.7433718763471799,0.7686101001797665
75,0.7861193133882217,0.44755919510216774,0.12716796533332794,0.724002931397023,0.14644073823042478,0.7422713535623834,0.7760599222001906
76,0.7329367517249584,0.35197146634962606,-0.030262024616769814,0.7438195016239442,0.06487049856109511,0.7283213191046483,0.7720390097294065
77,0.7484800282859227,0.6106325625840288,0.19458951293465312,0.73566846497337,0.24095956621740242,0.7189151240018219,0.7767471876868619
78,0.7382526027287233,0.5081109790108779,0.13329424245011565,0.7483503310690192,0.20661829575884177,0.7482798022539261,0.7738739750395843
79,0.7736962578994914,0.4117881309792331,0.06762124986463328,0.7793486486575757,0.17828109201213346,0.7523027171756417,0.7921736405080257
80,0.6864009622215506,0.5556283958710652,0.07113823436984652,0.7157523438046874,0.20202091134345934,0.7102831646824591,0.7658919733283435
81,0.6985089948879514,0.5548510539005989,0.06677004066459916,0.7532815377049954,0.1846220513561262,0.7044607047090227,0.7704806199511501
82,0.7628325898732354,0.5142119356881742,0.10352357226427071,0.7970232330364151,0.15720396893298816,0.7834287894495133,0.8093097479571132
83,0.7597316081519455,0.38529139212657915,0.035555070141405305,0.7749686955557433,0.10983588706541184,0.7287842295532884,0.7990098756330766
84,0.7911026957398128,0.43142657140634894,0.09615791731615868,0.784271067616879,0.13369792997699975,0.740885876664271,0.8074471285827206
85,0.7558168815118531,0.4709616773519706,0.09136639258348031,0.744689378142486,0.2631389237658196,0.7547104058991059,0.8095560441958441
86,0.7172721920900234,0.567655640618229,0.1254066448487635,0.7688264744500897,0.19613906821186902,0.7481554410232364,0.7780272087019396
87,0.7480996194791343,0.38771453016144625,0.06359179665151934,0.7194683001985401,0.13907354526161403,0.7233549043264574,0.7478222570941645
88,0.6948235629486283,0.5487580973121924,0.09091109331962875,0.7443381903215742,0.21953488372093025,0.6937609240292633,0.743188039339445
89,0.7834340827203776,0.39712352359470665,0.07562801192264772,0.7725798663431124,0.05713219035767064,0.7595282263185382,0.797510787458883
90,0.754834767632937,0.5491754352826141,0.15898929604244885,0.7247063149973733,0.15190879898665538,0.7517390229259723,0.7941056142671407
91,0.7729442920705851,0.4176655296169957,0.0433031765033548,0.7241360100774322,0.15354348381648683,0.6966090012459328,0.7631036525227083
