configuration,chi,psi,n_seeds,regret_median,regret_ci_low,regret_ci_high,kendall_tau_median,kendall_tau_min,jaccard_median,identical_plan_share,effect_vs_additive,effect_ci_low,effect_ci_high,p_value,interaction_wins_fraction,holm_p
"reported (count proxy, graph, eta = 0.20)",0.0,0.0,50,2.0046017710009636,1.7464094969847395,2.2291276054447025,1.0,1.0,1.0,1.0,0.0,0.0,0.0,,,
"reported (count proxy, graph, eta = 0.20)",0.0,0.1,50,2.0376899128221595,1.7412891285122925,2.2141869674824193,0.9833890746934226,0.976989966555184,0.9333333333333333,0.32,0.0,-0.02398988465978391,0.0,0.34269355580431626,0.44,1.0
"reported (count proxy, graph, eta = 0.20)",0.0,0.25,50,1.981890605422052,1.7021269143732962,2.303665441059536,0.9649498327759198,0.954515050167224,0.9333333333333333,0.1,-0.025137896173603735,-0.05639561178696795,0.0,0.1810350593451241,0.58,0.9051752967256205
"reported (count proxy, graph, eta = 0.20)",0.0,0.5,50,1.924231134932441,1.7115210682887243,2.215785769501485,0.9444816053511706,0.9292307692307693,0.8709677419354839,0.04,-0.08171138705158398,-0.142634115277275,-0.03205927348456328,0.003581364839357636,0.72,0.03581364839357636
"reported (count proxy, graph, eta = 0.20)",0.1,0.0,50,2.0046017710009636,1.8134277308023172,2.3472611819420877,0.97850613154961,0.9725306577480491,0.9333333333333333,0.4,0.0,0.0,0.033253035774251316,0.01319416986541395,0.14,0.1055533589233116
"reported (count proxy, graph, eta = 0.20)",0.1,0.1,50,2.0046017710009636,1.7464094969847395,2.240781327967568,0.9954738015607582,0.9943812709030102,1.0,0.86,0.0,0.0,0.0,0.23672357063785732,0.02,0.9468942825514293
"reported (count proxy, graph, eta = 0.20)",0.1,0.25,50,2.0376899128221595,1.7283264245794925,2.2141869674824193,0.9823188405797102,0.9758751393534003,0.9333333333333333,0.26,0.0,-0.029589833656686437,0.0,0.419599489772297,0.46,1.0
"reported (count proxy, graph, eta = 0.20)",0.1,0.5,50,1.9450754037012956,1.6939287032048753,2.303665441059536,0.9590189520624305,0.9468896321070235,0.8709677419354839,0.08,-0.05749252648848824,-0.0833575310285255,-0.025783050049005867,0.030106479013989666,0.7,0.19395494550655906
"reported (count proxy, graph, eta = 0.20)",0.25,0.0,50,2.1798349271959694,1.9281868965707645,2.430027571410121,0.950278706800446,0.9357413600891862,0.8709677419354839,0.06,0.08695139890787118,0.046340833746711496,0.10994880620430081,0.0006307447106770239,0.18,0.0075689365281242866
"reported (count proxy, graph, eta = 0.20)",0.25,0.1,50,2.0323660693111094,1.821133575878605,2.3472611819420877,0.969453734671126,0.9618283166109254,0.9333333333333333,0.32,0.007085269217739665,0.0,0.063532868550368,0.0017056360778852587,0.16,0.018761996856737847
"reported (count proxy, graph, eta = 0.20)",0.25,0.25,50,2.0046017710009636,1.7464094969847395,2.281617073799394,0.9910144927536233,0.9890746934225196,1.0,0.74,0.0,0.0,0.0,0.027707849358079864,0.04,0.19395494550655906
"reported (count proxy, graph, eta = 0.20)",0.25,0.5,50,2.0376899128221595,1.7283264245794925,2.236666712754115,0.9790635451505018,0.9716833890746934,0.9333333333333333,0.22,0.0,-0.0406271878983972,0.0,0.6351648366048743,0.48,1.0
"reported (count proxy, graph, eta = 0.20)",0.5,0.0,50,2.4030276199200244,2.095390345048984,2.659193141400678,0.9108584169453735,0.8880267558528429,0.8125,0.02,0.19510110270343262,0.10336341682501882,0.5116202364753661,3.737202715487217e-05,0.16,0.0005605804073230826
"reported (count proxy, graph, eta = 0.20)",0.5,0.1,50,2.24428933152781,2.0538134870011504,2.573415202190958,0.9324860646599779,0.9129096989966556,0.8709677419354839,0.04,0.10947802774791171,0.05669052579153799,0.30637399412282207,0.00022218593638710548,0.16,0.003110603109419477
"reported (count proxy, graph, eta = 0.20)",0.5,0.25,50,2.2196160489003063,1.9469104605646521,2.4448831771097073,0.9574581939799331,0.946309921962096,0.9333333333333333,0.12,0.057729029013003696,0.01946143109429954,0.09121379190132473,0.0003555137356180247,0.16,0.004621678563034321
"reported (count proxy, graph, eta = 0.20)",0.5,0.5,50,2.0046017710009636,1.7464094969847395,2.281617073799394,0.9861984392419176,0.9835005574136009,1.0,0.64,0.0,0.0,0.0,0.007481778161526851,0.06,0.06733600345374166
"reduced (condition-informed P, eta = 0, no graph)",0.0,0.0,50,0.19434880652447362,0.18219851507109938,0.21508573350536153,1.0,1.0,1.0,1.0,0.0,0.0,0.0,,,
"reduced (condition-informed P, eta = 0, no graph)",0.0,0.1,50,0.19933545474619052,0.18716190461578072,0.2192187635789935,0.9954515050167224,0.9939799331103679,1.0,0.72,0.0,0.0,0.0,0.007630414739245609,0.04,0.015260829478491217
"reduced (condition-informed P, eta = 0, no graph)",0.0,0.25,50,0.19986006829873304,0.18701193759062845,0.22097333978905453,0.9903901895206244,0.987335562987737,1.0,0.52,0.0,0.0,0.007651213064434614,0.02780689502699719,0.08,0.02780689502699719
"reduced (condition-informed P, eta = 0, no graph)",0.0,0.5,50,0.20544215595565163,0.18843123440507553,0.2278704584421689,0.9844147157190636,0.979799331103679,0.9333333333333333,0.42,0.0,0.0,0.015465679974124312,0.002947217960747085,0.1,0.008841653882241255
"reduced (condition-informed P, eta = 0, no graph)",0.1,0.0,50,0.24810610662254362,0.23409994994145222,0.26504598427057147,0.977814938684504,0.9713266443701227,0.8709677419354839,0.0,0.03975070275586745,0.03350484695635068,0.05160619825503864,1.2434497875801753e-14,0.02,1.2434497875801753e-13
"reduced (condition-informed P, eta = 0, no graph)",0.1,0.1,50,0.24424719607191037,0.21946331916674353,0.2563627164628599,0.9803344481605352,0.9752954292084728,0.8709677419354839,0.02,0.03375841557677006,0.02720908936782962,0.04559235756904911,1.5129202138873068e-09,0.02,9.077521283323842e-09
"reduced (condition-informed P, eta = 0, no graph)",0.1,0.25,50,0.22970243945276536,0.21721232613872277,0.25773541739368966,0.9817168338907469,0.9768115942028985,0.8709677419354839,0.08,0.02982931271480993,0.016096301032206384,0.04254314647181445,1.897401433984118e-08,0.06,9.487007169920589e-08
"reduced (condition-informed P, eta = 0, no graph)",0.1,0.5,50,0.22580310063180775,0.20314481353349834,0.2530862279734549,0.9806465997770346,0.9740914158305464,0.9333333333333333,0.1,0.02434643112650292,0.013408146195331483,0.03734390923699493,2.1413356486051873e-07,0.08,8.565342594420749e-07
"reduced (condition-informed P, eta = 0, no graph)",0.25,0.0,50,0.3585309310423952,0.3315699342325331,0.39334690951710627,0.9476923076923077,0.9331995540691193,0.6815126050420168,0.0,0.15466519795197087,0.1143888302098901,0.17549857901860832,1.3535839116229909e-12,0.02,1.0828671292983927e-11
"reduced (condition-informed P, eta = 0, no graph)",0.25,0.1,50,0.3268432502872116,0.3018145968100363,0.3486609190005911,0.9536900780379042,0.9422965440356746,0.7058823529411765,0.0,0.1166779549460557,0.10097772923751336,0.14638109422264733,1.7763568394002505e-15,0.0,2.6645352591003757e-14
"reduced (condition-informed P, eta = 0, no graph)",0.25,0.25,50,0.296346473339014,0.27325514037687526,0.31521820866828987,0.9601337792642142,0.9497881828316611,0.7575757575757576,0.0,0.08676472890445552,0.06990780417056083,0.10328241093520774,1.7763568394002505e-15,0.0,2.6645352591003757e-14
"reduced (condition-informed P, eta = 0, no graph)",0.25,0.5,50,0.2724589244208744,0.25690438608961585,0.2920837640279217,0.9659754738015609,0.9575473801560759,0.8125,0.02,0.062018558308963634,0.04954800540034087,0.0815912486108914,1.2568067208130598e-09,0.02,8.79764704569142e-09
"reduced (condition-informed P, eta = 0, no graph)",0.5,0.0,50,0.6023421079076456,0.5707179023815172,0.6716226519543227,0.9046599777034561,0.880891861761427,0.48717948717948717,0.0,0.3958133704726805,0.3542966486725163,0.45652226094154,1.7763568394002505e-15,0.0,2.6645352591003757e-14
"reduced (condition-informed P, eta = 0, no graph)",0.5,0.1,50,0.5197277139694734,0.4851472922889286,0.5790535524315032,0.9148049052396879,0.8930657748049053,0.5263157894736842,0.0,0.3284901378966367,0.28242506931384526,0.37954306014401595,1.7763568394002505e-15,0.0,2.6645352591003757e-14
"reduced (condition-informed P, eta = 0, no graph)",0.5,0.25,50,0.45176013334085496,0.4346555870994706,0.4895496729727995,0.9258193979933111,0.9079598662207358,0.5675675675675675,0.0,0.25157394327365523,0.2288242779431755,0.3017615720893332,1.7763568394002505e-15,0.0,2.6645352591003757e-14
"reduced (condition-informed P, eta = 0, no graph)",0.5,0.5,50,0.3769537941074219,0.3494531545356665,0.4175801708643263,0.9393088071348941,0.9245484949832777,0.6571428571428571,0.0,0.1731976778040405,0.15167423357783605,0.20029858546735113,1.2434497875801753e-14,0.02,1.2434497875801753e-13
