variant,regime,probability,n_seeds,spearman_rto_used_p_true,spearman_rto_used_x,regret_sys_median,regret_sys_ci_low,regret_sys_ci_high,regret_exp_median,regret_exp_ci_low,regret_exp_ci_high,regret_no_recovery_median,regret_no_recovery_ci_low,regret_no_recovery_ci_high,effect_exp_minus_sys,effect_ci_low_exp,effect_ci_high_exp,p_exp,sys_wins_vs_exp,effect_no_recovery_minus_sys,effect_ci_low_no_recovery,effect_ci_high_no_recovery,p_no_recovery,sys_wins_vs_no_recovery,holm_p_exp,holm_p_no_recovery
reported generator,R76 (reported),platt,50,0.5020513710959692,0.45805796221891193,1.0525566919746296,0.9475399043277264,1.250081507005632,1.2833215508146765,1.1481202096156762,1.4862393459186478,2.3392301292371798,1.9958188421231853,2.661296901764132,0.20126416672677294,0.1319942023742755,0.29656641949986806,6.825250486741652e-05,0.8,1.2140098030940578,1.0620911251073863,1.5253994932189698,8.881784197001252e-15,0.98,0.0002730100194696661,8.881784197001252e-14
reported generator,R76 (reported),covariate,50,0.5020513710959692,0.45805796221891193,0.19434880652447362,0.18219851507109938,0.21508573350536153,0.2312240868478881,0.21603536391315467,0.264590235095298,0.22878331507082805,0.20943257441371088,0.2606757478792474,0.0394535756738037,0.02252372693621041,0.053118597373597254,3.569388204466033e-08,0.8,0.024603686495268562,0.016107979484917583,0.03359805492232226,5.572207957271758e-07,0.8,2.8555105635728266e-07,2.7861039786358788e-06
RTO decoupled from degradation,R76 (reported),platt,50,0.1382423244955483,0.028013655130779844,2.450865493189937,2.1100765447297363,2.803003652127245,2.5020931663061248,1.9992204885159026,2.666337350253782,2.3872428630977396,1.9964220080165092,2.681591152935198,-0.15097779818589174,-0.2828334658244813,0.12315063393083392,0.35718707191412413,0.46,-0.016069989689881936,-0.22721434338515678,0.2844225237188659,0.9313837099567692,0.5,0.7353925375319061,1.0
RTO decoupled from degradation,R76 (reported),covariate,50,0.1382423244955483,0.028013655130779844,0.25632011989686987,0.22672084684960586,0.30579169143965146,0.284252844264131,0.248450096875672,0.31704246791247215,0.34929733583200573,0.318977203750066,0.38113763720526017,0.019234013903954406,0.009314212405996614,0.0323735710007234,0.0026129890584846113,0.7,0.08982687158916747,0.06295184528889308,0.11126282667567011,6.354784893858323e-07,0.88,0.02090391246787689,5.719306404472491e-06
"RTO observed, lognormal error 0.25",R76 (reported),platt,50,0.42708745002895543,0.38884574202819916,1.4053236220849925,1.1651736778675854,1.755223323679485,1.6144968264414103,1.4755850154149925,1.9639249332997508,2.3392301292371798,1.9958188421231853,2.661296901764132,0.26413897978670775,0.2099821655651084,0.31041133754740713,6.725303951071737e-06,0.82,0.7400885738206853,0.6207813122881589,0.972233503598261,2.630606843467831e-11,0.94,6.0527735559645635e-05,2.630606843467831e-10
"RTO observed, lognormal error 0.25",R76 (reported),covariate,50,0.42708745002895543,0.38884574202819916,0.3189954661326908,0.27345889344627494,0.3409915641721426,0.33401384482701246,0.29977209934767757,0.3789895423350771,0.22878331507082805,0.20943257441371088,0.2606757478792474,0.03467441127412485,0.02304393470566879,0.04522355943252874,5.3511465107094877e-08,0.82,-0.09004792870041456,-0.10693740847254674,-0.0685154051946597,3.918623114884667e-08,0.14,5.351146510709488e-07,2.3511738689308004e-07
"RTO observed, lognormal error 0.50",R76 (reported),platt,50,0.3298972618261649,0.2989225592104461,2.068402875318654,1.7588397167897512,2.2966045686966226,2.078631418839734,1.8456152607817273,2.2514761788756914,2.3392301292371798,1.9958188421231853,2.661296901764132,0.07578998380593305,-0.11736836671948936,0.1506528811440262,0.5655778099255286,0.58,0.2935795555830083,-0.11842763111474142,0.627282886057543,0.03453081197041463,0.58,1.0,0.1035924359112439
"RTO observed, lognormal error 0.50",R76 (reported),covariate,50,0.3298972618261649,0.2989225592104461,0.4419416162908192,0.4089519348686281,0.47956831490890295,0.4661262116447489,0.4329428850761303,0.5119223193689777,0.22878331507082805,0.20943257441371088,0.2606757478792474,0.009384365954076657,0.0,0.02593643595719186,0.00023666483210411763,0.58,-0.22744006001066452,-0.25769358279853805,-0.18803036684575752,1.2871659293978155e-10,0.06,0.001893318656832941,1.2871659293978155e-09
reported generator,R50,platt,50,0.4889778637879938,0.45827136087894227,3.127554552964355,2.584511093126551,3.514542208572827,3.514469659567908,3.3261096652643545,3.8850066287658933,4.856138575779227,4.596468291521816,5.201170906828153,0.43079204442219776,0.2970524698146241,0.7412728899850123,2.305757291765076e-07,0.8,1.7251678195155051,1.3556226305320038,2.136930802596865,1.2434497875801753e-14,0.98,1.6140301042355532e-06,1.1191048088221578e-13
reported generator,R50,covariate,50,0.4889778637879938,0.45827136087894227,0.3047989234727808,0.25298824646741025,0.3472886797192132,0.34650588919402026,0.31599874851330867,0.4284774035628587,0.3329386670571708,0.2969880712168971,0.37663553789366233,0.04588242792982555,0.031159928407845428,0.06295325946824001,3.509207282435615e-05,0.82,0.011551562982425878,0.00013717596684159616,0.038664754167580986,0.002614123910062105,0.64,0.00017546036412178077,0.007842371730186315
RTO decoupled from degradation,R50,platt,50,0.11018376808099316,0.03136264512224194,4.917446226413794,4.392426309323864,5.55150401210841,4.850281132458733,4.49638173303989,5.290714375251071,4.933180136973128,4.57353994373949,5.159468907357024,-0.3029277947665321,-0.4309744161730933,-0.042376120921453264,0.03205348601661129,0.34,0.009714731355671802,-0.38656495552633174,0.4944775954553222,0.9771032283055696,0.52,0.16026743008305644,1.0
RTO decoupled from degradation,R50,covariate,50,0.11018376808099316,0.03136264512224194,0.4302902706413434,0.3570778030994006,0.5146153972536922,0.4233887869436188,0.3777238192869561,0.49833884052778643,0.47605990121542163,0.4302114685592997,0.5281714445091339,0.014712253871046244,0.0,0.04780386735843223,0.022926053982706595,0.58,0.06884526357842446,0.05565662644210789,0.09796478487996296,1.2288898243895119e-05,0.88,0.13755632389623956,9.831118595116095e-05
"RTO observed, lognormal error 0.25",R50,platt,50,0.41342153379279617,0.38914640389589794,3.6104480785341195,3.2849486463948523,4.035645051445054,3.9954467355363548,3.615943100766458,4.335990732981841,4.856138575779227,4.596468291521816,5.201170906828153,0.2427164925573777,0.04147492661792285,0.43193777535923894,0.012931948668784443,0.64,1.0271517538370745,0.7721759262351782,1.5646924586746234,4.792291008470784e-10,0.9,0.06465974334392222,3.8833736226706606e-09
"RTO observed, lognormal error 0.25",R50,covariate,50,0.41342153379279617,0.38914640389589794,0.4089470216113895,0.35957192491230217,0.4676194779711196,0.46149199934284013,0.41148329589004123,0.49268160575461906,0.3329386670571708,0.2969880712168971,0.37663553789366233,0.02054838472538023,0.008570448288239163,0.0462900536125872,0.0009852140865516433,0.7,-0.07769120325036738,-0.1007934998690132,-0.04408281859245733,9.915398697479816e-05,0.16,0.006896498605861503,0.0004957699348739908
"RTO observed, lognormal error 0.50",R50,platt,50,0.3200893265324647,0.3014221700257848,4.291885150004298,3.9452856679233577,4.6907860255083165,4.331412818238547,3.8569258714843926,4.538925887717824,4.856138575779227,4.596468291521816,5.201170906828153,0.017680629765685296,-0.144545264725096,0.27177714438123146,0.8258163298101913,0.52,0.6113259684969137,0.32624936489235523,1.0538748161030753,0.0003378810943459598,0.74,1.0,0.001689405471729799
"RTO observed, lognormal error 0.50",R50,covariate,50,0.3200893265324647,0.3014221700257848,0.6355590942891354,0.5019099477522531,0.7170381185209064,0.6570175128849982,0.5830104116746189,0.7505651373673002,0.3329386670571708,0.2969880712168971,0.37663553789366233,0.041050128350015314,0.016611736068000482,0.06183695730010186,0.00011155217629934766,0.72,-0.17555719649419643,-0.27915360664751177,-0.14857925072087141,3.489741828843762e-10,0.1,0.0010381446904439429,3.140767645959386e-09
reported generator,R33,platt,50,0.4601820403028657,0.40089725683276434,5.569004841410504,5.116763845592885,6.22439317913647,6.7331604301966905,6.220147232408479,7.131016279296254,7.531508196109229,6.984438386128758,8.153288127123599,0.9571503226787001,0.5240217254482928,1.337857947685123,1.616786704516926e-10,0.86,2.107809058239077,1.762244507304035,2.46668578044212,1.8989254613188677e-12,0.92,1.616786704516926e-09,1.3292478229232074e-11
reported generator,R33,covariate,50,0.4601820403028657,0.40089725683276434,0.9160738912249826,0.8139074685021654,1.1495919173554654,0.9618001870825097,0.7953644929747007,1.1380148343475902,1.0641965231795893,0.8459024183401063,1.2438344589594845,0.0,-0.16631271402119552,0.05169640434041867,0.31555382520750797,0.42,0.06460362367144512,-0.011721568775627134,0.15256291745287684,0.2306644556000963,0.6,0.31555382520750797,0.4613289112001926
RTO decoupled from degradation,R33,platt,50,0.13823467858227076,0.02813071033361584,7.72506973569876,7.416798126095678,8.1333239374164,7.609714784285551,6.954601432978684,8.042742663942825,7.493088284970817,6.866979217997454,8.001985372551779,-0.04336721344416361,-0.45397661019789837,0.2611072317172045,0.24513084584396871,0.46,0.018197385906589147,-0.402234375528721,0.3607256447129572,0.5655778099255286,0.52,0.7353925375319061,1.0
RTO decoupled from degradation,R33,covariate,50,0.13823467858227076,0.02813071033361584,1.349416479503052,1.2030806406563102,1.4258407564125792,1.164251887336043,0.9284954235049092,1.2908926847946987,1.1733909626463443,0.9717143102718779,1.3396735535480837,-0.10440440573553644,-0.21150543354893428,0.016706061699260033,0.010343292344266957,0.38,-0.1099354134659194,-0.27730483572422315,0.011767162968219225,0.017575449774248852,0.4,0.07240304640986871,0.10545269864549311
"RTO observed, lognormal error 0.25",R33,platt,50,0.3760216282434189,0.33241041332974874,6.089475300942283,5.626722789620629,6.406292222272238,6.862612302805015,6.251706072945126,7.364453871407903,7.531508196109229,6.984438386128758,8.153288127123599,0.5835563329105753,0.23231954887022255,0.9927773786338605,8.630484972549368e-05,0.72,1.294762679926336,0.9818895470173459,1.7038637697437764,4.3148595807451784e-10,0.88,0.0006904387978039495,3.8833736226706606e-09
"RTO observed, lognormal error 0.25",R33,covariate,50,0.3760216282434189,0.33241041332974874,1.1126329299550513,1.0144312717232675,1.286064433092708,1.1168698496119767,0.9914328368382115,1.1743378745999848,1.0641965231795893,0.8459024183401063,1.2438344589594845,0.0,-0.1347575247802837,0.007906940113915894,0.04597716041304822,0.4,-0.12773441175117028,-0.19947681105299608,-0.0203853940507841,0.012931948668784443,0.36,0.13793148123914464,0.0336015584315561
"RTO observed, lognormal error 0.50",R33,platt,50,0.2946478859434953,0.26634201985403805,6.644851228334396,6.208992292138298,7.306842859317814,6.647050931967215,6.312948421195678,7.1820953968926915,7.531508196109229,6.984438386128758,8.153288127123599,0.17078069034798204,-0.06928873657024326,0.31748070554817787,0.18444897927691706,0.58,0.855949967753098,0.31985024240510995,1.2090929404208026,0.00010381446904439429,0.72,1.0,0.00072670128331076
"RTO observed, lognormal error 0.50",R33,covariate,50,0.2946478859434953,0.26634201985403805,1.3889468580643936,1.2168265000539265,1.6461631667037473,1.3152559858880437,1.1151409493555917,1.4156880417139632,1.0641965231795893,0.8459024183401063,1.2438344589594845,-0.11737739743438524,-0.2754750637599912,0.0,0.0011528385898621875,0.3,-0.370328770418368,-0.4857504939079291,-0.26959049066436336,3.348859145546612e-08,0.16,0.008069870129035314,2.6790873164372897e-07
reported generator,R18,platt,50,0.4082752841562589,0.3365650995531674,7.360054408604029,7.0399469597213,8.059466866923835,8.668903835801169,8.355568437901425,9.074185732430301,9.418837040356674,9.217626945277932,9.793785698595215,1.0634443573825578,0.7552233284521215,1.4038588603737807,1.3149694666481082e-09,0.9,1.793641661668083,1.5169772103512429,2.313812049114766,6.590283874174929e-13,0.92,1.1834725199832974e-08,5.272227099339943e-12
reported generator,R18,covariate,50,0.4082752841562589,0.3365650995531674,2.8096260995806386,2.272791723099772,3.188698926059093,2.767637089526602,2.4841250036777325,3.6212377977462253,3.0292956423627935,2.7008509029055925,3.575095711939234,0.17425357692441423,0.016523196490460634,0.3148748736844311,0.020665866669398625,0.66,0.3799423703143283,0.07747040660074894,0.5482510144636734,0.00043263448054275955,0.7,0.061997600008195874,0.0017305379221710382
RTO decoupled from degradation,R18,platt,50,0.15380015363270655,0.03202841597229304,9.528452544423125,9.04347740555609,9.93312286107529,9.145998144322284,8.723133343971165,9.419663209875068,9.19407759472382,9.029716653655818,9.571271396402633,-0.20847505808958644,-0.5924779308788359,0.15827006331729265,0.10110987171644048,0.42,-0.07445900897666746,-0.49004643710679474,0.2918365664010878,0.2653376709882824,0.5,0.4044394868657619,1.0
RTO decoupled from degradation,R18,covariate,50,0.15380015363270655,0.03202841597229304,3.2297426431353102,2.733362375260519,3.5207151851369574,2.8863419256249934,2.705867444537466,3.360579000327258,2.9852946244299208,2.6664088144037232,3.544297639749484,-0.11972811692067253,-0.3862667761087213,0.13035079246813197,0.39349457563481494,0.42,-0.026542372423733696,-0.2609689628724041,0.2536035681387432,0.81837027658068,0.46,0.7353925375319061,1.0
"RTO observed, lognormal error 0.25",R18,platt,50,0.34126080087894206,0.2881253421121057,8.479475765755563,7.882368926252832,8.96883584804603,8.949899633282577,8.38735456201383,9.27180846517296,9.418837040356674,9.217626945277932,9.793785698595215,0.26941991628165596,0.0378383368917703,0.9549424662649599,0.0015962870115284744,0.66,1.2841745782510294,0.7838876246361153,1.7153903936822417,1.4895306321704993e-08,0.82,0.009577722069170846,1.0426714425193495e-07
"RTO observed, lognormal error 0.25",R18,covariate,50,0.34126080087894206,0.2881253421121057,2.8416756240341456,2.502584845088009,3.1272783549794347,2.809338458767755,2.613931492932501,3.3120858655000696,3.0292956423627935,2.7008509029055925,3.575095711939234,0.20340329157287584,-0.03817414143719411,0.3449638795036307,0.13549845162767582,0.62,0.30062472093666237,0.12869465724168094,0.4941430120171937,0.0007261627070427323,0.7,0.27099690325535164,0.0029046508281709293
"RTO observed, lognormal error 0.50",R18,platt,50,0.2560423707616113,0.23549392808258857,8.702717687624952,8.532743591439658,9.040286812994715,8.940518672979378,8.39783463541346,9.409391779904142,9.418837040356674,9.217626945277932,9.793785698595215,0.1248055098178611,-0.16569065029179342,0.5310954978966045,0.21866240175859453,0.54,0.7729029940091081,0.19625985102608468,1.2023788996594753,0.0002308749851795966,0.68,1.0,0.0013852499110775796
"RTO observed, lognormal error 0.50",R18,covariate,50,0.2560423707616113,0.23549392808258857,3.133156843163043,2.8063207273621913,3.6659612395724466,3.003482192307281,2.7505901537355726,3.390087986033734,3.0292956423627935,2.7008509029055925,3.575095711939234,-0.13908380834315892,-0.23801003732828718,0.10112682046602117,0.3622430237473182,0.42,-0.017549781905348283,-0.3042126464643573,0.1908196074249915,0.6390094850461736,0.5,1.0,0.6390094850461736
reported generator,R05,platt,50,0.2464871382559487,0.2909729163933225,4.242890339906136,3.7411443758390464,4.995760131036126,4.820327235243398,4.1669884898131855,5.513373475859096,5.161911872581269,4.270346832806165,5.82236510415326,0.5577503680021048,0.31075500454063487,0.9850466593632312,1.8759072675678112e-05,0.74,0.8868120778028552,0.4659391948775333,1.1806758963008774,8.403119267086367e-08,0.78,0.00011255443605406867,5.04187156025182e-07
reported generator,R05,covariate,50,0.2464871382559487,0.2909729163933225,1.840831106851311,1.4818234455104768,2.139631286794467,1.8677568187549187,1.3543881362299421,2.0224574910884963,1.8981921180233559,1.3277164415571092,2.2259492586258403,-0.1249678187722969,-0.4258596780337607,0.05408101111780585,0.10525460779046192,0.38,-0.13741504929188242,-0.38663150288254666,0.15032864264092183,0.47831983611594175,0.44,0.21050921558092384,0.47831983611594175
RTO decoupled from degradation,R05,platt,50,0.07275599817250056,0.020547159085871066,5.5899874693903815,4.925670708046246,6.061019161746724,4.988062065875189,4.366255754029342,5.6340060796176745,4.961543505391125,4.136576780528657,5.626905738139932,-0.508078454563865,-0.7273089556726066,-0.164821590314554,0.001715436079566146,0.32,-0.4844758804869018,-0.7662262296135474,-0.13651556191698333,0.001539555129280501,0.32,0.015438924716095315,0.010776885904963507
RTO decoupled from degradation,R05,covariate,50,0.07275599817250056,0.020547159085871066,2.5081131180689167,2.2819735600492432,2.958453242438076,1.8302672835682274,1.44418062474911,1.9663173430073326,1.8302672835682274,1.288652303697698,2.158885407969041,-0.8552081415175392,-1.0177166713958632,-0.54290574141565,3.6770586575585185e-13,0.04,-0.8872831870081841,-1.12583291398354,-0.5788067636274192,6.616929226765933e-12,0.12,3.6770586575585185e-12,6.616929226765933e-11
"RTO observed, lognormal error 0.25",R05,platt,50,0.2073507626114452,0.25849971599944177,4.95892930133189,4.108718100330979,5.3870498926343755,4.9928200778054,4.042740776313773,5.564031988438387,5.161911872581269,4.270346832806165,5.82236510415326,0.1314638071777554,-0.22517854077372945,0.4617106842959475,0.1781010477908609,0.54,0.15706559320079094,-0.05982255387261759,0.6200886811802153,0.011200519477185367,0.62,0.27099690325535164,0.0336015584315561
"RTO observed, lognormal error 0.25",R05,covariate,50,0.2073507626114452,0.25849971599944177,1.9182621517576375,1.6522442667878856,2.3762051147245193,1.8386192143847488,1.3282795414120478,1.9665418308400282,1.8981921180233559,1.3277164415571092,2.2259492586258403,-0.33777248058730835,-0.601997043848551,0.10375374927767389,0.020120643634562896,0.38,-0.17778091570618404,-0.5106872301459416,0.15036790511815123,0.16001685587048975,0.38,0.08048257453825158,0.16001685587048975
"RTO observed, lognormal error 0.50",R05,platt,50,0.18026436139724006,0.20112549410567748,4.933925910325611,4.2214307717921535,5.3986063823985635,4.821512436918838,4.094986197945811,5.558779639487011,5.161911872581269,4.270346832806165,5.82236510415326,-0.0901458512253992,-0.44557357395788966,0.15219926551647145,0.7920856095651607,0.46,0.0645556024820344,-0.12454700790045337,0.5033973497934063,0.23352895058251377,0.52,1.0,0.46705790116502754
"RTO observed, lognormal error 0.50",R05,covariate,50,0.18026436139724006,0.20112549410567748,2.1300979188493696,1.9856620620689167,2.41982958332653,1.8323565888360216,1.2748132356600457,1.9924131764991913,1.8981921180233559,1.3277164415571092,2.2259492586258403,-0.4331653927842596,-0.5014693065324156,-0.1259493514016663,0.00010381446904439429,0.28,-0.43554751000146696,-0.7250155736928843,-0.028618182357242894,0.001654895925714328,0.36,0.0010381446904439429,0.006619583702857312
