resource_model,sigma_obs,policy,n_seeds,regret_median,regret_ci_low,regret_ci_high
shared,0.05,inspect_top30_consequence,50,17.354554775013668,17.22520526574121,17.6795801735785
shared,0.05,inspect_top60_consequence,50,30.882007251264668,30.70321885754356,31.045893656954718
shared,0.05,inspect_top30_consequence_no_graph,50,17.66593085409866,17.411533171944313,18.173406063487334
shared,0.05,inspect_top60_consequence_no_graph,50,31.078814175537786,30.76994895471813,31.265010586152357
shared,0.05,inspect_top30_uncertainty_x_consequence,50,18.450209082011753,18.09026266269433,19.09647838431448
shared,0.05,inspect_top60_uncertainty_x_consequence,50,31.545823943550914,31.342637547974192,31.66518640219857
shared,0.05,inspect_top30_uncertainty_x_graph_consequence,50,18.198060588157915,17.929789347715598,18.444074944587385
shared,0.05,inspect_top60_uncertainty_x_graph_consequence,50,31.395719276442406,31.201112765166386,31.603669240704335
shared,0.05,inspect_random60,50,31.93061731408173,31.67569015757001,32.18338332347179
shared,0.2,inspect_top30_consequence,50,17.905298404620083,17.611916825533683,18.169455945773763
shared,0.2,inspect_top60_consequence,50,31.084655370006175,30.938266191899828,31.2889122084959
shared,0.2,inspect_top30_consequence_no_graph,50,18.022679611867943,17.723872475039997,18.495705025134125
shared,0.2,inspect_top60_consequence_no_graph,50,31.170597595610474,30.987757935846673,31.54437406214734
shared,0.2,inspect_top30_uncertainty_x_consequence,50,18.670874519961274,18.254352732746327,19.07046573335566
shared,0.2,inspect_top60_uncertainty_x_consequence,50,31.788313194165028,31.534460967379633,32.028469621652846
shared,0.2,inspect_top30_uncertainty_x_graph_consequence,50,18.3101944954729,18.081988722626875,18.587201796503507
shared,0.2,inspect_top60_uncertainty_x_graph_consequence,50,31.47725835012608,31.32574702434701,31.802050922709753
shared,0.2,inspect_random60,50,32.00935070553726,31.773315503520017,32.3469072491026
budget_only,0.05,inspect_top30_consequence,50,4.5984706628415495,4.287068720548973,5.041185754423793
budget_only,0.05,inspect_top60_consequence,50,4.69524404158301,4.326133202050365,4.961068542699962
budget_only,0.05,inspect_top30_consequence_no_graph,50,4.7135636516625254,4.371973705311831,5.119263701691466
budget_only,0.05,inspect_top60_consequence_no_graph,50,4.954782599192612,4.533693842506352,5.173528849084505
budget_only,0.05,inspect_top30_uncertainty_x_consequence,50,5.383061464541811,5.091818430933286,5.7138849096207815
budget_only,0.05,inspect_top60_uncertainty_x_consequence,50,5.74170216434905,5.260520249871519,6.14975548952043
budget_only,0.05,inspect_top30_uncertainty_x_graph_consequence,50,4.99473891848703,4.640451068490223,5.447806709086393
budget_only,0.05,inspect_top60_uncertainty_x_graph_consequence,50,5.190402679832232,4.945930345697349,5.562048728159795
budget_only,0.05,inspect_random60,50,5.2917483564290535,4.6456419373416225,5.887680279640563
budget_only,0.2,inspect_top30_consequence,50,4.828600978904717,4.505510233103308,5.361548446164363
budget_only,0.2,inspect_top60_consequence,50,4.765097159194482,4.457487730941182,5.066055120986448
budget_only,0.2,inspect_top30_consequence_no_graph,50,5.1313879299327425,4.6260919951026835,5.487187596197543
budget_only,0.2,inspect_top60_consequence_no_graph,50,5.137905144267563,4.748991706666061,5.3449358340521655
budget_only,0.2,inspect_top30_uncertainty_x_consequence,50,5.5163085188675325,5.204326900082918,5.922012247772102
budget_only,0.2,inspect_top60_uncertainty_x_consequence,50,5.910842038676833,5.4317458796015785,6.39749677686018
budget_only,0.2,inspect_top30_uncertainty_x_graph_consequence,50,5.184136742604807,4.9416870851046895,5.541443988707869
budget_only,0.2,inspect_top60_uncertainty_x_graph_consequence,50,5.378526743776462,5.081750986338335,5.781983336336225
budget_only,0.2,inspect_random60,50,5.453403273752116,4.8764258278336285,6.053115681098444
dedicated,0.05,inspect_top30_consequence,50,4.5984706628415495,4.287068720548973,5.041185754423793
dedicated,0.05,inspect_top60_consequence,50,4.69524404158301,4.326133202050365,4.961068542699962
dedicated,0.05,inspect_top30_consequence_no_graph,50,4.7135636516625254,4.371973705311831,5.119263701691466
dedicated,0.05,inspect_top60_consequence_no_graph,50,4.954782599192612,4.533693842506352,5.173528849084505
dedicated,0.05,inspect_top30_uncertainty_x_consequence,50,5.383061464541811,5.091818430933286,5.7138849096207815
dedicated,0.05,inspect_top60_uncertainty_x_consequence,50,5.74170216434905,5.260520249871519,6.14975548952043
dedicated,0.05,inspect_top30_uncertainty_x_graph_consequence,50,4.99473891848703,4.640451068490223,5.447806709086393
dedicated,0.05,inspect_top60_uncertainty_x_graph_consequence,50,5.190402679832232,4.945930345697349,5.562048728159795
dedicated,0.05,inspect_random60,50,5.2917483564290535,4.6456419373416225,5.887680279640563
dedicated,0.2,inspect_top30_consequence,50,4.828600978904717,4.505510233103308,5.361548446164363
dedicated,0.2,inspect_top60_consequence,50,4.765097159194482,4.457487730941182,5.066055120986448
dedicated,0.2,inspect_top30_consequence_no_graph,50,5.1313879299327425,4.6260919951026835,5.487187596197543
dedicated,0.2,inspect_top60_consequence_no_graph,50,5.137905144267563,4.748991706666061,5.3449358340521655
dedicated,0.2,inspect_top30_uncertainty_x_consequence,50,5.5163085188675325,5.204326900082918,5.922012247772102
dedicated,0.2,inspect_top60_uncertainty_x_consequence,50,5.910842038676833,5.4317458796015785,6.39749677686018
dedicated,0.2,inspect_top30_uncertainty_x_graph_consequence,50,5.184136742604807,4.9416870851046895,5.541443988707869
dedicated,0.2,inspect_top60_uncertainty_x_graph_consequence,50,5.378526743776462,5.081750986338335,5.781983336336225
dedicated,0.2,inspect_random60,50,5.453403273752116,4.8764258278336285,6.053115681098444
