seed,spearman_U_abs_error,spearman_U_signed_error,spearman_X_abs_error,spearman_U_X
42,-0.47217546407184274,0.43956010172330323,-0.5597878840899541,0.112592844019808
43,-0.5079262321083855,0.47790114563038233,-0.5095672528495614,0.16850163282039404
44,-0.5002147328036272,0.4344287424880738,-0.5930971245401886,0.2039234807197228
45,-0.4732284554802137,0.5099185428000679,-0.49336257554150353,0.0585326275251128
46,-0.5742538783280641,0.4909658165432055,-0.5104116951453518,0.14129963824107547
47,-0.5110838127846703,0.4130778121072546,-0.5113715066656563,0.11763243166659344
48,-0.5107412692198645,0.5046336134089895,-0.533679976034269,0.1828092475453541
49,-0.5457194448639543,0.40975571914143466,-0.4787255694370386,0.12766660595375406
50,-0.48164231082419695,0.48430654909685683,-0.5157162717565087,0.15230062016758056
51,-0.5857668800720698,0.505603521777174,-0.4703566411872812,0.1252676201361578
52,-0.5451403257103842,0.35876756098376616,-0.5156597243969888,0.21599892941738819
53,-0.544362537488687,0.5133769418960028,-0.5041939337154646,0.13739488105248257
54,-0.6254159428953243,0.34744287848245786,-0.5618972937249976,0.2396873843505319
55,-0.4858107511474299,0.3981668238154126,-0.46867078720440414,0.1933673412978618
56,-0.535496072813277,0.3389129751093369,-0.5499375005569263,0.23048883572397313
57,-0.5082155370960914,0.5016440172973177,-0.5357197035718779,0.05780090865124856
58,-0.4598136907241147,0.5018276321770487,-0.5562742709399038,0.13227205851825274
59,-0.5164846828320869,0.38676281205981344,-0.5533984617576331,0.23717729702167015
60,-0.4243404194042642,0.39781401618076756,-0.5167792371879424,0.11541565180654097
61,-0.6231520176610711,0.4554757314765884,-0.5502612771486826,0.22180376081456968
62,-0.5169463633600038,0.49267795037291046,-0.5289729318732523,0.10854840376009511
63,-0.5676150453888673,0.38408895786151875,-0.5760845892613943,0.2423887937977133
64,-0.4618451193994472,0.42328622971697016,-0.5017185313838168,0.09495437987975584
65,-0.5058226167244353,0.4668011605805315,-0.5786884065265947,0.17707558454887434
66,-0.6082871076324264,0.47480899280782557,-0.4989628572735999,0.15868952080295873
67,-0.5999376366425808,0.4049789845952014,-0.5140834364542805,0.1181815196986881
68,-0.41804781288569853,0.5171286162071016,-0.41886770965137465,-0.0014989758364813402
69,-0.6036467204926559,0.44948882175065663,-0.5957039627799291,0.27911453121628205
70,-0.47837132269061433,0.3824210320793676,-0.6003028357184618,0.18248478657485767
71,-0.5357907990284316,0.39196304080529304,-0.5976439673954549,0.20794763625104148
72,-0.5856377204404113,0.49760643951836697,-0.5222606992650751,0.14698142741524156
73,-0.4368045049604898,0.4483295525352509,-0.5579534383547787,0.11815417503843523
74,-0.5351342117332807,0.39817310192154987,-0.514579024292456,0.18160881674560456
75,-0.5194489522809711,0.47671091098145724,-0.4919059948997483,0.11750165714854374
76,-0.46822956224546664,0.4787104538117405,-0.49890902915406476,0.12784948298556578
77,-0.5506809193052602,0.3662650139776693,-0.5687543857287471,0.27029256495726145
78,-0.488120857258991,0.39293772689077494,-0.4961837473611365,0.20491541518055498
79,-0.528361559358888,0.45391726200339616,-0.47871447008662993,0.1659923078556556
80,-0.4238857446398929,0.37306528833836944,-0.41123935634991887,0.07873369017265987
81,-0.528190429601902,0.4122097399119488,-0.5416949322258999,0.1293858322752048
82,-0.5596025127496296,0.4382878957523232,-0.490310605669875,0.18326303424980597
83,-0.5666772016148555,0.5525909603354505,-0.50911225801595,0.12274541533884936
84,-0.49408448927862125,0.4570145531887653,-0.5123492311692169,0.15210477180498586
85,-0.6068421090782649,0.4032558644038279,-0.5341717853100506,0.23294403584147957
86,-0.5694236136694214,0.4100093215069208,-0.5888340227391908,0.1980591695749084
87,-0.538452215971747,0.47134239702938024,-0.4771882806052403,0.1423745122414263
88,-0.46349782119634797,0.3904984209336283,-0.5258477722152007,0.19267030336810076
89,-0.43189410683979673,0.43192567343143834,-0.5197401160627853,0.1042627822200406
90,-0.5057037469292793,0.44806638775827573,-0.5117306409554785,0.1403767607924177
91,-0.5170756308433402,0.531872170466506,-0.5521920613728786,0.10241732549220604
