resource_model,sigma_obs,contrast,rule,compared_with,regret_rule_median,regret_compared_median,effect_rule_minus_compared,effect_ci_low,effect_ci_high,p_value,rule_better_fraction,holm_p
shared,0.05,"epistemic factor, consequence without graph terms",inspect_top30_uncertainty_x_consequence,inspect_top30_consequence_no_graph,18.450209082011753,17.66593085409866,0.7546013722871123,0.28307065940461484,0.9918087295872056,2.0810681753857807e-05,0.3,0.00010405340876928904
shared,0.05,"epistemic factor, consequence without graph terms",inspect_top60_uncertainty_x_consequence,inspect_top60_consequence_no_graph,31.545823943550914,31.078814175537786,0.46700128389403517,0.34871644111916567,0.8078643639988172,2.82830745792495e-05,0.2,0.000113132298316998
shared,0.05,"epistemic factor, graph-augmented consequence",inspect_top30_uncertainty_x_graph_consequence,inspect_top30_consequence,18.198060588157915,17.354554775013668,0.6142948378820563,0.32419525306318064,1.165632381290095,2.8338981969966426e-06,0.28,1.7003389181979855e-05
shared,0.05,"epistemic factor, graph-augmented consequence",inspect_top60_uncertainty_x_graph_consequence,inspect_top60_consequence,31.395719276442406,30.882007251264668,0.49575375130143584,0.30193505564301404,0.5734714592912837,1.1727507853720454e-11,0.08,9.382006282976363e-11
shared,0.05,graph augmentation of the consequence,inspect_top30_consequence,inspect_top30_consequence_no_graph,17.354554775013668,17.66593085409866,-0.39045973148816415,-0.5532572858141349,-0.10183037712619125,0.0001778852638985029,0.72,0.0005336557916955087
shared,0.05,graph augmentation of the consequence,inspect_top60_consequence,inspect_top60_consequence_no_graph,30.882007251264668,31.078814175537786,-0.04534695606241712,-0.26480892243824883,0.006630253547911025,0.0054056035788701,0.6,0.0108112071577402
shared,0.05,targeting against random selection,inspect_top60_consequence,inspect_random60,30.882007251264668,31.93061731408173,-0.9930782102844091,-1.2130885348269218,-0.8244601346960962,1.7763568394002505e-15,1.0,1.7763568394002505e-14
shared,0.05,targeting against random selection,inspect_top60_consequence_no_graph,inspect_random60,31.078814175537786,31.93061731408173,-0.8487827936685903,-1.1140255181959446,-0.5869910081121361,3.6148861681795097e-12,0.96,3.253397551361559e-11
shared,0.05,targeting against random selection,inspect_top60_uncertainty_x_consequence,inspect_random60,31.545823943550914,31.93061731408173,-0.4798130038655586,-0.686472322411385,-0.053864231966372245,0.006730459669450184,0.66,0.0108112071577402
shared,0.05,targeting against random selection,inspect_top60_uncertainty_x_graph_consequence,inspect_random60,31.395719276442406,31.93061731408173,-0.5955511549554728,-0.8566872914083739,-0.2394452506229925,2.2310435863204248e-06,0.8,1.5617305104242973e-05
shared,0.2,"epistemic factor, consequence without graph terms",inspect_top30_uncertainty_x_consequence,inspect_top30_consequence_no_graph,18.670874519961274,18.022679611867943,0.4179991546322981,0.07673115553885114,0.6931547517023944,0.003913313547160513,0.34,0.012821682601398265
shared,0.2,"epistemic factor, consequence without graph terms",inspect_top60_uncertainty_x_consequence,inspect_top60_consequence_no_graph,31.788313194165028,31.170597595610474,0.4331908418237731,0.14812827899527292,0.8295116958446442,0.0001302957841744501,0.28,0.0007817747050467005
shared,0.2,"epistemic factor, graph-augmented consequence",inspect_top30_uncertainty_x_graph_consequence,inspect_top30_consequence,18.3101944954729,17.905298404620083,0.34944348660096125,0.0306006449296774,0.5430754074834283,0.02420949942225903,0.34,0.04841899884451806
shared,0.2,"epistemic factor, graph-augmented consequence",inspect_top60_uncertainty_x_graph_consequence,inspect_top60_consequence,31.47725835012608,31.084655370006175,0.38155041088788266,0.24810760652781028,0.5789851956951073,8.855280952957401e-10,0.14,7.0842247623659205e-09
shared,0.2,graph augmentation of the consequence,inspect_top30_consequence,inspect_top30_consequence_no_graph,17.905298404620083,18.022679611867943,-0.2528732399551359,-0.4137094200792433,-0.07920442531326444,0.0032054206503495664,0.68,0.012821682601398265
shared,0.2,graph augmentation of the consequence,inspect_top60_consequence,inspect_top60_consequence_no_graph,31.084655370006175,31.170597595610474,-0.15607584026653853,-0.2910891374463631,0.008837369868246014,0.0021224348550905603,0.6,0.010612174275452801
shared,0.2,targeting against random selection,inspect_top60_consequence,inspect_random60,31.084655370006175,32.00935070553726,-0.9869404425271,-1.218788843022517,-0.7701957024591372,1.5631940186722204e-13,0.94,1.5631940186722204e-12
shared,0.2,targeting against random selection,inspect_top60_consequence_no_graph,inspect_random60,31.170597595610474,32.00935070553726,-0.7557981090113515,-0.9685765814849958,-0.42729536508414867,2.0232171493717033e-10,0.88,1.820895434434533e-09
shared,0.2,targeting against random selection,inspect_top60_uncertainty_x_consequence,inspect_random60,31.788313194165028,32.00935070553726,-0.3388029615121013,-0.5822197797069593,0.06569973691460973,0.06780369678404519,0.58,0.06780369678404519
shared,0.2,targeting against random selection,inspect_top60_uncertainty_x_graph_consequence,inspect_random60,31.47725835012608,32.00935070553726,-0.5672902178809522,-0.7267686155560682,-0.2404539611516725,9.372738659862989e-06,0.78,6.560917061904092e-05
budget_only,0.05,"epistemic factor, consequence without graph terms",inspect_top30_uncertainty_x_consequence,inspect_top30_consequence_no_graph,5.383061464541811,4.7135636516625254,0.5476762025593587,0.2574412052886714,1.1419447666546034,5.121092026350027e-05,0.22,0.0005121092026350027
budget_only,0.05,"epistemic factor, consequence without graph terms",inspect_top60_uncertainty_x_consequence,inspect_top60_consequence_no_graph,5.74170216434905,4.954782599192612,0.581287849129069,0.03540142646050981,1.449917977106575,0.0013303578723942167,0.34,0.01197322085154795
budget_only,0.05,"epistemic factor, graph-augmented consequence",inspect_top30_uncertainty_x_graph_consequence,inspect_top30_consequence,4.99473891848703,4.5984706628415495,0.385891955422494,-0.020075033169490553,0.6754570146868559,0.05935623218713815,0.4,0.29678116093569074
budget_only,0.05,"epistemic factor, graph-augmented consequence",inspect_top60_uncertainty_x_graph_consequence,inspect_top60_consequence,5.190402679832232,4.69524404158301,0.5391020388592551,0.15426013313191334,0.9122168480866835,0.026848578410895385,0.32,0.1610914704653723
budget_only,0.05,graph augmentation of the consequence,inspect_top30_consequence,inspect_top30_consequence_no_graph,4.5984706628415495,4.7135636516625254,-0.04006439707583809,-0.5751470682296826,0.3080050589746861,0.652772195247282,0.5,1.0
budget_only,0.05,graph augmentation of the consequence,inspect_top60_consequence,inspect_top60_consequence_no_graph,4.69524404158301,4.954782599192612,-0.19381294692630036,-0.4241823038060488,0.27055375595750775,0.7448958960780061,0.54,1.0
budget_only,0.05,targeting against random selection,inspect_top60_consequence,inspect_random60,4.69524404158301,5.2917483564290535,-0.5863436950306209,-1.2192787590320222,-0.23919463025711707,0.011529687649083797,0.72,0.09223750119267038
budget_only,0.05,targeting against random selection,inspect_top60_consequence_no_graph,inspect_random60,4.954782599192612,5.2917483564290535,-0.4623276255450435,-0.934712698095467,-0.11689385284287823,0.016637745581261854,0.7,0.11646421906883297
budget_only,0.05,targeting against random selection,inspect_top60_uncertainty_x_consequence,inspect_random60,5.74170216434905,5.2917483564290535,0.4490905926250264,-0.38317133838154405,0.8045183552524122,0.21148488261323095,0.4,0.8459395304529238
budget_only,0.05,targeting against random selection,inspect_top60_uncertainty_x_graph_consequence,inspect_random60,5.190402679832232,5.2917483564290535,-0.23177998646991682,-0.5656553467323135,0.29933552918032547,0.6051405400941228,0.56,1.0
budget_only,0.2,"epistemic factor, consequence without graph terms",inspect_top30_uncertainty_x_consequence,inspect_top30_consequence_no_graph,5.5163085188675325,5.1313879299327425,0.2841797103035617,-0.02626830533401403,0.7009912341588529,0.01806109651468013,0.38,0.10836657908808078
budget_only,0.2,"epistemic factor, consequence without graph terms",inspect_top60_uncertainty_x_consequence,inspect_top60_consequence_no_graph,5.910842038676833,5.137905144267563,0.5001108839338713,0.11838984593947544,1.595274321174628,0.0014846473444478647,0.34,0.014846473444478647
budget_only,0.2,"epistemic factor, graph-augmented consequence",inspect_top30_uncertainty_x_graph_consequence,inspect_top30_consequence,5.184136742604807,4.828600978904717,0.2483951152922259,-0.16983229205971767,0.6028501107245177,0.1976349682926415,0.44,0.9881748414632074
budget_only,0.2,"epistemic factor, graph-augmented consequence",inspect_top60_uncertainty_x_graph_consequence,inspect_top60_consequence,5.378526743776462,4.765097159194482,0.5071325578988422,0.3313944157302444,1.0687221767825767,0.011200519477185367,0.28,0.08960415581748293
budget_only,0.2,graph augmentation of the consequence,inspect_top30_consequence,inspect_top30_consequence_no_graph,4.828600978904717,5.1313879299327425,-0.07781528631096535,-0.5402316126604205,0.26526639766257176,0.22974800885474522,0.52,0.9881748414632074
budget_only,0.2,graph augmentation of the consequence,inspect_top60_consequence,inspect_top60_consequence_no_graph,4.765097159194482,5.137905144267563,-0.1740063013545523,-0.46980684959963376,0.2316570597996633,0.38817752503383396,0.56,0.9881748414632074
budget_only,0.2,targeting against random selection,inspect_top60_consequence,inspect_random60,4.765097159194482,5.453403273752116,-0.7577972518789124,-1.318739279789554,-0.2474230029540081,0.004043947968749961,0.7,0.03639553171874965
budget_only,0.2,targeting against random selection,inspect_top60_consequence_no_graph,inspect_random60,5.137905144267563,5.453403273752116,-0.4722935772702499,-0.9025098128421405,-0.13222047113498547,0.014890897756602683,0.7,0.10423628429621878
budget_only,0.2,targeting against random selection,inspect_top60_uncertainty_x_consequence,inspect_random60,5.910842038676833,5.453403273752116,0.47157165240605536,-0.44971384215625676,0.8731079308568701,0.2653376709882824,0.44,0.9881748414632074
budget_only,0.2,targeting against random selection,inspect_top60_uncertainty_x_graph_consequence,inspect_random60,5.378526743776462,5.453403273752116,-0.13893112558423582,-0.6616412561745619,0.3740927023807785,0.766732668436843,0.54,0.9881748414632074
dedicated,0.05,"epistemic factor, consequence without graph terms",inspect_top30_uncertainty_x_consequence,inspect_top30_consequence_no_graph,5.383061464541811,4.7135636516625254,0.5476762025593587,0.2574412052886714,1.1419447666546034,5.121092026350027e-05,0.22,0.0005121092026350027
dedicated,0.05,"epistemic factor, consequence without graph terms",inspect_top60_uncertainty_x_consequence,inspect_top60_consequence_no_graph,5.74170216434905,4.954782599192612,0.581287849129069,0.03540142646050981,1.449917977106575,0.0013303578723942167,0.34,0.01197322085154795
dedicated,0.05,"epistemic factor, graph-augmented consequence",inspect_top30_uncertainty_x_graph_consequence,inspect_top30_consequence,4.99473891848703,4.5984706628415495,0.385891955422494,-0.020075033169490553,0.6754570146868559,0.05935623218713815,0.4,0.29678116093569074
dedicated,0.05,"epistemic factor, graph-augmented consequence",inspect_top60_uncertainty_x_graph_consequence,inspect_top60_consequence,5.190402679832232,4.69524404158301,0.5391020388592551,0.15426013313191334,0.9122168480866835,0.026848578410895385,0.32,0.1610914704653723
dedicated,0.05,graph augmentation of the consequence,inspect_top30_consequence,inspect_top30_consequence_no_graph,4.5984706628415495,4.7135636516625254,-0.04006439707583809,-0.5751470682296826,0.3080050589746861,0.652772195247282,0.5,1.0
dedicated,0.05,graph augmentation of the consequence,inspect_top60_consequence,inspect_top60_consequence_no_graph,4.69524404158301,4.954782599192612,-0.19381294692630036,-0.4241823038060488,0.27055375595750775,0.7448958960780061,0.54,1.0
dedicated,0.05,targeting against random selection,inspect_top60_consequence,inspect_random60,4.69524404158301,5.2917483564290535,-0.5863436950306209,-1.2192787590320222,-0.23919463025711707,0.011529687649083797,0.72,0.09223750119267038
dedicated,0.05,targeting against random selection,inspect_top60_consequence_no_graph,inspect_random60,4.954782599192612,5.2917483564290535,-0.4623276255450435,-0.934712698095467,-0.11689385284287823,0.016637745581261854,0.7,0.11646421906883297
dedicated,0.05,targeting against random selection,inspect_top60_uncertainty_x_consequence,inspect_random60,5.74170216434905,5.2917483564290535,0.4490905926250264,-0.38317133838154405,0.8045183552524122,0.21148488261323095,0.4,0.8459395304529238
dedicated,0.05,targeting against random selection,inspect_top60_uncertainty_x_graph_consequence,inspect_random60,5.190402679832232,5.2917483564290535,-0.23177998646991682,-0.5656553467323135,0.29933552918032547,0.6051405400941228,0.56,1.0
dedicated,0.2,"epistemic factor, consequence without graph terms",inspect_top30_uncertainty_x_consequence,inspect_top30_consequence_no_graph,5.5163085188675325,5.1313879299327425,0.2841797103035617,-0.02626830533401403,0.7009912341588529,0.01806109651468013,0.38,0.10836657908808078
dedicated,0.2,"epistemic factor, consequence without graph terms",inspect_top60_uncertainty_x_consequence,inspect_top60_consequence_no_graph,5.910842038676833,5.137905144267563,0.5001108839338713,0.11838984593947544,1.595274321174628,0.0014846473444478647,0.34,0.014846473444478647
dedicated,0.2,"epistemic factor, graph-augmented consequence",inspect_top30_uncertainty_x_graph_consequence,inspect_top30_consequence,5.184136742604807,4.828600978904717,0.2483951152922259,-0.16983229205971767,0.6028501107245177,0.1976349682926415,0.44,0.9881748414632074
dedicated,0.2,"epistemic factor, graph-augmented consequence",inspect_top60_uncertainty_x_graph_consequence,inspect_top60_consequence,5.378526743776462,4.765097159194482,0.5071325578988422,0.3313944157302444,1.0687221767825767,0.011200519477185367,0.28,0.08960415581748293
dedicated,0.2,graph augmentation of the consequence,inspect_top30_consequence,inspect_top30_consequence_no_graph,4.828600978904717,5.1313879299327425,-0.07781528631096535,-0.5402316126604205,0.26526639766257176,0.22974800885474522,0.52,0.9881748414632074
dedicated,0.2,graph augmentation of the consequence,inspect_top60_consequence,inspect_top60_consequence_no_graph,4.765097159194482,5.137905144267563,-0.1740063013545523,-0.46980684959963376,0.2316570597996633,0.38817752503383396,0.56,0.9881748414632074
dedicated,0.2,targeting against random selection,inspect_top60_consequence,inspect_random60,4.765097159194482,5.453403273752116,-0.7577972518789124,-1.318739279789554,-0.2474230029540081,0.004043947968749961,0.7,0.03639553171874965
dedicated,0.2,targeting against random selection,inspect_top60_consequence_no_graph,inspect_random60,5.137905144267563,5.453403273752116,-0.4722935772702499,-0.9025098128421405,-0.13222047113498547,0.014890897756602683,0.7,0.10423628429621878
dedicated,0.2,targeting against random selection,inspect_top60_uncertainty_x_consequence,inspect_random60,5.910842038676833,5.453403273752116,0.47157165240605536,-0.44971384215625676,0.8731079308568701,0.2653376709882824,0.44,0.9881748414632074
dedicated,0.2,targeting against random selection,inspect_top60_uncertainty_x_graph_consequence,inspect_random60,5.378526743776462,5.453403273752116,-0.13893112558423582,-0.6616412561745619,0.3740927023807785,0.766732668436843,0.54,0.9881748414632074
